timestamp,cpu_avg,rps,mem_avg,lat_p95,err_rate,phi1,phi2,phi3
1527379200,0.3609,41.8,0.4346,95.8,0.00125,0.3294,0.3967,0.2738
1527379500,0.3576,39.6,0.4352,81.1,0.00156,0.3272,0.3982,0.2745
1527379800,0.3746,43.2,0.4381,94.3,0.00159,0.3367,0.3937,0.2696
1527380100,0.3243,42.3,0.4407,83.5,0.00241,0.3045,0.4138,0.2817
1527380400,0.319,36.6,0.4419,83.4,0.00182,0.3007,0.4165,0.2828
1527380700,0.4297,44.4,0.4423,81.1,0.0013,0.3666,0.3774,0.256
1527381000,0.3693,45.6,0.4414,73.7,0.00164,0.3325,0.3974,0.2701
1527381300,0.3427,41.3,0.4402,82.9,0.00175,0.3165,0.4065,0.277
1527381600,0.3896,40.9,0.4421,90.4,0.00133,0.3443,0.3907,0.2651
1527381900,0.4465,47.9,0.4394,87.9,0.0023,0.3765,0.3705,0.253
1527382200,0.3858,40.6,0.4367,82.0,0.00272,0.3437,0.389,0.2673
1527382500,0.406,42.0,0.4358,94.0,0.00249,0.3556,0.3817,0.2627
1527382800,0.3739,41.9,0.4369,90.8,0.00145,0.3366,0.3933,0.2701
1527383100,0.395,36.9,0.423,88.7,0.00122,0.3533,0.3784,0.2683
1527383400,0.3925,37.3,0.4219,93.9,0.0012,0.3522,0.3786,0.2692
1527383700,0.3716,39.3,0.4105,80.1,0.00176,0.3434,0.3794,0.2772
1527384000,0.3347,35.4,0.4115,81.3,0.00276,0.3199,0.3933,0.2868
1527384300,0.4121,44.8,0.4108,101.1,0.00157,0.367,0.3658,0.2672
1527384600,0.377,38.7,0.4124,88.1,0.00212,0.3461,0.3786,0.2754
1527384900,0.3436,34.8,0.4096,85.1,0.00255,0.3262,0.3889,0.2848
1527385200,0.3462,43.6,0.4043,98.5,0.00279,0.3296,0.3849,0.2856
1527385500,0.3815,41.0,0.3998,79.8,0.00201,0.3528,0.3697,0.2774
1527385800,0.3474,39.5,0.3986,89.5,0.00125,0.3321,0.3811,0.2868
1527386100,0.366,36.3,0.403,96.6,0.00256,0.3424,0.377,0.2806
1527386400,0.338,37.0,0.4026,81.9,0.00211,0.3248,0.3869,0.2883
1527386700,0.3464,39.6,0.4059,89.8,0.00186,0.3292,0.3857,0.2851
1527387000,0.3371,35.1,0.405,77.8,0.00157,0.3235,0.3886,0.2879
1527387300,0.3178,38.4,0.4044,77.7,0.00228,0.3109,0.3956,0.2935
1527387600,0.2868,33.3,0.4038,81.0,0.00245,0.2895,0.4076,0.3028
1527387900,0.388,41.3,0.4042,93.6,0.00111,0.3552,0.3701,0.2747
1527388200,0.3528,37.9,0.4024,92.0,0.00145,0.3343,0.3813,0.2843
1527388500,0.323,43.2,0.402,91.7,0.00326,0.3151,0.3922,0.2927
1527388800,0.3052,36.3,0.4043,80.1,0.00172,0.3023,0.4005,0.2972
1527389100,0.3187,34.1,0.4038,89.0,0.00126,0.3117,0.3949,0.2934
1527389400,0.3058,38.9,0.4013,78.5,0.00236,0.3036,0.3985,0.2979
1527389700,0.3213,33.8,0.3992,87.5,0.0013,0.3148,0.3912,0.294
1527390000,0.2909,36.0,0.399,80.3,0.00151,0.2939,0.4031,0.3031
1527390300,0.2853,29.1,0.4025,81.2,0.00108,0.2888,0.4075,0.3037
1527390600,0.2931,31.5,0.4057,81.9,0.00204,0.2935,0.4062,0.3004
1527390900,0.2795,35.2,0.402,68.3,0.00299,0.2848,0.4096,0.3057
1527391200,0.2514,34.8,0.3958,68.4,0.00129,0.2654,0.4179,0.3167
1527391500,0.3444,39.6,0.3945,85.1,0.00238,0.3315,0.3797,0.2888
1527391800,0.2811,34.3,0.3915,68.0,0.00151,0.289,0.4025,0.3085
1527392100,0.2596,32.3,0.3908,80.9,0.00255,0.2731,0.4112,0.3157
1527392400,0.298,31.4,0.3903,85.0,0.00241,0.3015,0.3949,0.3036
1527392700,0.3117,34.7,0.3896,83.1,0.00107,0.3113,0.3891,0.2996
1527393000,0.2799,33.2,0.3915,71.3,0.00157,0.2881,0.403,0.3088
1527393300,0.2981,39.0,0.3952,88.1,0.00129,0.3001,0.3979,0.302
1527393600,0.2674,34.7,0.3943,89.0,0.00366,0.278,0.41,0.3119
1527393900,0.2871,29.8,0.3939,79.6,0.00287,0.2927,0.4015,0.3058
1527394200,0.2902,36.3,0.3904,82.1,0.00113,0.2959,0.3981,0.3059
1527394500,0.266,32.5,0.3898,77.8,0.00161,0.2783,0.4078,0.3139
1527394800,0.2448,30.1,0.3862,77.7,0.00112,0.2629,0.4148,0.3222
1527395100,0.3571,41.8,0.3861,85.0,0.00124,0.3423,0.3701,0.2876
1527395400,0.3592,43.2,0.388,85.7,0.00224,0.343,0.3705,0.2865
1527395700,0.4057,46.2,0.3923,96.0,0.00108,0.3695,0.3573,0.2732
1527396000,0.3792,39.0,0.3931,102.0,0.00232,0.3536,0.3666,0.2798
1527396300,0.3616,39.4,0.3883,77.8,0.0028,0.3444,0.3698,0.2857
1527396600,0.3652,41.6,0.3826,85.9,0.00183,0.3485,0.3651,0.2863
1527396900,0.3828,44.7,0.3823,81.2,0.00237,0.3594,0.3589,0.2817
1527397200,0.3445,37.7,0.3842,94.0,0.00156,0.3349,0.3735,0.2916
1527397500,0.3686,40.2,0.3859,83.3,0.00269,0.3495,0.366,0.2845
1527397800,0.3534,36.4,0.3826,76.7,0.00169,0.3411,0.3693,0.2896
1527398100,0.3284,34.4,0.3828,86.7,0.00144,0.3248,0.3786,0.2967
1527398400,0.2769,36.8,0.3831,88.2,0.00131,0.2884,0.3991,0.3125
1527398700,0.3548,43.9,0.385,89.5,0.00131,0.3412,0.3703,0.2885
1527399000,0.3087,36.4,0.3818,82.1,0.00162,0.3117,0.3855,0.3029
1527399300,0.3018,39.1,0.3735,82.6,0.0017,0.3094,0.383,0.3076
1527399600,0.348,40.4,0.3683,93.3,0.00185,0.3424,0.3624,0.2952
1527399900,0.3103,34.8,0.3682,75.8,0.00106,0.3171,0.3763,0.3066
1527400200,0.2975,36.9,0.3671,79.1,0.00236,0.3084,0.3806,0.311
1527400500,0.3146,41.6,0.3675,78.7,0.0014,0.3203,0.3742,0.3055
1527400800,0.285,34.8,0.3693,71.5,0.00142,0.2986,0.387,0.3144
1527401100,0.2626,38.1,0.3719,74.3,0.00122,0.281,0.398,0.321
1527401400,0.2393,23.9,0.367,80.6,0.00287,0.264,0.4049,0.331
1527401700,0.2158,32.6,0.3602,75.0,0.00256,0.2463,0.4112,0.3425
1527402000,0.1953,28.9,0.3537,73.4,0.00322,0.23,0.4166,0.3534
1527402300,0.3024,35.3,0.3516,81.1,0.00173,0.317,0.3686,0.3145
1527402600,0.2292,31.3,0.3527,76.1,0.00171,0.2599,0.3999,0.3402
1527402900,0.2362,25.6,0.3521,68.8,0.00206,0.2659,0.3964,0.3377
1527403200,0.2535,32.1,0.3489,73.5,0.00198,0.2809,0.3866,0.3324
1527403500,0.2567,34.0,0.3478,76.8,0.00195,0.2838,0.3845,0.3317
1527403800,0.2315,35.6,0.3466,74.8,0.00146,0.2636,0.3947,0.3416
1527404100,0.2583,31.5,0.3462,77.8,0.00138,0.2856,0.3828,0.3317
1527404400,0.2306,28.7,0.3402,72.2,0.00178,0.2648,0.3907,0.3445
1527404700,0.2207,28.9,0.3391,69.8,0.00143,0.2567,0.3944,0.3489
1527405000,0.2127,32.6,0.342,90.2,0.00138,0.2489,0.4001,0.351
1527405300,0.2092,30.6,0.3424,76.4,0.00181,0.2457,0.4021,0.3523
1527405600,0.1889,26.6,0.347,71.4,0.00234,0.226,0.4151,0.3589
1527405900,0.2798,36.1,0.3558,76.6,0.00314,0.2991,0.3803,0.3206
1527406200,0.2122,30.1,0.3613,68.5,0.00143,0.2429,0.4136,0.3434
1527406500,0.184,30.8,0.3644,67.6,0.00193,0.2169,0.4295,0.3536
1527406800,0.2192,28.2,0.3553,73.7,0.00126,0.2507,0.4063,0.3431
1527407100,0.2127,28.9,0.3545,60.0,0.00186,0.2453,0.4088,0.3459
1527407400,0.1857,26.8,0.3542,59.2,0.00302,0.2211,0.4217,0.3572
1527407700,0.2224,26.2,0.3566,68.4,0.00132,0.253,0.4057,0.3413
1527408000,0.1897,29.2,0.3593,70.2,0.00165,0.2234,0.4232,0.3534
1527408300,0.198,29.6,0.3597,68.4,0.00235,0.2308,0.4194,0.3498
1527408600,0.2042,29.3,0.3606,79.3,0.00186,0.2361,0.417,0.3469
1527408900,0.19,27.6,0.3628,60.1,0.00111,0.2228,0.4254,0.3518
1527409200,0.1559,21.7,0.3592,61.1,0.00407,0.1913,0.4407,0.3681
1527409500,0.2503,31.3,0.3589,84.2,0.00318,0.2753,0.3947,0.33
1527409800,0.1934,27.5,0.3579,70.1,0.00237,0.2272,0.4204,0.3524
1527410100,0.1835,25.4,0.3595,73.7,0.00139,0.2177,0.4265,0.3559
1527410400,0.1961,28.2,0.3581,81.9,0.00262,0.2296,0.4192,0.3512
1527410700,0.1916,29.6,0.3562,65.0,0.00153,0.226,0.4201,0.3539
1527411000,0.1596,31.8,0.356,65.4,0.00128,0.1957,0.4365,0.3678
1527411300,0.1868,28.6,0.3557,67.0,0.00204,0.2217,0.4222,0.3561
1527411600,0.1632,27.2,0.36,54.6,0.00272,0.1983,0.4373,0.3644
1527411900,0.1826,27.6,0.3627,66.4,0.00242,0.216,0.4291,0.3549
1527412200,0.1734,21.4,0.3603,72.6,0.00197,0.208,0.4322,0.3598
1527412500,0.1417,24.8,0.3611,67.4,0.00213,0.1765,0.4498,0.3737
1527412800,0.1429,25.2,0.3575,68.0,0.00139,0.1785,0.4467,0.3748
1527413100,0.2302,38.5,0.3558,70.8,0.00165,0.2598,0.4016,0.3386
1527413400,0.1781,26.9,0.3552,63.9,0.00121,0.2137,0.4263,0.36
1527413700,0.1754,28.2,0.354,75.2,0.00171,0.2115,0.4268,0.3617
1527414000,0.1868,28.0,0.3511,65.7,0.00104,0.2229,0.419,0.358
1527414300,0.1882,24.7,0.349,70.6,0.00173,0.2248,0.4169,0.3583
1527414600,0.179,31.0,0.349,68.9,0.00203,0.2162,0.4215,0.3623
1527414900,0.2165,32.4,0.3503,80.4,0.00148,0.2498,0.4041,0.3461
1527415200,0.2129,32.3,0.3509,77.1,0.00163,0.2465,0.4062,0.3473
1527415500,0.2468,29.5,0.3585,66.9,0.00119,0.2726,0.396,0.3314
1527415800,0.2313,35.4,0.3674,66.0,0.00237,0.2574,0.4088,0.3338
1527416100,0.2002,24.8,0.3754,73.5,0.00126,0.2286,0.4287,0.3426
1527416400,0.1941,30.3,0.373,69.0,0.0013,0.2238,0.4302,0.346
1527416700,0.3071,43.1,0.3767,78.0,0.00166,0.3122,0.3829,0.3049
1527417000,0.2588,30.1,0.3816,82.0,0.00113,0.2752,0.4058,0.319
1527417300,0.2489,30.7,0.379,76.0,0.00108,0.2682,0.4084,0.3233
1527417600,0.2761,34.6,0.3757,77.9,0.00352,0.2901,0.3947,0.3152
1527417900,0.2981,34.4,0.3711,84.5,0.00102,0.3076,0.3829,0.3095
1527418200,0.2965,31.1,0.3719,77.4,0.00283,0.3062,0.384,0.3098
1527418500,0.3723,41.3,0.3764,96.6,0.00222,0.355,0.3589,0.2861
1527418800,0.3853,38.8,0.3799,83.8,0.00234,0.3617,0.3566,0.2816
1527419100,0.3957,44.1,0.3813,93.5,0.00204,0.3674,0.354,0.2786
1527419400,0.394,39.8,0.3854,98.0,0.00155,0.365,0.3571,0.2779
1527419700,0.3887,46.9,0.39,80.6,0.00149,0.3603,0.3615,0.2781
1527420000,0.3789,39.2,0.3861,85.8,0.00166,0.3558,0.3625,0.2817
1527420300,0.4805,47.7,0.3881,104.9,0.00122,0.4112,0.3321,0.2567
1527420600,0.456,49.4,0.3921,102.5,0.0029,0.3972,0.3415,0.2613
1527420900,0.4577,43.3,0.3931,94.7,0.00108,0.3977,0.3416,0.2607
1527421200,0.4852,49.6,0.3964,94.1,0.00132,0.4106,0.3355,0.2539
1527421500,0.4961,53.6,0.4017,105.3,0.00133,0.4142,0.3354,0.2505
1527421800,0.4761,43.5,0.4044,104.7,0.00106,0.4033,0.3426,0.2541
1527422100,0.4962,50.3,0.4038,92.6,0.00119,0.4135,0.3365,0.25
1527422400,0.433,46.1,0.4009,86.1,0.00176,0.3819,0.3536,0.2646
1527422700,0.3869,44.4,0.4004,90.0,0.00257,0.3558,0.3683,0.2759
1527423000,0.4032,39.5,0.3937,94.1,0.00124,0.3676,0.3589,0.2735
1527423300,0.4267,40.9,0.3962,90.9,0.00251,0.38,0.3528,0.2672
1527423600,0.4161,45.7,0.3956,95.7,0.00242,0.3743,0.3559,0.2699
1527423900,0.509,51.5,0.3972,96.6,0.00185,0.422,0.3293,0.2487
1527424200,0.4497,47.2,0.4003,82.3,0.00154,0.391,0.3481,0.2609
1527424500,0.4493,47.5,0.3988,92.4,0.00265,0.3913,0.3474,0.2613
1527424800,0.4896,47.2,0.4006,99.3,0.00292,0.4114,0.3366,0.2521
1527425100,0.4952,50.4,0.4053,97.9,0.00113,0.4125,0.3376,0.2499
1527425400,0.4792,49.4,0.4079,91.0,0.00197,0.4037,0.3436,0.2527
1527425700,0.5529,51.6,0.4082,94.4,0.00127,0.4384,0.3237,0.2379
1527426000,0.5258,57.4,0.4083,99.5,0.0041,0.4261,0.3308,0.2431
1527426300,0.5351,53.9,0.4095,108.9,0.00257,0.4299,0.329,0.241
1527426600,0.527,48.3,0.4137,110.2,0.00147,0.4248,0.3334,0.2418
1527426900,0.4845,50.9,0.4171,105.6,0.00241,0.4032,0.3471,0.2497
1527427200,0.4531,43.8,0.4094,90.4,0.00112,0.3898,0.3522,0.2581
1527427500,0.5936,58.9,0.4101,102.4,0.0022,0.4553,0.3146,0.2301
1527427800,0.5328,55.8,0.4156,106.3,0.00111,0.4268,0.3329,0.2403
1527428100,0.5724,52.6,0.4157,111.1,0.00295,0.4444,0.3227,0.2329
1527428400,0.5612,57.2,0.4089,108.5,0.00162,0.4419,0.3219,0.2362
1527428700,0.5531,55.0,0.4087,93.2,0.00222,0.4383,0.3239,0.2378
1527429000,0.5508,56.0,0.4124,99.9,0.00138,0.436,0.3265,0.2375
1527429300,0.5654,60.3,0.4155,106.4,0.00114,0.4414,0.3244,0.2342
1527429600,0.511,50.0,0.4178,104.0,0.00116,0.4159,0.34,0.2441
1527429900,0.4914,47.1,0.4155,103.7,0.00118,0.4072,0.3443,0.2486
1527430200,0.5089,48.0,0.4174,101.8,0.00104,0.415,0.3404,0.2446
1527430500,0.5009,47.6,0.4246,102.1,0.00177,0.4087,0.3465,0.2448
1527430800,0.5476,53.1,0.4281,105.3,0.00223,0.4293,0.3356,0.2352
1527431100,0.6153,59.1,0.427,115.6,0.00181,0.4584,0.3181,0.2235
1527431400,0.559,55.0,0.4262,107.8,0.00131,0.435,0.3316,0.2334
1527431700,0.513,53.4,0.4234,101.7,0.0019,0.4149,0.3424,0.2426
1527432000,0.509,50.7,0.4215,99.3,0.00242,0.4137,0.3425,0.2438
1527432300,0.5064,54.8,0.4138,101.1,0.00297,0.415,0.3391,0.2459
1527432600,0.4965,49.0,0.4168,102.6,0.00123,0.4092,0.3435,0.2473
1527432900,0.5701,63.1,0.4179,108.6,0.0015,0.4426,0.3245,0.2329
1527433200,0.5335,54.2,0.4202,105.6,0.00172,0.4255,0.3352,0.2393
1527433500,0.5272,49.3,0.4287,110.8,0.00158,0.4198,0.3413,0.2389
1527433800,0.5233,48.4,0.4345,103.9,0.00176,0.416,0.3454,0.2385
1527434100,0.5157,52.5,0.433,97.7,0.00187,0.413,0.3468,0.2402
1527434400,0.4704,47.3,0.431,102.3,0.00169,0.3915,0.3587,0.2497
1527434700,0.5535,55.9,0.4312,97.2,0.00218,0.4308,0.3356,0.2335
1527435000,0.5061,51.8,0.4284,94.1,0.00127,0.41,0.347,0.243
1527435300,0.4831,48.6,0.4216,100.3,0.00191,0.401,0.35,0.249
1527435600,0.4927,46.9,0.4146,102.4,0.00246,0.4081,0.3434,0.2485
1527435900,0.4978,45.3,0.4095,92.3,0.00187,0.4123,0.3392,0.2485
1527436200,0.5181,49.9,0.4004,99.5,0.00152,0.4252,0.3286,0.2462
1527436500,0.5934,59.1,0.3955,105.7,0.00119,0.4604,0.3069,0.2328
1527436800,0.5104,51.4,0.3829,98.1,0.00251,0.4277,0.3209,0.2514
1527437100,0.4806,44.9,0.3883,103.7,0.00174,0.4112,0.3322,0.2567
1527437400,0.4939,50.1,0.3886,103.6,0.00176,0.4177,0.3286,0.2537
1527437700,0.4883,50.3,0.3797,98.7,0.00359,0.4181,0.3251,0.2568
1527438000,0.5328,49.6,0.3701,100.0,0.00298,0.4429,0.3077,0.2494
1527438300,0.6681,62.2,0.3646,108.7,0.0012,0.5013,0.2736,0.2251
1527438600,0.5154,51.3,0.3575,110.1,0.00141,0.4394,0.3048,0.2558
1527438900,0.5043,46.9,0.3521,104.0,0.00162,0.4361,0.3045,0.2594
1527439200,0.5101,51.8,0.3461,96.8,0.00185,0.4412,0.2993,0.2595
1527439500,0.5391,54.4,0.3494,108.2,0.00187,0.4536,0.294,0.2524
1527439800,0.495,52.9,0.3526,99.1,0.00115,0.4313,0.3072,0.2614
1527440100,0.5217,54.7,0.3556,100.4,0.00152,0.4431,0.302,0.2548
1527440400,0.457,42.9,0.3554,98.3,0.00222,0.4108,0.3195,0.2697
1527440700,0.4994,47.1,0.3584,95.5,0.00168,0.4313,0.3096,0.2591
1527441000,0.4954,51.2,0.3678,97.5,0.00135,0.4259,0.3162,0.2579
1527441300,0.4613,48.8,0.3669,96.9,0.00195,0.4089,0.3252,0.2659
1527441600,0.4598,48.7,0.3721,93.0,0.00203,0.4062,0.3287,0.265
1527441900,0.5163,62.7,0.3761,105.6,0.00107,0.433,0.3154,0.2516
1527442200,0.4776,50.1,0.3799,109.0,0.00282,0.4126,0.3282,0.2592
1527442500,0.4697,51.3,0.3702,92.4,0.00209,0.4121,0.3248,0.2632
1527442800,0.4784,51.4,0.3611,87.8,0.00138,0.4198,0.3169,0.2633
1527443100,0.4718,50.0,0.361,85.2,0.00199,0.4165,0.3187,0.2648
1527443400,0.4595,46.2,0.3657,95.0,0.00154,0.4084,0.325,0.2666
1527443700,0.4746,50.5,0.3714,93.5,0.00149,0.4141,0.3241,0.2618
1527444000,0.4731,45.8,0.3604,98.6,0.00158,0.4174,0.318,0.2647
1527444300,0.4659,46.9,0.3618,97.4,0.00182,0.4131,0.3208,0.266
1527444600,0.4518,45.2,0.3658,85.6,0.00122,0.4043,0.3273,0.2684
1527444900,0.4523,46.9,0.367,84.3,0.00144,0.4041,0.3279,0.268
1527445200,0.4318,52.2,0.3648,95.0,0.00224,0.3938,0.3327,0.2736
1527445500,0.5558,48.3,0.3735,106.4,0.00132,0.4521,0.3038,0.244
1527445800,0.502,52.2,0.385,97.6,0.00254,0.4229,0.3243,0.2527
1527446100,0.4523,41.8,0.3881,85.3,0.00191,0.3966,0.3403,0.2631
1527446400,0.49,47.9,0.3853,101.8,0.00152,0.4169,0.3278,0.2553
1527446700,0.4767,51.6,0.3731,105.3,0.00229,0.4146,0.3245,0.2609
1527447000,0.4496,46.7,0.3727,96.6,0.00126,0.4006,0.3321,0.2673
1527447300,0.4699,44.7,0.373,91.9,0.00139,0.4111,0.3264,0.2625
1527447600,0.4229,42.5,0.3745,92.6,0.00128,0.3854,0.3413,0.2734
1527447900,0.442,48.0,0.3805,86.0,0.00211,0.3938,0.339,0.2673
1527448200,0.4384,43.5,0.3856,100.2,0.00146,0.39,0.3431,0.2669
1527448500,0.4113,44.4,0.3869,91.6,0.00282,0.3745,0.3523,0.2732
1527448800,0.4141,44.1,0.388,80.8,0.00209,0.3757,0.3521,0.2722
1527449100,0.4936,47.6,0.3932,97.6,0.00152,0.4159,0.3313,0.2528
1527449400,0.4667,54.1,0.3928,99.4,0.00203,0.4025,0.3388,0.2587
1527449700,0.4644,49.4,0.3827,94.4,0.00118,0.4048,0.3336,0.2615
1527450000,0.4762,42.3,0.3807,96.0,0.00107,0.4116,0.3291,0.2593
1527450300,0.4767,48.9,0.3847,90.3,0.0017,0.4105,0.3312,0.2583
1527450600,0.4788,46.5,0.3851,101.3,0.00164,0.4114,0.3309,0.2578
1527450900,0.5036,52.8,0.3854,96.5,0.00117,0.4235,0.3241,0.2523
1527451200,0.4826,46.4,0.386,85.3,0.00112,0.413,0.3303,0.2567
1527451500,0.4338,45.0,0.3878,91.2,0.00172,0.3868,0.3458,0.2675
1527451800,0.4607,48.8,0.3899,102.0,0.00186,0.4004,0.3389,0.2607
1527452100,0.4029,45.8,0.3794,88.0,0.0027,0.3723,0.3505,0.2772
1527452400,0.4032,39.6,0.3699,100.7,0.00305,0.3757,0.3447,0.2796
1527452700,0.4792,47.5,0.365,100.5,0.00246,0.4188,0.319,0.2622
1527453000,0.4475,44.9,0.3748,96.8,0.00105,0.3987,0.334,0.2673
1527453300,0.4139,42.0,0.3717,90.6,0.002,0.3813,0.3424,0.2763
1527453600,0.4495,51.8,0.3601,94.5,0.00136,0.4051,0.3245,0.2704
1527453900,0.4074,44.7,0.3576,89.2,0.00135,0.3825,0.3358,0.2817
1527454200,0.3847,38.1,0.3532,86.7,0.00155,0.3707,0.3403,0.289
1527454500,0.4193,47.1,0.3338,95.1,0.00181,0.3982,0.317,0.2849
1527454800,0.3685,47.2,0.333,81.2,0.00133,0.3679,0.3325,0.2996
1527455100,0.429,48.1,0.3375,86.4,0.00203,0.4023,0.3165,0.2813
1527455400,0.4494,41.9,0.3432,88.2,0.00208,0.4113,0.3141,0.2746
1527455700,0.383,40.4,0.3529,100.6,0.00101,0.3697,0.3407,0.2896
1527456000,0.3776,45.2,0.3536,90.9,0.00184,0.3662,0.3429,0.2909
1527456300,0.4149,41.9,0.3616,93.3,0.002,0.3854,0.3359,0.2787
1527456600,0.3745,42.5,0.3647,81.1,0.00146,0.3604,0.3509,0.2887
1527456900,0.348,41.7,0.3647,88.5,0.00139,0.3436,0.3601,0.2962
1527457200,0.3559,37.1,0.3704,84.9,0.0019,0.3468,0.3609,0.2923
1527457500,0.3663,40.5,0.3689,87.9,0.00167,0.3538,0.3564,0.2898
1527457800,0.3084,26.9,0.3689,75.0,0.00275,0.3156,0.3775,0.307
1527458100,0.3389,35.6,0.3695,84.9,0.00108,0.3361,0.3664,0.2975
1527458400,0.3998,42.2,0.3779,87.4,0.00254,0.371,0.3507,0.2784
1527458700,0.4242,41.0,0.3812,87.8,0.00219,0.3838,0.3449,0.2714
1527459000,0.3629,45.3,0.3843,90.7,0.00104,0.3465,0.367,0.2865
1527459300,0.3011,31.8,0.3897,70.9,0.00114,0.3039,0.3933,0.3028
1527459600,0.2852,33.6,0.3938,81.9,0.00297,0.2913,0.4022,0.3064
1527459900,0.3917,42.8,0.3959,93.3,0.00204,0.3602,0.364,0.2758
1527460200,0.3283,42.3,0.3888,77.6,0.00104,0.3228,0.3823,0.295
1527460500,0.3099,32.4,0.3919,76.1,0.00206,0.3093,0.3912,0.2995
1527460800,0.3499,43.0,0.3902,83.7,0.00149,0.3364,0.3752,0.2884
1527461100,0.3271,37.9,0.3913,84.4,0.00268,0.3212,0.3842,0.2946
1527461400,0.3506,36.6,0.3946,84.1,0.00214,0.3354,0.3775,0.287
1527461700,0.3416,40.3,0.392,86.8,0.00159,0.3305,0.3793,0.2902
1527462000,0.3137,37.6,0.3844,91.9,0.00139,0.3143,0.3851,0.3006
1527462300,0.3045,34.5,0.3743,77.4,0.00102,0.3111,0.3824,0.3065
1527462600,0.2979,36.1,0.3687,69.5,0.00152,0.3082,0.3814,0.3104
1527462900,0.2851,33.8,0.3643,83.5,0.00216,0.3003,0.3837,0.316
1527463200,0.2807,35.0,0.367,88.2,0.00266,0.2962,0.3873,0.3166
1527463500,0.3441,41.1,0.375,86.8,0.00292,0.3377,0.368,0.2944
1527463800,0.3096,41.4,0.3826,74.4,0.00105,0.312,0.3856,0.3024
1527464100,0.2675,30.0,0.3897,76.0,0.00342,0.2795,0.4071,0.3134
1527464400,0.2816,41.1,0.3984,71.4,0.0014,0.2873,0.4065,0.3061
1527464700,0.2869,29.2,0.3976,82.5,0.0014,0.2914,0.4039,0.3047
1527465000,0.248,31.9,0.3964,66.7,0.00243,0.2626,0.4197,0.3177
1527465300,0.2991,37.7,0.3985,78.1,0.00146,0.2998,0.3995,0.3007
1527465600,0.3116,37.7,0.3988,75.1,0.00238,0.3084,0.3947,0.2969
1527465900,0.322,35.7,0.3978,83.0,0.00261,0.3157,0.3901,0.2942
1527466200,0.3209,36.8,0.3988,79.9,0.00306,0.3147,0.3911,0.2942
1527466500,0.287,33.6,0.402,79.8,0.00153,0.2902,0.4065,0.3033
1527466800,0.2861,33.3,0.4041,78.7,0.00119,0.2889,0.4081,0.303
1527467100,0.3973,45.4,0.41,83.8,0.00211,0.3588,0.3703,0.2709
1527467400,0.3574,41.1,0.4136,89.5,0.00195,0.3337,0.3862,0.2801
1527467700,0.3796,39.5,0.4128,87.7,0.00178,0.3475,0.3779,0.2746
1527468000,0.4073,46.2,0.4119,84.8,0.00149,0.3639,0.368,0.268
1527468300,0.4069,44.4,0.4039,104.1,0.0013,0.3663,0.3636,0.2701
1527468600,0.3491,41.9,0.4037,87.8,0.00206,0.3316,0.3835,0.285
1527468900,0.3289,39.9,0.4085,82.0,0.00118,0.317,0.3938,0.2892
1527469200,0.2697,31.4,0.4144,85.5,0.0024,0.2741,0.4211,0.3048
1527469500,0.3005,34.4,0.4185,91.1,0.00143,0.2949,0.4107,0.2944
1527469800,0.2967,38.0,0.4212,78.8,0.00113,0.2915,0.4138,0.2947
1527470100,0.2712,35.8,0.4208,79.2,0.00121,0.2734,0.4242,0.3024
1527470400,0.2508,32.5,0.4195,69.2,0.00139,0.2585,0.4323,0.3092
1527470700,0.3428,39.3,0.4251,83.4,0.003,0.321,0.3981,0.2809
1527471000,0.2989,39.8,0.4263,78.7,0.00181,0.2916,0.4158,0.2926
1527471300,0.3018,34.4,0.4213,81.3,0.00121,0.295,0.4118,0.2932
1527471600,0.3233,39.3,0.4214,84.3,0.00112,0.3095,0.4034,0.2872
1527471900,0.3385,38.1,0.4162,87.2,0.00201,0.3209,0.3946,0.2844
1527472200,0.3092,36.0,0.4134,82.3,0.0021,0.3024,0.4043,0.2934
1527472500,0.3045,39.6,0.411,73.2,0.00103,0.2999,0.4047,0.2954
1527472800,0.2684,36.3,0.4083,71.2,0.00129,0.2748,0.418,0.3072
1527473100,0.2826,37.2,0.4054,75.0,0.00133,0.286,0.4103,0.3036
1527473400,0.2643,37.4,0.4042,74.7,0.00327,0.2729,0.4173,0.3098
1527473700,0.2565,33.0,0.3964,82.0,0.00259,0.2692,0.416,0.3148
1527474000,0.2316,33.3,0.3954,66.2,0.00161,0.2498,0.4265,0.3236
1527474300,0.3169,36.3,0.4013,79.5,0.00156,0.3112,0.3941,0.2946
1527474600,0.2743,35.2,0.4045,83.1,0.0022,0.2802,0.4133,0.3065
1527474900,0.2525,32.3,0.3991,73.5,0.00175,0.2653,0.4194,0.3153
1527475200,0.2984,36.2,0.4001,82.6,0.001,0.2988,0.4007,0.3005
1527475500,0.2857,36.8,0.3995,77.7,0.00121,0.29,0.4055,0.3045
1527475800,0.2579,30.6,0.3928,77.3,0.00226,0.2713,0.4132,0.3156
1527476100,0.2825,41.1,0.3912,76.9,0.00104,0.2901,0.4018,0.3081
1527476400,0.2318,28.2,0.3872,77.2,0.00363,0.2522,0.4213,0.3264
1527476700,0.2327,27.6,0.3874,64.0,0.00116,0.2529,0.421,0.3261
1527477000,0.2313,34.7,0.3838,71.0,0.00106,0.2528,0.4194,0.3278
1527477300,0.2214,32.9,0.3818,73.9,0.00124,0.2451,0.4227,0.3322
1527477600,0.1902,30.2,0.3844,72.2,0.00256,0.2175,0.4395,0.343
1527477900,0.2798,36.5,0.3868,86.9,0.00122,0.2895,0.4002,0.3104
1527478200,0.2488,32.4,0.3896,72.5,0.00204,0.2651,0.4152,0.3197
1527478500,0.1976,26.1,0.3968,78.6,0.00181,0.2209,0.4436,0.3354
1527478800,0.2159,30.3,0.3931,67.6,0.00172,0.2375,0.4325,0.33
1527479100,0.221,28.4,0.3923,80.1,0.00301,0.242,0.4295,0.3285
1527479400,0.1905,31.3,0.3848,74.0,0.00105,0.2176,0.4396,0.3427
1527479700,0.2375,31.2,0.3876,68.3,0.00182,0.2567,0.419,0.3243
1527480000,0.2344,28.9,0.3903,75.3,0.00119,0.2535,0.4221,0.3244
1527480300,0.2177,29.3,0.3939,71.5,0.00194,0.2388,0.4321,0.3291
1527480600,0.209,30.9,0.392,74.7,0.00162,0.232,0.4351,0.333
1527480900,0.1733,25.4,0.3895,66.0,0.00374,0.2009,0.4514,0.3477
1527481200,0.1527,23.2,0.3882,63.4,0.00172,0.1816,0.4616,0.3568
1527481500,0.2393,32.5,0.3891,82.1,0.00125,0.2578,0.4191,0.3231
1527481800,0.2286,31.7,0.3906,72.3,0.00255,0.2487,0.4249,0.3264
1527482100,0.2566,31.4,0.3857,80.6,0.00249,0.2723,0.4093,0.3184
1527482400,0.2909,33.9,0.3783,77.7,0.00295,0.3001,0.3903,0.3095
1527482700,0.2674,34.4,0.3742,86.7,0.001,0.284,0.3974,0.3186
1527483000,0.3025,31.8,0.3754,76.2,0.00248,0.3093,0.3839,0.3068
1527483300,0.3115,32.6,0.3754,77.5,0.00389,0.3156,0.3804,0.304
1527483600,0.2573,30.9,0.3721,84.9,0.0017,0.2768,0.4004,0.3228
1527483900,0.2951,35.0,0.3691,76.8,0.00137,0.3061,0.3828,0.3111
1527484200,0.2681,34.7,0.3653,86.4,0.00201,0.2872,0.3914,0.3214
1527484500,0.2583,37.5,0.3657,81.2,0.00322,0.2795,0.3958,0.3247
1527484800,0.2646,36.1,0.3663,75.5,0.00173,0.2842,0.3935,0.3223
1527485100,0.3317,37.7,0.3716,72.3,0.00185,0.3306,0.3704,0.299
1527485400,0.2536,32.7,0.3767,75.2,0.0012,0.2726,0.4049,0.3225
1527485700,0.1972,25.8,0.374,70.3,0.00131,0.2264,0.4293,0.3444
1527486000,0.1816,27.7,0.3721,75.2,0.00154,0.2127,0.4359,0.3514
1527486300,0.187,27.2,0.3667,78.2,0.0019,0.219,0.4295,0.3514
1527486600,0.181,28.6,0.3663,64.0,0.00161,0.2136,0.4323,0.3541
1527486900,0.2283,28.5,0.3658,77.6,0.00265,0.2553,0.4091,0.3355
1527487200,0.2072,31.1,0.3681,75.3,0.00204,0.2367,0.4205,0.3427
1527487500,0.1532,30.3,0.3692,71.8,0.00134,0.1863,0.4489,0.3648
1527487800,0.1489,25.1,0.3682,67.9,0.00147,0.1822,0.4506,0.3672
1527488100,0.1297,25.3,0.3681,51.3,0.00242,0.1626,0.4614,0.376
1527488400,0.0959,23.8,0.368,58.7,0.00122,0.1255,0.4817,0.3927
1527488700,0.1865,26.9,0.3714,61.7,0.00111,0.2174,0.4329,0.3497
1527489000,0.1668,27.3,0.3753,65.5,0.00119,0.1981,0.4457,0.3563
1527489300,0.1377,24.7,0.3745,69.7,0.00106,0.1695,0.4611,0.3694
1527489600,0.1706,27.2,0.3706,68.9,0.00225,0.2028,0.4406,0.3566
1527489900,0.148,23.0,0.3632,71.7,0.00131,0.1824,0.4477,0.3698
1527490200,0.1297,24.2,0.3621,65.0,0.00154,0.1638,0.4573,0.3789
1527490500,0.151,27.1,0.3627,57.3,0.00205,0.1856,0.4457,0.3687
1527490800,0.1298,28.4,0.3606,47.9,0.00223,0.1642,0.4562,0.3796
1527491100,0.126,26.7,0.3565,63.5,0.00234,0.161,0.4556,0.3834
1527491400,0.1175,29.7,0.3531,60.5,0.00253,0.1525,0.4582,0.3893
1527491700,0.0855,18.7,0.3491,52.7,0.00136,0.1164,0.4752,0.4084
1527492000,0.0539,21.4,0.3483,45.2,0.00128,0.0768,0.496,0.4272
1527492300,0.1388,25.3,0.3483,59.5,0.00201,0.1763,0.4425,0.3811
1527492600,0.0952,28.2,0.3473,58.4,0.00157,0.1282,0.4677,0.404
1527492900,0.0779,18.0,0.347,61.8,0.00195,0.1075,0.4787,0.4139
1527493200,0.093,19.0,0.3478,60.4,0.00138,0.1255,0.4695,0.405
1527493500,0.1,20.2,0.3494,69.6,0.00247,0.1334,0.4662,0.4003
1527493800,0.0716,13.6,0.3474,50.9,0.002,0.0996,0.4832,0.4172
1527494100,0.1023,20.6,0.3438,65.5,0.00157,0.1371,0.4608,0.4021
1527494400,0.0815,18.4,0.342,58.4,0.00195,0.1126,0.4727,0.4147
1527494700,0.0948,22.1,0.3428,63.6,0.00261,0.1285,0.4648,0.4067
1527495000,0.1036,23.3,0.3431,57.7,0.00219,0.1387,0.4595,0.4018
1527495300,0.0724,25.7,0.3382,63.7,0.00233,0.1019,0.4759,0.4222
1527495600,0.0499,21.3,0.3377,56.8,0.00112,0.0726,0.4911,0.4363
1527495900,0.1514,23.9,0.3375,61.1,0.00126,0.1919,0.4278,0.3803
1527496200,0.1094,20.0,0.3398,60.9,0.00219,0.146,0.4536,0.4004
1527496500,0.0854,22.5,0.338,57.1,0.002,0.1181,0.4672,0.4147
1527496800,0.1166,19.2,0.3365,64.6,0.00138,0.1548,0.4468,0.3984
1527497100,0.1088,28.1,0.3357,53.8,0.00157,0.1461,0.4509,0.403
1527497400,0.0783,24.0,0.3339,57.7,0.00269,0.1099,0.4688,0.4212
1527497700,0.1033,20.8,0.3357,62.7,0.00161,0.1398,0.4543,0.406
1527498000,0.0624,14.2,0.335,56.4,0.00113,0.0895,0.4804,0.4302
1527498300,0.0778,24.5,0.3348,65.9,0.00133,0.1092,0.4698,0.421
1527498600,0.1003,21.7,0.3333,64.7,0.00194,0.1367,0.4543,0.4089
1527498900,0.0598,22.9,0.3399,55.9,0.00119,0.0855,0.4858,0.4288
1527499200,0.0813,15.9,0.3489,59.4,0.00149,0.1113,0.4778,0.4108
1527499500,0.1868,26.3,0.3539,70.5,0.00133,0.2222,0.421,0.3568
1527499800,0.1045,22.3,0.3536,62.9,0.00231,0.1378,0.4664,0.3957
1527500100,0.1162,23.3,0.3476,50.7,0.00251,0.1521,0.4551,0.3928
1527500400,0.1462,23.9,0.3434,62.8,0.00212,0.1852,0.4349,0.3799
1527500700,0.1252,25.6,0.3399,53.6,0.00166,0.1636,0.4443,0.3921
1527501000,0.0772,17.2,0.3373,65.4,0.00157,0.108,0.4721,0.4199
1527501300,0.0965,21.3,0.3333,59.3,0.00192,0.1322,0.4567,0.4111
1527501600,0.0556,19.3,0.3314,54.4,0.00308,0.0809,0.4824,0.4367
1527501900,0.1244,25.3,0.3301,67.8,0.0018,0.1649,0.4375,0.3976
1527502200,0.1209,25.6,0.3339,64.6,0.00205,0.1602,0.4424,0.3975
1527502500,0.0503,15.1,0.3367,48.3,0.00106,0.0732,0.4901,0.4367
1527502800,0.0579,14.5,0.3407,55.4,0.00216,0.0829,0.4877,0.4294
1527503100,0.1191,27.2,0.3449,59.9,0.00162,0.1559,0.4514,0.3927
1527503400,0.0879,22.1,0.3477,48.3,0.00171,0.1195,0.4727,0.4078
1527503700,0.098,19.6,0.3475,55.7,0.00172,0.1315,0.4661,0.4024
1527504000,0.1019,26.8,0.347,59.1,0.00197,0.1361,0.4633,0.4006
1527504300,0.1257,24.1,0.3449,61.9,0.00111,0.1631,0.4476,0.3893
1527504600,0.1041,25.8,0.3437,51.5,0.00166,0.1392,0.4596,0.4012
1527504900,0.1454,25.4,0.3449,71.4,0.00254,0.184,0.4364,0.3796
1527505200,0.1452,31.3,0.3457,63.9,0.00118,0.1836,0.4371,0.3793
1527505500,0.1491,30.7,0.3491,65.1,0.00111,0.1868,0.4374,0.3758
1527505800,0.126,23.1,0.348,65.0,0.00227,0.1628,0.4496,0.3876
1527506100,0.1131,25.8,0.345,56.6,0.00194,0.1492,0.4551,0.3957
1527506400,0.0987,23.8,0.3463,62.6,0.00222,0.1325,0.4648,0.4027
1527506700,0.1752,31.4,0.3486,65.3,0.00172,0.2127,0.4232,0.3642
1527507000,0.1191,20.4,0.3521,56.5,0.00133,0.1544,0.4566,0.389
1527507300,0.1276,26.0,0.3557,66.2,0.00223,0.1629,0.4541,0.383
1527507600,0.1507,28.7,0.3583,74.0,0.00115,0.1863,0.4429,0.3708
1527507900,0.1458,19.9,0.3587,68.9,0.0016,0.1812,0.4459,0.3729
1527508200,0.1331,20.8,0.3574,68.8,0.00246,0.1684,0.4521,0.3795
1527508500,0.1879,22.0,0.3567,65.7,0.00169,0.2225,0.4223,0.3552
1527508800,0.1589,25.3,0.3556,56.3,0.00224,0.1951,0.4366,0.3683
1527509100,0.1471,27.4,0.3604,73.7,0.00203,0.1822,0.4463,0.3715
1527509400,0.19,32.8,0.3624,81.3,0.00133,0.2229,0.4252,0.3519
1527509700,0.1852,28.2,0.363,77.8,0.00143,0.2183,0.428,0.3537
1527510000,0.1846,32.8,0.3625,66.4,0.00216,0.2179,0.4279,0.3541
1527510300,0.2474,28.2,0.3675,67.8,0.00115,0.2704,0.4017,0.3279
1527510600,0.1619,21.2,0.3706,59.8,0.00108,0.1945,0.4452,0.3604
1527510900,0.1264,23.7,0.3681,52.5,0.00169,0.1591,0.4633,0.3776
1527511200,0.19,29.5,0.3667,68.4,0.00213,0.2218,0.428,0.3502
1527511500,0.2142,29.9,0.3668,81.1,0.00261,0.2431,0.4163,0.3405
1527511800,0.154,19.6,0.3686,64.6,0.00188,0.1872,0.4481,0.3647
1527512100,0.1928,28.2,0.369,71.1,0.00292,0.2237,0.4282,0.3481
1527512400,0.1596,22.3,0.3669,74.2,0.00101,0.1931,0.4439,0.363
1527512700,0.172,29.0,0.3658,64.8,0.0027,0.2053,0.4366,0.3581
1527513000,0.1627,27.5,0.3677,78.5,0.00159,0.1959,0.4428,0.3613
1527513300,0.1484,22.6,0.3667,76.8,0.00175,0.1821,0.4499,0.3681
1527513600,0.1197,21.8,0.369,61.2,0.00104,0.1518,0.4679,0.3804
1527513900,0.2176,27.1,0.3735,68.3,0.00115,0.2442,0.4191,0.3367
1527514200,0.177,27.2,0.3745,71.9,0.00254,0.2079,0.4398,0.3523
1527514500,0.1733,30.0,0.3751,65.2,0.00326,0.2043,0.4421,0.3536
1527514800,0.273,31.2,0.3737,70.4,0.0012,0.2884,0.3947,0.3169
1527515100,0.2575,34.5,0.3746,83.4,0.00231,0.2763,0.4019,0.3219
1527515400,0.2071,27.9,0.3763,78.0,0.00134,0.2344,0.426,0.3396
1527515700,0.1822,25.4,0.3773,69.2,0.00162,0.212,0.439,0.349
1527516000,0.1523,25.3,0.3789,57.7,0.00258,0.1832,0.4558,0.3609
1527516300,0.1584,23.0,0.3795,58.5,0.00133,0.189,0.4529,0.358
1527516600,0.1723,25.4,0.3778,67.9,0.00112,0.2027,0.4444,0.3529
1527516900,0.1578,22.5,0.3766,62.8,0.00182,0.1891,0.4513,0.3595
1527517200,0.1436,30.9,0.3777,62.3,0.00302,0.1748,0.4599,0.3653
1527517500,0.2289,31.1,0.3789,79.0,0.00153,0.2521,0.4174,0.3305
1527517800,0.2011,27.0,0.3797,74.5,0.00194,0.2283,0.4311,0.3406
1527518100,0.1844,28.5,0.377,76.7,0.00217,0.2141,0.4377,0.3483
1527518400,0.1905,28.0,0.3769,63.1,0.00225,0.2196,0.4345,0.3459
1527518700,0.2079,28.9,0.3736,68.7,0.00204,0.2358,0.4238,0.3403
1527519000,0.1792,29.4,0.3706,72.5,0.00285,0.2109,0.4361,0.353
1527519300,0.1901,30.6,0.3702,71.7,0.00376,0.221,0.4303,0.3487
1527519600,0.1707,25.4,0.3706,76.3,0.00242,0.2029,0.4405,0.3566
1527519900,0.1813,26.0,0.3693,70.7,0.00149,0.2131,0.4342,0.3527
1527520200,0.1791,26.7,0.3681,79.0,0.00112,0.2114,0.4345,0.3541
1527520500,0.1626,19.5,0.3697,69.5,0.00118,0.1954,0.4442,0.3604
1527520800,0.1452,20.6,0.3739,70.9,0.00289,0.1773,0.4565,0.3663
1527521100,0.2181,34.4,0.378,69.9,0.00171,0.2434,0.4218,0.3348
1527521400,0.1647,31.5,0.3786,66.6,0.0019,0.1953,0.449,0.3557
1527521700,0.1633,25.7,0.3777,71.8,0.00272,0.1942,0.4491,0.3567
1527522000,0.176,29.0,0.375,77.3,0.00118,0.2068,0.4407,0.3525
1527522300,0.1886,29.1,0.3757,73.2,0.001,0.2182,0.4347,0.3471
1527522600,0.1632,35.7,0.3774,65.8,0.00252,0.1941,0.449,0.3569
1527522900,0.1789,30.9,0.3783,76.2,0.00106,0.2087,0.4413,0.35
1527523200,0.1486,25.0,0.3796,51.7,0.00157,0.1794,0.4583,0.3622
1527523500,0.1769,24.5,0.3776,59.2,0.00101,0.207,0.4419,0.3511
1527523800,0.182,22.9,0.3768,72.3,0.00173,0.2119,0.4388,0.3493
1527524100,0.152,26.3,0.3751,65.3,0.00249,0.1838,0.4535,0.3627
1527524400,0.1559,23.6,0.3749,69.2,0.00191,0.1877,0.4513,0.3611
1527524700,0.2518,28.4,0.3773,75.6,0.00172,0.271,0.4061,0.3229
1527525000,0.2107,27.8,0.3804,74.5,0.00137,0.2364,0.4269,0.3367
1527525300,0.1946,25.4,0.3785,64.6,0.00106,0.2229,0.4335,0.3436
1527525600,0.2146,35.1,0.3753,74.9,0.00233,0.2412,0.4217,0.3371
1527525900,0.2636,36.1,0.3743,82.3,0.0014,0.2811,0.3991,0.3199
1527526200,0.2143,30.0,0.3734,78.8,0.00286,0.2414,0.4206,0.338
1527526500,0.2334,35.8,0.3711,85.4,0.00103,0.258,0.4103,0.3317
1527526800,0.1825,28.0,0.3707,69.7,0.00259,0.2139,0.4345,0.3516
1527527100,0.1574,23.4,0.3693,67.4,0.00103,0.1904,0.4467,0.3629
1527527400,0.1628,31.0,0.3681,57.1,0.00221,0.1959,0.443,0.3611
1527527700,0.1283,25.6,0.3702,59.6,0.00186,0.1607,0.4636,0.3757
1527528000,0.1208,20.3,0.3728,60.9,0.00152,0.1522,0.4698,0.378
1527528300,0.2062,28.9,0.3705,76.9,0.00117,0.2352,0.4226,0.3422
1527528600,0.1477,22.7,0.3705,61.1,0.00133,0.1805,0.4528,0.3667
1527528900,0.1544,21.7,0.3712,70.2,0.00121,0.187,0.4496,0.3634
1527529200,0.1832,30.6,0.3715,68.3,0.00101,0.2143,0.4347,0.351
1527529500,0.1871,33.8,0.3709,67.6,0.00177,0.2181,0.4323,0.3497
1527529800,0.164,22.3,0.3698,67.9,0.00239,0.1967,0.4435,0.3598
1527530100,0.1914,30.1,0.3673,66.8,0.00214,0.2229,0.4277,0.3494
1527530400,0.1514,23.6,0.3636,62.6,0.00139,0.1858,0.4461,0.3681
1527530700,0.1776,26.0,0.3638,57.5,0.00117,0.2111,0.4324,0.3565
1527531000,0.1888,26.4,0.365,67.4,0.00129,0.2211,0.4275,0.3514
1527531300,0.1445,22.5,0.3654,61.6,0.00132,0.1784,0.4512,0.3704
1527531600,0.1182,23.4,0.3665,58.7,0.00217,0.1506,0.4671,0.3823
1527531900,0.2102,27.2,0.371,73.5,0.00268,0.2385,0.421,0.3404
1527532200,0.1672,27.5,0.3732,70.7,0.00159,0.199,0.4441,0.357
1527532500,0.1493,25.3,0.3695,66.3,0.0014,0.1823,0.4513,0.3664
1527532800,0.175,26.5,0.3699,73.5,0.00173,0.2071,0.4378,0.3551
1527533100,0.2064,26.7,0.3645,74.1,0.00135,0.237,0.4185,0.3445
1527533400,0.1666,24.9,0.3603,64.9,0.00313,0.2015,0.4357,0.3628
1527533700,0.1916,30.7,0.3634,66.4,0.00285,0.2241,0.425,0.3509
1527534000,0.1575,27.5,0.364,67.6,0.00176,0.1917,0.4431,0.3652
1527534300,0.1512,22.7,0.3647,68.6,0.0029,0.1853,0.447,0.3677
1527534600,0.1543,26.1,0.3645,73.8,0.00104,0.1884,0.4452,0.3664
1527534900,0.1434,27.3,0.3651,71.5,0.00171,0.1774,0.4516,0.3711
1527535200,0.1297,19.1,0.366,59.7,0.00217,0.163,0.46,0.377
1527535500,0.2071,31.1,0.3686,70.1,0.00106,0.2365,0.4209,0.3426
1527535800,0.1741,25.2,0.3673,71.4,0.00135,0.2069,0.4365,0.3565
1527536100,0.1484,27.1,0.3708,71.2,0.00119,0.1812,0.4526,0.3662
1527536400,0.1711,24.7,0.3704,72.7,0.00166,0.2033,0.4402,0.3565
1527536700,0.1789,22.1,0.3677,67.5,0.00202,0.2113,0.4343,0.3544
1527537000,0.1519,20.8,0.3626,57.7,0.00111,0.1865,0.4452,0.3683
1527537300,0.1882,28.3,0.3616,62.8,0.00201,0.2215,0.4255,0.353
1527537600,0.155,26.6,0.3614,67.1,0.00101,0.1899,0.4427,0.3675
1527537900,0.1444,22.4,0.3618,66.5,0.00135,0.1791,0.4488,0.3721
1527538200,0.1633,28.3,0.3626,59.7,0.00185,0.1977,0.439,0.3632
1527538500,0.1664,21.7,0.3626,66.9,0.00213,0.2007,0.4374,0.3619
1527538800,0.1632,26.2,0.3654,70.1,0.00141,0.197,0.441,0.3621
1527539100,0.233,27.7,0.3685,66.4,0.0015,0.2585,0.4088,0.3328
1527539400,0.1854,26.0,0.3703,75.2,0.00149,0.2167,0.4327,0.3506
1527539700,0.1617,26.5,0.3689,63.9,0.00133,0.1947,0.4441,0.3612
1527540000,0.1703,24.3,0.3671,74.6,0.00148,0.2034,0.4384,0.3583
1527540300,0.1782,26.3,0.3684,64.6,0.00203,0.2105,0.4352,0.3544
1527540600,0.1621,29.4,0.3693,60.1,0.0015,0.195,0.4442,0.3608
1527540900,0.2033,27.5,0.3702,67.6,0.00271,0.2327,0.4238,0.3434
1527541200,0.1739,29.7,0.3663,66.8,0.00127,0.207,0.436,0.3571
1527541500,0.1706,23.6,0.3663,64.7,0.00355,0.2038,0.4377,0.3585
1527541800,0.1906,29.9,0.3668,67.8,0.00234,0.2223,0.4278,0.3499
1527542100,0.1424,29.3,0.3687,66.2,0.00188,0.1756,0.4546,0.3699
1527542400,0.1358,17.1,0.3695,62.6,0.0021,0.1686,0.4588,0.3725
1527542700,0.2169,27.8,0.3729,71.3,0.00169,0.2438,0.4191,0.3372
1527543000,0.1644,28.2,0.3738,56.2,0.00155,0.1961,0.446,0.3579
1527543300,0.157,25.4,0.37,68.1,0.00173,0.1898,0.4474,0.3628
1527543600,0.1621,27.5,0.3656,65.7,0.00189,0.1958,0.4417,0.3625
1527543900,0.1621,24.5,0.3618,75.9,0.00116,0.1967,0.4391,0.3641
1527544200,0.1426,25.2,0.3564,58.6,0.00238,0.1785,0.4461,0.3755
1527544500,0.1678,26.3,0.3589,55.9,0.00121,0.203,0.4341,0.3629
1527544800,0.133,27.8,0.3576,67.0,0.0011,0.1682,0.4523,0.3795
1527545100,0.1527,26.5,0.357,67.3,0.00223,0.1886,0.4409,0.3705
1527545400,0.1641,27.5,0.3554,60.4,0.00137,0.2002,0.4337,0.3661
1527545700,0.1427,23.8,0.3561,55.1,0.00128,0.1786,0.4458,0.3756
1527546000,0.1616,24.8,0.3545,75.4,0.00145,0.198,0.4344,0.3676
1527546300,0.2574,31.7,0.3566,84.2,0.00128,0.2816,0.3902,0.3282
1527546600,0.191,29.6,0.3606,54.2,0.00173,0.2243,0.4234,0.3523
1527546900,0.1947,27.4,0.3607,66.7,0.00118,0.2276,0.4217,0.3507
1527547200,0.2196,31.2,0.3599,81.9,0.0012,0.2497,0.4092,0.3411
1527547500,0.2418,38.2,0.3603,71.3,0.0014,0.268,0.3994,0.3326
1527547800,0.2066,32.1,0.362,67.7,0.00158,0.2379,0.4168,0.3454
1527548100,0.2485,31.4,0.3614,73.2,0.00234,0.2731,0.3972,0.3297
1527548400,0.2136,33.6,0.3605,64.6,0.00304,0.2444,0.4124,0.3432
1527548700,0.2201,29.2,0.3603,61.8,0.00188,0.25,0.4092,0.3408
1527549000,0.2192,24.2,0.3594,78.2,0.00162,0.2495,0.4091,0.3415
1527549300,0.1783,24.5,0.3589,56.8,0.00175,0.213,0.4287,0.3583
1527549600,0.1657,21.0,0.3576,68.1,0.00126,0.2013,0.4343,0.3644
1527549900,0.2643,32.4,0.3566,81.7,0.00249,0.287,0.3872,0.3258
1527550200,0.2,29.1,0.3594,61.3,0.00182,0.2327,0.4182,0.3491
1527550500,0.19,33.3,0.3603,63.5,0.00185,0.2235,0.4237,0.3528
1527550800,0.229,32.0,0.3601,80.2,0.00122,0.2576,0.405,0.3374
1527551100,0.2196,29.7,0.3585,75.2,0.0018,0.2501,0.4083,0.3416
1527551400,0.1989,31.4,0.3567,66.2,0.0026,0.2325,0.4169,0.3506
1527551700,0.2365,24.9,0.3601,80.9,0.0028,0.2638,0.4016,0.3346
1527552000,0.1776,28.1,0.3533,75.0,0.00302,0.2137,0.4252,0.3611
1527552300,0.1859,30.3,0.3542,70.2,0.00154,0.2213,0.4216,0.3571
1527552600,0.2199,26.0,0.3549,66.6,0.00186,0.2514,0.4057,0.3429
1527552900,0.1788,30.9,0.354,65.4,0.00154,0.2147,0.4251,0.3602
1527553200,0.1793,28.6,0.3543,69.6,0.00166,0.2151,0.425,0.3599
1527553500,0.2856,33.7,0.3571,77.4,0.00124,0.303,0.3788,0.3182
1527553800,0.2171,32.1,0.3604,77.3,0.00175,0.2474,0.4107,0.3419
1527554100,0.1945,35.4,0.3578,60.3,0.00142,0.2282,0.4198,0.352
1527554400,0.2626,33.9,0.3576,67.3,0.00221,0.2854,0.3886,0.326
1527554700,0.282,35.5,0.3559,79.3,0.00111,0.3007,0.3795,0.3199
1527555000,0.2475,30.9,0.3538,71.8,0.0025,0.2746,0.3925,0.3329
1527555300,0.2809,32.1,0.3538,74.3,0.0012,0.3005,0.3785,0.321
1527555600,0.234,33.9,0.3503,62.8,0.00225,0.2646,0.3961,0.3393
1527555900,0.2433,29.5,0.349,74.4,0.00121,0.2727,0.3911,0.3362
1527556200,0.2503,32.7,0.35,74.7,0.00168,0.278,0.3888,0.3332
1527556500,0.1966,27.3,0.3506,73.6,0.00129,0.2321,0.4138,0.3541
1527556800,0.1792,29.0,0.3511,68.3,0.00208,0.2158,0.4229,0.3613
1527557100,0.2819,35.7,0.3522,77.4,0.00259,0.3018,0.377,0.3212
1527557400,0.2149,33.2,0.349,78.6,0.00353,0.2488,0.404,0.3473
1527557700,0.1856,26.5,0.3462,60.7,0.00183,0.2231,0.4162,0.3607
1527558000,0.2412,31.1,0.3441,77.3,0.0013,0.2725,0.3887,0.3389
1527558300,0.2557,30.0,0.3445,65.5,0.00146,0.284,0.3827,0.3333
1527558600,0.2163,28.8,0.3483,66.6,0.00265,0.2502,0.4028,0.347
1527558900,0.2533,33.9,0.3519,68.1,0.00198,0.2798,0.3888,0.3314
1527559200,0.2205,32.7,0.3523,76.7,0.00113,0.2526,0.4036,0.3437
1527559500,0.2107,27.0,0.3543,70.7,0.00108,0.2436,0.4096,0.3468
1527559800,0.227,33.5,0.3531,72.6,0.00138,0.2579,0.4012,0.3409
1527560100,0.212,33.9,0.3518,64.6,0.00144,0.2454,0.4073,0.3473
1527560400,0.1875,29.4,0.3505,67.0,0.00134,0.2237,0.4183,0.358
1527560700,0.2708,39.6,0.3514,72.5,0.00119,0.2936,0.381,0.3253
1527561000,0.217,27.9,0.3511,74.0,0.00106,0.25,0.4044,0.3456
1527561300,0.2011,25.3,0.3462,64.2,0.00166,0.2373,0.4086,0.3541
1527561600,0.2382,26.3,0.3464,81.8,0.00324,0.2693,0.3916,0.3391
1527561900,0.2713,38.5,0.3432,67.1,0.00254,0.2967,0.3753,0.328
1527562200,0.2458,34.2,0.3447,69.7,0.0032,0.276,0.3871,0.3369
1527562500,0.2731,34.0,0.347,87.4,0.00208,0.2968,0.3771,0.3261
1527562800,0.2502,33.4,0.3477,72.4,0.00123,0.2787,0.3872,0.3341
1527563100,0.2229,27.2,0.3473,64.4,0.00167,0.2561,0.3991,0.3447
1527563400,0.2181,37.6,0.3475,73.1,0.004,0.252,0.4015,0.3466
1527563700,0.1974,29.2,0.3498,66.9,0.00103,0.233,0.4129,0.3541
1527564000,0.1772,27.7,0.3542,62.7,0.00179,0.2131,0.426,0.3608
1527564300,0.2749,36.4,0.3568,70.9,0.00199,0.2951,0.383,0.322
1527564600,0.2354,32.9,0.3581,90.2,0.0017,0.2635,0.4008,0.3358
1527564900,0.2283,31.7,0.3573,71.3,0.0013,0.2578,0.4035,0.3388
1527565200,0.2294,28.7,0.3566,61.4,0.00162,0.2589,0.4025,0.3386
1527565500,0.224,32.1,0.35,81.4,0.00139,0.2563,0.4005,0.3432
1527565800,0.2228,36.2,0.3505,75.9,0.00203,0.2551,0.4014,0.3435
1527566100,0.2302,35.2,0.3522,68.4,0.00189,0.2609,0.3991,0.34
1527566400,0.1907,33.1,0.3536,63.5,0.00143,0.2259,0.4188,0.3553
1527566700,0.2093,28.1,0.3512,75.0,0.00113,0.2432,0.4081,0.3486
1527567000,0.2099,26.7,0.3498,69.5,0.00149,0.2442,0.4069,0.349
1527567300,0.1777,27.1,0.3492,56.2,0.00121,0.2149,0.4223,0.3628
1527567600,0.1875,28.3,0.3499,79.5,0.0017,0.2239,0.4178,0.3583
1527567900,0.2904,38.6,0.3531,76.4,0.00188,0.3078,0.3742,0.318
1527568200,0.2548,27.8,0.352,84.5,0.00274,0.281,0.3882,0.3308
1527568500,0.35,44.1,0.3511,92.7,0.00185,0.3496,0.3507,0.2997
1527568800,0.3579,39.6,0.3518,79.8,0.00123,0.3545,0.3484,0.2971
1527569100,0.3543,38.5,0.3536,91.6,0.00102,0.3515,0.3508,0.2976
1527569400,0.3504,36.5,0.3575,81.1,0.00167,0.3477,0.3547,0.2976
1527569700,0.2827,29.8,0.3538,67.1,0.00191,0.3019,0.3778,0.3203
1527570000,0.2797,37.0,0.3531,75.4,0.00298,0.2998,0.3785,0.3216
1527570300,0.3147,37.2,0.3533,83.9,0.00119,0.3251,0.365,0.3099
1527570600,0.3055,32.5,0.3516,77.8,0.00108,0.3192,0.3674,0.3134
1527570900,0.2569,29.1,0.3473,73.8,0.00185,0.2841,0.3841,0.3318
1527571200,0.2138,29.0,0.3475,78.2,0.00287,0.2482,0.4035,0.3483
1527571500,0.334,43.4,0.3485,84.0,0.00103,0.3399,0.3547,0.3053
1527571800,0.3326,37.5,0.3425,78.2,0.00198,0.3411,0.3512,0.3077
1527572100,0.2995,31.5,0.3457,84.2,0.00164,0.3169,0.3657,0.3174
1527572400,0.2982,35.1,0.3442,81.0,0.00223,0.3164,0.3652,0.3183
1527572700,0.2206,29.6,0.3443,56.9,0.00119,0.2551,0.3981,0.3469
1527573000,0.1543,17.7,0.3431,68.0,0.00106,0.1935,0.4303,0.3762
1527573300,0.2338,31.2,0.3426,75.7,0.00191,0.2668,0.3909,0.3423
1527573600,0.1536,25.1,0.3411,65.5,0.0031,0.1933,0.4292,0.3775
1527573900,0.1669,28.8,0.3418,72.0,0.00148,0.2064,0.4227,0.371
1527574200,0.1667,32.2,0.3418,62.6,0.00215,0.2062,0.4228,0.3711
1527574500,0.118,26.6,0.3383,63.8,0.00109,0.156,0.4473,0.3967
1527574800,0.1115,22.0,0.3384,51.7,0.00191,0.1487,0.4513,0.4001
1527575100,0.1943,25.3,0.3414,71.9,0.00102,0.2325,0.4085,0.359
1527575400,0.14,32.5,0.345,75.7,0.00149,0.1783,0.4395,0.3822
1527575700,0.1265,24.0,0.3377,56.7,0.00187,0.1655,0.4419,0.3926
1527576000,0.1638,26.5,0.3368,61.8,0.00249,0.2046,0.4207,0.3747
1527576300,0.1918,28.4,0.3367,64.9,0.00156,0.2315,0.4064,0.3621
1527576600,0.1784,28.1,0.3383,68.6,0.00205,0.2184,0.4142,0.3673
1527576900,0.1895,27.8,0.3391,62.6,0.00137,0.2287,0.4092,0.3621
1527577200,0.1579,24.3,0.3375,68.3,0.00182,0.1985,0.4243,0.3772
1527577500,0.1495,23.8,0.3346,70.0,0.00187,0.1907,0.4267,0.3826
1527577800,0.1526,25.6,0.3322,68.5,0.00149,0.1944,0.4233,0.3823
1527578100,0.1162,21.5,0.3302,51.0,0.00235,0.1557,0.4424,0.4019
1527578400,0.0941,19.4,0.3296,65.4,0.00256,0.13,0.4554,0.4145
1527578700,0.1852,28.3,0.3293,74.1,0.00215,0.2274,0.4043,0.3683
1527579000,0.0889,20.5,0.3316,63.9,0.00125,0.1234,0.4602,0.4164
1527579300,0.0905,25.8,0.3293,61.3,0.00143,0.1257,0.4575,0.4168
1527579600,0.128,16.0,0.3282,64.1,0.0017,0.1693,0.434,0.3967
1527579900,0.1365,27.8,0.3188,69.8,0.00128,0.1807,0.4221,0.3972
1527580200,0.1077,26.3,0.3171,72.3,0.00214,0.1486,0.4375,0.4139
1527580500,0.14,18.6,0.3185,58.3,0.00145,0.1846,0.4199,0.3955
1527580800,0.0923,20.4,0.3172,65.7,0.00132,0.1301,0.4471,0.4228
1527581100,0.0959,20.6,0.316,59.1,0.00151,0.1347,0.4439,0.4214
1527581400,0.1081,18.3,0.3154,60.0,0.00136,0.1494,0.4359,0.4147
1527581700,0.0573,16.7,0.312,46.5,0.00141,0.0856,0.4662,0.4482
1527582000,0.0642,16.2,0.3117,54.7,0.0024,0.095,0.4612,0.4439
1527582300,0.1407,30.1,0.314,58.1,0.00308,0.1864,0.4161,0.3975
1527582600,0.0804,23.4,0.3127,55.3,0.0018,0.116,0.4512,0.4328
1527582900,0.0593,23.0,0.3128,49.3,0.00254,0.0882,0.4654,0.4464
1527583200,0.0918,23.6,0.3097,56.5,0.00223,0.1309,0.4415,0.4277
1527583500,0.1068,19.1,0.307,58.2,0.00164,0.1496,0.4301,0.4203
1527583800,0.0569,17.4,0.3051,56.3,0.00222,0.086,0.4609,0.4532
1527584100,0.0723,21.5,0.3076,47.5,0.0017,0.1063,0.4524,0.4412
1527584400,0.0348,13.8,0.3063,44.8,0.00136,0.0543,0.4778,0.4679
1527584700,0.0349,19.6,0.3044,55.7,0.002,0.0546,0.4761,0.4693
1527585000,0.0703,19.2,0.305,52.2,0.00225,0.1041,0.4517,0.4442
1527585300,0.0291,15.9,0.3037,59.4,0.00119,0.046,0.4799,0.4741
1527585600,0.01,17.8,0.3046,52.4,0.0022,0.0163,0.4956,0.4881
1527585900,0.1148,24.4,0.3091,65.1,0.00206,0.1586,0.427,0.4144
1527586200,0.0951,20.6,0.3221,68.0,0.00112,0.1326,0.4491,0.4183
1527586500,0.1158,26.6,0.3279,59.7,0.00197,0.1557,0.4409,0.4034
1527586800,0.1221,20.3,0.3283,58.8,0.00143,0.1627,0.4375,0.3998
1527587100,0.1222,25.4,0.3271,67.5,0.00249,0.1631,0.4365,0.4004
1527587400,0.1186,25.1,0.3257,64.9,0.00115,0.1593,0.4376,0.4031
1527587700,0.1047,21.4,0.3225,59.3,0.00113,0.144,0.4435,0.4125
1527588000,0.0455,19.2,0.3229,62.9,0.00302,0.0681,0.4831,0.4488
1527588300,0.0382,13.9,0.3223,52.5,0.00219,0.0578,0.488,0.4542
1527588600,0.0971,24.6,0.3214,59.9,0.00219,0.1351,0.4473,0.4175
1527588900,0.1079,22.0,0.322,60.9,0.00207,0.1478,0.4412,0.411
1527589200,0.0803,19.1,0.3265,52.4,0.00185,0.1136,0.4619,0.4244
1527589500,0.1723,30.2,0.3317,67.7,0.00229,0.2143,0.4126,0.3731
1527589800,0.0893,19.1,0.336,67.3,0.00128,0.1231,0.4633,0.4136
1527590100,0.065,15.3,0.3284,59.2,0.00158,0.0937,0.4736,0.4327
1527590400,0.123,18.9,0.328,62.5,0.00209,0.1638,0.4368,0.3995
1527590700,0.1233,25.4,0.3289,61.4,0.00213,0.1639,0.4373,0.3988
1527591000,0.0774,16.6,0.3291,59.7,0.00211,0.1096,0.4658,0.4246
1527591300,0.0912,26.6,0.3262,63.6,0.00104,0.1271,0.4547,0.4182
1527591600,0.0638,13.2,0.3239,60.0,0.00172,0.0928,0.471,0.4362
1527591900,0.0572,24.1,0.3272,53.7,0.00119,0.0836,0.4781,0.4383
1527592200,0.0936,22.2,0.3309,61.3,0.00194,0.1292,0.4567,0.4141
1527592500,0.0683,19.5,0.3323,59.7,0.00202,0.0975,0.4743,0.4282
1527592800,0.0424,16.3,0.3322,48.2,0.00143,0.0629,0.4924,0.4447
1527593100,0.1233,24.8,0.3345,63.3,0.00132,0.1627,0.4414,0.3959
1527593400,0.0977,21.7,0.333,46.8,0.00231,0.1337,0.4557,0.4106
1527593700,0.0708,23.3,0.3342,60.0,0.00198,0.1004,0.474,0.4255
1527594000,0.1022,22.5,0.3368,64.2,0.00178,0.1383,0.4558,0.406
1527594300,0.1064,22.9,0.3373,65.1,0.00179,0.1431,0.4535,0.4034
1527594600,0.0841,19.8,0.3309,56.0,0.00215,0.1176,0.4628,0.4196
1527594900,0.1105,22.6,0.3308,62.9,0.00203,0.1491,0.4462,0.4047
1527595200,0.0842,21.8,0.3324,67.0,0.00132,0.1175,0.4639,0.4186
1527595500,0.085,15.8,0.3336,67.0,0.00178,0.1183,0.4642,0.4175
1527595800,0.106,18.4,0.3342,60.4,0.00169,0.1432,0.4515,0.4053
1527596100,0.0797,22.8,0.3302,58.8,0.00159,0.1123,0.4651,0.4226
1527596400,0.0695,20.4,0.3332,63.6,0.00175,0.0989,0.4742,0.4269
1527596700,0.2041,28.7,0.335,61.4,0.00127,0.2432,0.3992,0.3575
1527597000,0.1823,27.8,0.3373,66.3,0.00272,0.2224,0.4115,0.366
1527597300,0.1616,27.4,0.3399,74.2,0.00198,0.2016,0.4241,0.3743
1527597600,0.2191,28.7,0.3389,77.8,0.00143,0.2554,0.395,0.3497
1527597900,0.2318,28.9,0.3408,75.4,0.00237,0.2656,0.3906,0.3438
1527598200,0.1844,28.5,0.3448,59.4,0.0019,0.2224,0.4158,0.3618
1527598500,0.2045,26.4,0.3462,70.2,0.00262,0.2404,0.407,0.3527
1527598800,0.1148,24.3,0.3436,57.9,0.00265,0.1514,0.4531,0.3956
1527599100,0.1435,19.9,0.3452,66.3,0.00153,0.1819,0.4377,0.3804
1527599400,0.1564,29.0,0.3471,60.8,0.00119,0.1946,0.432,0.3734
1527599700,0.1132,24.3,0.3449,55.2,0.00141,0.1493,0.455,0.3957
1527600000,0.0906,22.1,0.3457,46.7,0.00167,0.123,0.4695,0.4074
1527600300,0.2071,32.4,0.346,78.0,0.00284,0.2428,0.4056,0.3517
1527600600,0.1175,28.2,0.3488,59.4,0.00101,0.1533,0.4552,0.3915
1527600900,0.1205,26.5,0.3462,63.0,0.00229,0.1572,0.4515,0.3913
1527601200,0.1326,18.8,0.3437,63.2,0.00103,0.1708,0.4427,0.3864
1527601500,0.113,19.1,0.3419,54.9,0.00312,0.1497,0.4529,0.3974
1527601800,0.0986,20.0,0.3425,52.3,0.00151,0.133,0.4622,0.4048
1527602100,0.1186,23.4,0.344,55.8,0.00119,0.1555,0.4511,0.3934
1527602400,0.0789,22.1,0.3404,53.6,0.00191,0.1097,0.4732,0.4171
1527602700,0.1164,21.0,0.3437,63.8,0.00128,0.1531,0.4522,0.3947
1527603000,0.1158,23.7,0.3444,56.8,0.00129,0.1523,0.453,0.3946
1527603300,0.0916,19.1,0.3451,69.6,0.00136,0.1243,0.4684,0.4072
1527603600,0.0955,19.9,0.347,65.7,0.00123,0.1286,0.4673,0.404
1527603900,0.1765,23.1,0.3498,72.5,0.00196,0.2136,0.4233,0.3631
1527604200,0.1246,21.0,0.3513,61.7,0.00185,0.1606,0.4528,0.3866
1527604500,0.129,20.0,0.3484,72.0,0.00274,0.1659,0.4482,0.3859
1527604800,0.1379,21.7,0.3476,62.5,0.00197,0.1756,0.4425,0.3819
1527605100,0.1514,28.8,0.3443,65.0,0.0024,0.1903,0.4327,0.377
1527605400,0.1378,21.8,0.3443,64.8,0.00196,0.1762,0.4402,0.3836
1527605700,0.1799,35.5,0.3456,72.2,0.00135,0.2179,0.4187,0.3634
1527606000,0.1365,26.0,0.3459,67.5,0.00223,0.1745,0.4421,0.3834
1527606300,0.158,26.6,0.3455,62.9,0.00158,0.1966,0.43,0.3734
1527606600,0.1616,23.7,0.3439,63.0,0.00193,0.2006,0.4269,0.3724
1527606900,0.1316,26.3,0.3434,67.0,0.00144,0.1698,0.4431,0.3871
1527607200,0.1284,22.3,0.3434,67.1,0.00172,0.1664,0.4449,0.3887
1527607500,0.1918,28.8,0.3327,66.8,0.00329,0.2326,0.4035,0.3639
1527607800,0.1292,31.7,0.3318,53.4,0.00232,0.1698,0.436,0.3942
1527608100,0.1237,23.4,0.3312,61.1,0.00229,0.1639,0.4387,0.3974
1527608400,0.1538,29.2,0.3278,69.1,0.00122,0.1968,0.4194,0.3838
1527608700,0.1466,23.2,0.3266,75.5,0.00286,0.1896,0.4224,0.388
1527609000,0.1421,24.8,0.3264,57.0,0.0017,0.1849,0.4247,0.3904
1527609300,0.1813,33.0,0.3287,65.6,0.00192,0.2238,0.4058,0.3704
1527609600,0.1193,21.5,0.3294,59.6,0.00117,0.1593,0.44,0.4007
1527609900,0.1254,29.2,0.3288,70.7,0.00137,0.1663,0.436,0.3978
1527610200,0.1496,27.6,0.3303,64.8,0.00118,0.1918,0.4235,0.3847
1527610500,0.1022,20.5,0.33,54.8,0.00107,0.1396,0.4507,0.4097
1527610800,0.1036,24.1,0.329,63.7,0.00236,0.1414,0.4491,0.4095
1527611100,0.1941,31.5,0.3324,67.0,0.00142,0.2348,0.4022,0.363
1527611400,0.1313,26.1,0.3335,55.8,0.00146,0.1717,0.4361,0.3923
1527611700,0.1244,19.0,0.3319,57.1,0.00217,0.1645,0.4388,0.3967
1527612000,0.1515,23.4,0.3324,75.6,0.00139,0.1933,0.424,0.3827
1527612300,0.1746,26.5,0.3335,69.8,0.00226,0.2161,0.4127,0.3712
1527612600,0.1596,25.9,0.3344,66.6,0.00221,0.201,0.4212,0.3778
1527612900,0.1904,30.2,0.3357,67.5,0.00114,0.2305,0.4064,0.3632
1527613200,0.1505,26.1,0.3353,66.8,0.00114,0.1915,0.4267,0.3818
1527613500,0.1648,22.5,0.3352,68.2,0.00163,0.206,0.419,0.375
1527613800,0.1767,28.5,0.3375,69.4,0.00162,0.217,0.4145,0.3685
1527614100,0.145,27.0,0.3367,65.2,0.00185,0.1855,0.4307,0.3838
1527614400,0.1386,26.4,0.3428,69.1,0.00198,0.1774,0.4387,0.3839
1527614700,0.2522,35.9,0.3526,75.4,0.00178,0.2787,0.3897,0.3316
1527615000,0.1791,30.0,0.3548,62.0,0.00179,0.2148,0.4255,0.3598
1527615300,0.1592,27.5,0.3508,62.2,0.00157,0.1965,0.4331,0.3704
1527615600,0.1668,26.5,0.35,54.8,0.00113,0.2042,0.4285,0.3673
1527615900,0.1672,21.7,0.348,78.9,0.00118,0.2051,0.4269,0.368
1527616200,0.1575,27.3,0.3481,70.9,0.00221,0.1955,0.4321,0.3724
1527616500,0.1897,28.9,0.3488,64.0,0.00137,0.2262,0.416,0.3578
1527616800,0.1543,26.6,0.3473,63.7,0.00137,0.1925,0.4333,0.3743
1527617100,0.1443,21.3,0.3507,60.6,0.0018,0.1815,0.4411,0.3774
1527617400,0.164,23.2,0.3526,75.7,0.00166,0.2008,0.4318,0.3674
1527617700,0.148,28.5,0.3519,56.3,0.00124,0.185,0.4399,0.375
1527618000,0.1534,25.6,0.3532,66.0,0.0018,0.1902,0.4379,0.3719
1527618300,0.2361,33.6,0.3576,73.0,0.0018,0.2642,0.4001,0.3357
1527618600,0.1859,28.1,0.3597,73.6,0.00235,0.2198,0.4254,0.3548
1527618900,0.1754,27.4,0.3556,66.9,0.0011,0.2111,0.4279,0.361
1527619200,0.2032,32.0,0.3534,59.8,0.00113,0.2372,0.4126,0.3502
1527619500,0.2097,28.1,0.3486,69.5,0.00281,0.2443,0.4062,0.3495
1527619800,0.2016,29.4,0.3484,64.3,0.00144,0.2372,0.4099,0.3529
1527620100,0.2546,31.4,0.3489,75.9,0.00126,0.2818,0.3862,0.332
1527620400,0.205,28.0,0.3459,79.1,0.00143,0.2409,0.4065,0.3526
1527620700,0.169,25.9,0.3431,56.5,0.0012,0.2081,0.4225,0.3694
1527621000,0.1867,28.7,0.344,63.9,0.00168,0.2248,0.4141,0.3611
1527621300,0.1689,25.4,0.3428,63.6,0.00111,0.2081,0.4223,0.3696
1527621600,0.1273,27.7,0.342,60.4,0.00101,0.1655,0.4446,0.39
1527621900,0.2265,28.2,0.3449,77.1,0.00125,0.2599,0.3958,0.3443
1527622200,0.1873,27.6,0.3443,67.7,0.00193,0.2252,0.414,0.3608
1527622500,0.1512,24.3,0.3452,67.6,0.00168,0.1899,0.4335,0.3767
1527622800,0.1993,33.3,0.3418,66.2,0.00149,0.237,0.4064,0.3567
1527623100,0.1909,29.0,0.3424,70.5,0.00167,0.2291,0.4109,0.36
1527623400,0.1594,29.3,0.3428,70.6,0.00133,0.1987,0.4273,0.374
1527623700,0.1939,24.1,0.3423,65.0,0.00243,0.2319,0.4094,0.3588
1527624000,0.1585,26.9,0.3412,70.5,0.00157,0.1982,0.4267,0.3751
1527624300,0.1503,28.2,0.3382,65.3,0.00213,0.1906,0.4289,0.3805
1527624600,0.177,27.6,0.3375,74.0,0.0016,0.2173,0.4144,0.3683
1527624900,0.1836,31.0,0.336,67.2,0.00137,0.224,0.41,0.366
1527625200,0.1792,26.0,0.3395,70.2,0.00191,0.2189,0.4147,0.3664
1527625500,0.2421,36.2,0.3456,74.0,0.00173,0.2727,0.3893,0.338
1527625800,0.192,35.3,0.3483,68.6,0.00234,0.2285,0.4145,0.357
1527626100,0.1716,25.9,0.3471,68.7,0.00161,0.2096,0.424,0.3664
1527626400,0.2076,28.2,0.3465,74.0,0.00195,0.2431,0.4057,0.3512
1527626700,0.2141,34.3,0.3443,63.9,0.00226,0.2494,0.4011,0.3495
1527627000,0.1848,32.7,0.3453,77.1,0.00173,0.2226,0.416,0.3614
1527627300,0.203,27.6,0.3474,59.1,0.00189,0.2387,0.4085,0.3528
1527627600,0.1717,25.8,0.3457,63.1,0.00128,0.2101,0.4229,0.367
1527627900,0.2012,28.2,0.3482,69.6,0.00209,0.2369,0.4099,0.3532
1527628200,0.2203,26.4,0.3497,74.5,0.00112,0.2532,0.402,0.3448
1527628500,0.1973,26.1,0.3505,79.2,0.00121,0.2327,0.4134,0.3539
1527628800,0.195,25.6,0.3503,58.4,0.00136,0.2307,0.4144,0.3549
1527629100,0.2923,33.2,0.3508,76.2,0.0024,0.3099,0.372,0.3181
1527629400,0.2533,32.6,0.3504,62.6,0.00182,0.2803,0.3877,0.332
1527629700,0.2318,31.9,0.351,73.4,0.00149,0.2626,0.3976,0.3398
1527630000,0.2169,34.8,0.3501,73.3,0.00297,0.2502,0.4038,0.346
1527630300,0.2238,27.7,0.3481,81.9,0.00144,0.2567,0.3992,0.3441
1527630600,0.2166,33.1,0.3467,72.4,0.00272,0.2509,0.4016,0.3475
1527630900,0.2181,29.6,0.3478,78.1,0.00401,0.2519,0.4017,0.3465
1527631200,0.1815,27.6,0.3452,71.7,0.00169,0.2195,0.4176,0.3629
1527631500,0.1855,30.0,0.3456,65.9,0.00116,0.2232,0.4158,0.361
1527631800,0.1887,24.8,0.3439,60.4,0.00185,0.2266,0.413,0.3603
1527632100,0.1665,27.8,0.3432,68.3,0.0018,0.2056,0.4239,0.3705
1527632400,0.1681,27.3,0.3441,57.9,0.00271,0.207,0.4237,0.3694
1527632700,0.2796,36.0,0.3466,85.7,0.00178,0.3019,0.3742,0.3239
1527633000,0.2308,32.0,0.3496,72.1,0.00137,0.2622,0.3971,0.3408
1527633300,0.2181,37.6,0.3512,79.0,0.00194,0.2509,0.404,0.3451
1527633600,0.2543,30.9,0.3491,72.5,0.00114,0.2815,0.3864,0.3321
1527633900,0.2584,31.5,0.3448,77.5,0.00187,0.2861,0.3818,0.3322
1527634200,0.2801,32.7,0.3455,79.3,0.00139,0.3026,0.3733,0.3241
1527634500,0.3636,38.8,0.3467,86.1,0.00129,0.3599,0.3432,0.2969
1527634800,0.277,32.5,0.3492,75.1,0.00382,0.2991,0.377,0.3239
1527635100,0.2976,39.4,0.354,82.1,0.00208,0.3127,0.372,0.3153
1527635400,0.2945,39.9,0.3545,73.9,0.00215,0.3103,0.3736,0.3161
1527635700,0.2355,29.8,0.3533,66.3,0.00246,0.265,0.3975,0.3375
1527636000,0.2329,28.8,0.3536,80.7,0.00171,0.2627,0.3989,0.3384
1527636300,0.3259,39.2,0.3574,87.0,0.00107,0.3314,0.3635,0.3051
1527636600,0.2565,31.3,0.3556,76.0,0.002,0.2812,0.3899,0.3289
1527636900,0.2638,35.4,0.3548,86.4,0.0026,0.2872,0.3862,0.3266
1527637200,0.2925,36.1,0.3544,77.6,0.00241,0.3089,0.3743,0.3168
1527637500,0.3622,35.8,0.3492,94.2,0.00153,0.3581,0.3453,0.2966
1527637800,0.3311,42.8,0.3474,84.2,0.00278,0.3384,0.355,0.3066
1527638100,0.3116,42.2,0.3495,75.0,0.001,0.3242,0.3636,0.3121
1527638400,0.2478,30.5,0.3488,85.9,0.00359,0.2764,0.389,0.3346
1527638700,0.2468,31.1,0.3477,80.6,0.00114,0.2759,0.3887,0.3354
1527639000,0.2687,34.7,0.3493,76.1,0.00158,0.2927,0.3805,0.3268
1527639300,0.2354,32.5,0.3494,77.9,0.0024,0.266,0.3949,0.3391
1527639600,0.2188,32.3,0.353,69.5,0.00228,0.251,0.4049,0.3441
1527639900,0.3295,44.1,0.3582,87.9,0.00151,0.3336,0.3627,0.3037
1527640200,0.2635,32.9,0.3623,62.0,0.00114,0.2846,0.3913,0.324
1527640500,0.2517,30.2,0.3603,69.1,0.00151,0.276,0.3951,0.3289
1527640800,0.3103,32.6,0.3612,86.9,0.00182,0.3194,0.3718,0.3088
1527641100,0.322,35.3,0.3623,80.7,0.00115,0.3271,0.3681,0.3048
1527641400,0.2815,34.6,0.3652,79.4,0.00211,0.2973,0.3858,0.3169
1527641700,0.3147,42.4,0.3592,73.4,0.00278,0.3231,0.3688,0.308
1527642000,0.2677,32.2,0.3611,87.9,0.00105,0.2882,0.3888,0.323
1527642300,0.2829,35.5,0.3601,85.4,0.00226,0.3,0.3819,0.3181
1527642600,0.2848,34.9,0.3586,77.3,0.00193,0.3019,0.3801,0.318
1527642900,0.2352,35.0,0.3503,71.1,0.00108,0.2656,0.3956,0.3388
1527643200,0.2181,37.8,0.3517,78.0,0.00275,0.2507,0.4043,0.3449
1527643500,0.3178,35.7,0.3536,93.7,0.00157,0.3272,0.364,0.3088
1527643800,0.2743,32.7,0.35,83.2,0.00292,0.2968,0.3787,0.3246
1527644100,0.2714,37.1,0.3458,90.2,0.00318,0.2959,0.377,0.3271
1527644400,0.3001,38.1,0.346,74.5,0.00218,0.3172,0.3657,0.3171
1527644700,0.3019,41.7,0.3448,75.3,0.00182,0.3189,0.3642,0.3169
1527645000,0.2662,35.4,0.3434,69.5,0.00163,0.2927,0.3775,0.3298
1527645300,0.2894,34.2,0.3442,81.6,0.00146,0.31,0.3687,0.3213
1527645600,0.2611,35.0,0.3452,77.2,0.00265,0.2881,0.3809,0.331
1527645900,0.2523,36.0,0.3474,74.3,0.0021,0.2804,0.3861,0.3334
1527646200,0.2697,36.3,0.3447,81.8,0.00148,0.2949,0.377,0.3281
1527646500,0.246,33.7,0.3377,82.0,0.00154,0.2784,0.3821,0.3395
1527646800,0.2011,32.3,0.3345,61.0,0.00186,0.2407,0.4003,0.359
1527647100,0.2883,38.7,0.3346,75.2,0.00235,0.3124,0.3626,0.3251
1527647400,0.2404,36.0,0.3344,79.0,0.00129,0.2748,0.3823,0.3429
1527647700,0.1966,30.7,0.328,66.9,0.00138,0.2384,0.3978,0.3638
1527648000,0.2326,30.8,0.3242,68.5,0.00311,0.2715,0.3784,0.3501
1527648300,0.2351,31.9,0.322,79.6,0.00152,0.2743,0.3757,0.35
1527648600,0.1994,32.6,0.3171,62.2,0.00193,0.2442,0.3884,0.3674
1527648900,0.224,28.2,0.3163,70.6,0.00235,0.2666,0.3764,0.357
1527649200,0.2165,31.3,0.3099,73.6,0.00165,0.262,0.375,0.363
1527649500,0.2204,29.2,0.3124,68.6,0.00225,0.2646,0.3751,0.3602
1527649800,0.2271,31.0,0.3145,77.4,0.0015,0.2698,0.3737,0.3565
1527650100,0.1985,32.7,0.3138,66.4,0.00154,0.2444,0.3863,0.3693
1527650400,0.1652,27.1,0.3118,75.0,0.00127,0.2126,0.4013,0.3861
1527650700,0.2404,32.0,0.3132,73.3,0.00162,0.2816,0.3669,0.3515
1527651000,0.219,26.3,0.3147,75.9,0.00182,0.2627,0.3775,0.3598
1527651300,0.1955,30.9,0.3138,74.0,0.00127,0.2416,0.3877,0.3707
1527651600,0.2179,32.2,0.3125,68.0,0.00149,0.2624,0.3763,0.3613
1527651900,0.2189,36.8,0.3111,59.6,0.00167,0.2637,0.3748,0.3614
1527652200,0.1869,27.2,0.3089,70.9,0.00128,0.2349,0.3882,0.377
1527652500,0.1986,29.6,0.3087,70.3,0.00133,0.246,0.3824,0.3716
1527652800,0.2064,30.2,0.3097,74.0,0.00105,0.2529,0.3795,0.3676
1527653100,0.212,34.6,0.3083,69.8,0.00146,0.2584,0.3758,0.3657
1527653400,0.2172,29.9,0.3094,69.1,0.00139,0.2628,0.3743,0.3629
1527653700,0.2117,30.7,0.3111,83.2,0.00136,0.2573,0.3781,0.3646
1527654000,0.1953,30.5,0.3147,60.7,0.00185,0.2411,0.3885,0.3704
1527654300,0.2781,35.0,0.3135,82.2,0.00122,0.3119,0.3516,0.3365
1527654600,0.2984,34.5,0.3141,76.4,0.00165,0.327,0.3442,0.3288
1527654900,0.2892,35.8,0.3114,76.9,0.00247,0.3211,0.3458,0.3331
1527655200,0.2887,38.4,0.3101,77.0,0.00198,0.3212,0.345,0.3338
1527655500,0.3061,33.3,0.306,75.8,0.00101,0.3356,0.3355,0.3289
1527655800,0.3422,39.4,0.3056,87.6,0.00121,0.361,0.3224,0.3165
1527656100,0.3116,34.7,0.308,89.5,0.00205,0.3388,0.3349,0.3262
1527656400,0.2595,36.8,0.3072,78.8,0.00148,0.2994,0.3544,0.3461
1527656700,0.2995,31.4,0.3074,80.6,0.00237,0.3302,0.339,0.3308
1527657000,0.3192,35.7,0.3062,76.0,0.00107,0.3449,0.3309,0.3242
1527657300,0.2821,35.9,0.3054,81.3,0.00131,0.3179,0.3441,0.338
1527657600,0.299,40.6,0.3084,92.8,0.00126,0.3295,0.3399,0.3306
1527657900,0.3365,38.4,0.3112,81.4,0.00247,0.3551,0.3284,0.3166
1527658200,0.3243,36.0,0.3156,80.2,0.00349,0.345,0.3358,0.3192
1527658500,0.2475,38.0,0.3133,71.4,0.00212,0.2875,0.364,0.3485
1527658800,0.2745,29.9,0.3106,74.5,0.00179,0.3101,0.3509,0.3389
1527659100,0.2613,26.7,0.3099,59.7,0.00146,0.2999,0.3557,0.3444
1527659400,0.2318,32.5,0.3053,75.6,0.00434,0.2769,0.3647,0.3584
1527659700,0.251,31.1,0.3022,70.0,0.00228,0.2942,0.3542,0.3516
1527660000,0.2097,26.6,0.3013,61.3,0.00203,0.2586,0.3715,0.3699
1527660300,0.2182,32.4,0.3021,76.3,0.00151,0.266,0.3683,0.3657
1527660600,0.2111,30.5,0.3029,64.6,0.00117,0.2593,0.3721,0.3686
1527660900,0.1786,25.8,0.3031,65.8,0.00141,0.2285,0.3877,0.3838
1527661200,0.1804,23.8,0.3052,76.8,0.00164,0.2296,0.3885,0.3819
1527661500,0.251,35.2,0.3094,66.6,0.00189,0.2917,0.3596,0.3487
1527661800,0.2079,31.5,0.313,61.6,0.00182,0.2533,0.3813,0.3655
1527662100,0.1938,28.3,0.3094,71.0,0.00125,0.2413,0.3852,0.3735
1527662400,0.2209,36.0,0.3065,79.0,0.00142,0.267,0.3704,0.3626
1527662700,0.2145,26.8,0.3052,62.0,0.00209,0.2617,0.3723,0.366
1527663000,0.2023,24.6,0.3061,72.7,0.00175,0.2502,0.3786,0.3711
1527663300,0.2177,28.2,0.3066,75.3,0.0019,0.2641,0.372,0.3639
1527663600,0.17,26.8,0.3029,54.6,0.00184,0.22,0.3919,0.3881
1527663900,0.1826,28.5,0.3044,73.1,0.00172,0.232,0.3868,0.3812
1527664200,0.1864,27.3,0.3055,73.9,0.00151,0.2354,0.3858,0.3788
1527664500,0.1557,27.0,0.3046,63.7,0.00191,0.2048,0.4006,0.3946
1527664800,0.1597,22.4,0.3044,73.5,0.00216,0.209,0.3984,0.3926
1527665100,0.2355,35.8,0.3065,80.4,0.00208,0.2797,0.364,0.3563
1527665400,0.1802,27.4,0.3077,68.6,0.00126,0.2287,0.3905,0.3808
1527665700,0.1787,30.9,0.3049,65.2,0.00268,0.2281,0.3891,0.3828
1527666000,0.1837,28.9,0.3042,62.5,0.00252,0.2332,0.3861,0.3808
1527666300,0.1776,28.8,0.3053,67.5,0.00276,0.2268,0.39,0.3832
1527666600,0.1526,27.4,0.3053,68.7,0.00136,0.2013,0.4028,0.3958
1527666900,0.1861,29.4,0.3072,66.7,0.00138,0.2346,0.3872,0.3782
1527667200,0.1428,26.9,0.3075,51.1,0.00119,0.1903,0.4098,0.3998
1527667500,0.1646,30.5,0.3044,74.1,0.0017,0.214,0.3958,0.3901
1527667800,0.1903,28.9,0.3054,70.2,0.00107,0.2392,0.3838,0.377
1527668100,0.1509,27.7,0.3034,62.8,0.00174,0.2001,0.4022,0.3977
1527668400,0.1388,24.4,0.3,69.0,0.0017,0.1879,0.4061,0.4061
1527668700,0.252,37.0,0.303,84.3,0.00149,0.2947,0.3544,0.3509
1527669000,0.1866,26.0,0.3093,51.8,0.0019,0.2345,0.3886,0.3769
1527669300,0.1585,31.5,0.3121,68.5,0.00177,0.2057,0.405,0.3893
1527669600,0.2155,30.0,0.3108,63.0,0.00237,0.2608,0.3761,0.3631
1527669900,0.2264,26.6,0.3141,75.6,0.0015,0.2694,0.3737,0.3569
1527670200,0.1896,28.7,0.3178,69.7,0.00231,0.2348,0.3936,0.3716
1527670500,0.2229,28.6,0.3183,76.1,0.00185,0.265,0.3784,0.3566
1527670800,0.2025,31.7,0.3171,67.3,0.00173,0.2471,0.3869,0.366
1527671100,0.1769,25.4,0.318,56.5,0.00119,0.2225,0.4001,0.3774
1527671400,0.2286,29.7,0.3187,70.2,0.00137,0.2698,0.3761,0.3541
1527671700,0.1946,23.0,0.3157,71.9,0.00323,0.2402,0.3896,0.3702
1527672000,0.1766,26.0,0.3189,73.8,0.00116,0.222,0.4009,0.3771
1527672300,0.2563,25.7,0.3236,68.6,0.00134,0.2913,0.3678,0.3409
1527672600,0.2283,26.2,0.3284,79.0,0.00194,0.2665,0.3833,0.3502
1527672900,0.2026,31.5,0.3264,66.4,0.00192,0.2444,0.3937,0.3619
1527673200,0.2382,34.0,0.3291,76.0,0.00123,0.2746,0.3795,0.3459
1527673500,0.2675,35.0,0.3291,73.7,0.00116,0.2983,0.3671,0.3346
1527673800,0.276,31.4,0.328,78.7,0.00302,0.3053,0.3628,0.3319
1527674100,0.3091,36.5,0.3271,86.3,0.0011,0.3302,0.3494,0.3204
1527674400,0.2933,35.5,0.3268,72.0,0.00144,0.3188,0.3552,0.3261
1527674700,0.2466,28.8,0.3287,70.6,0.00165,0.2817,0.3755,0.3427
1527675000,0.2479,36.9,0.3268,75.9,0.00273,0.2834,0.3736,0.343
1527675300,0.2156,32.7,0.3256,86.0,0.00182,0.2563,0.3871,0.3566
1527675600,0.2111,29.1,0.3288,65.9,0.00335,0.2513,0.3915,0.3572
1527675900,0.3331,38.4,0.3348,95.6,0.00101,0.3441,0.3459,0.3099
1527676200,0.3206,38.1,0.3377,94.1,0.0012,0.3346,0.3524,0.3131
1527676500,0.3068,30.4,0.3352,80.1,0.00324,0.3257,0.3558,0.3185
1527676800,0.3273,37.2,0.3327,80.9,0.00283,0.3409,0.3466,0.3125
1527677100,0.3568,37.9,0.3319,81.5,0.0019,0.3609,0.3357,0.3034
1527677400,0.3636,37.4,0.3333,86.0,0.00114,0.3647,0.3343,0.3009
1527677700,0.3786,40.7,0.3359,79.4,0.0012,0.3732,0.3311,0.2957
1527678000,0.3757,46.7,0.339,87.1,0.00155,0.3703,0.3341,0.2957
1527678300,0.382,43.7,0.3407,97.2,0.00108,0.3735,0.3331,0.2933
1527678600,0.3829,40.1,0.3422,84.6,0.00226,0.3735,0.3338,0.2927
1527678900,0.3587,41.8,0.3402,84.4,0.00136,0.3591,0.3406,0.3003
1527679200,0.3228,41.8,0.3347,72.1,0.00332,0.3371,0.3496,0.3133
1527679500,0.4229,47.4,0.3393,94.5,0.00103,0.3981,0.3194,0.2824
1527679800,0.3805,41.8,0.3443,89.6,0.0016,0.3713,0.336,0.2927
1527680100,0.3662,38.7,0.3502,87.0,0.00202,0.3603,0.3445,0.2952
1527680400,0.3842,44.0,0.3528,87.1,0.00276,0.3705,0.3402,0.2893
1527680700,0.3903,43.5,0.3564,87.3,0.00133,0.3729,0.3405,0.2866
1527681000,0.3965,45.4,0.3585,92.7,0.00239,0.3758,0.3398,0.2844
1527681300,0.4539,48.7,0.3632,95.2,0.00132,0.4063,0.3251,0.2686
1527681600,0.4292,48.2,0.3624,94.8,0.00197,0.3932,0.332,0.2748
1527681900,0.4068,41.9,0.3601,92.0,0.00275,0.3813,0.3375,0.2812
1527682200,0.4153,48.0,0.3555,98.3,0.00152,0.3878,0.332,0.2802
1527682500,0.3996,43.6,0.3534,94.0,0.001,0.3795,0.3356,0.2849
1527682800,0.3906,48.6,0.3539,90.2,0.00169,0.374,0.3388,0.2872
1527683100,0.4917,47.4,0.3463,108.3,0.00127,0.4321,0.3043,0.2636
1527683400,0.4573,52.2,0.3468,98.3,0.00107,0.4142,0.3141,0.2717
1527683700,0.4453,46.8,0.3507,102.4,0.00233,0.4063,0.32,0.2737
1527684000,0.4723,46.1,0.3534,100.9,0.00127,0.4196,0.3139,0.2665
1527684300,0.4973,48.4,0.35,88.7,0.00162,0.4335,0.3051,0.2615
1527684600,0.4968,48.8,0.3518,107.5,0.00112,0.4325,0.3063,0.2612
1527684900,0.5367,53.8,0.3563,104.5,0.0019,0.4499,0.2987,0.2515
1527685200,0.5185,52.9,0.3592,101.5,0.00138,0.4403,0.305,0.2547
1527685500,0.4632,45.7,0.3575,98.0,0.00188,0.4133,0.319,0.2677
1527685800,0.4887,49.1,0.3603,96.8,0.00232,0.4253,0.3136,0.2611
1527686100,0.4752,54.7,0.3622,98.9,0.00116,0.4178,0.3184,0.2638
1527686400,0.4578,52.2,0.3621,92.2,0.00152,0.4088,0.3233,0.2679
1527686700,0.5878,57.5,0.3637,116.4,0.00134,0.4697,0.2906,0.2397
1527687000,0.503,50.3,0.3633,99.6,0.00172,0.4313,0.3115,0.2572
1527687300,0.5597,54.5,0.3616,103.7,0.00162,0.4583,0.2961,0.2456
1527687600,0.5325,54.1,0.357,97.7,0.00205,0.4477,0.3001,0.2522
1527687900,0.5036,47.2,0.3585,102.0,0.00115,0.4334,0.3085,0.2582
1527688200,0.5123,50.1,0.3596,102.4,0.0017,0.4372,0.3069,0.256
1527688500,0.5655,49.6,0.3633,108.9,0.00102,0.4602,0.2957,0.2441
1527688800,0.5122,52.1,0.3685,95.1,0.00238,0.4338,0.3121,0.2541
1527689100,0.5276,53.9,0.3721,93.2,0.00129,0.4398,0.3102,0.2501
1527689400,0.5339,50.9,0.3725,107.1,0.00159,0.4426,0.3088,0.2487
1527689700,0.5874,60.8,0.3786,117.6,0.00175,0.464,0.2991,0.237
1527690000,0.5671,51.0,0.3843,100.6,0.00203,0.4532,0.3071,0.2397
1527690300,0.6687,57.4,0.3896,126.4,0.00332,0.4923,0.2868,0.2209
1527690600,0.58,56.3,0.3939,109.7,0.00179,0.4553,0.3092,0.2355
1527690900,0.5563,57.1,0.3896,105.6,0.00218,0.4465,0.3127,0.2408
1527691200,0.5641,59.5,0.388,104.0,0.00118,0.4505,0.3099,0.2396
1527691500,0.5698,53.5,0.3868,98.7,0.00188,0.4534,0.3078,0.2387
1527691800,0.5458,56.4,0.3886,110.5,0.00109,0.4422,0.3148,0.243
1527692100,0.5911,56.3,0.3882,104.5,0.00205,0.462,0.3034,0.2345
1527692400,0.5598,53.7,0.3873,101.3,0.00111,0.4489,0.3106,0.2406
1527692700,0.5672,57.4,0.3806,112.7,0.0016,0.4546,0.305,0.2404
1527693000,0.5797,57.5,0.3823,96.7,0.00141,0.4594,0.3029,0.2377
1527693300,0.5349,47.7,0.3797,94.3,0.00161,0.4404,0.3126,0.247
1527693600,0.5295,56.5,0.3793,102.8,0.00216,0.438,0.3138,0.2482
1527693900,0.659,65.3,0.3841,117.7,0.00124,0.4907,0.286,0.2234
1527694200,0.6347,57.6,0.3962,116.4,0.00103,0.4769,0.2977,0.2254
1527694500,0.5618,55.5,0.4036,104.4,0.00183,0.444,0.319,0.2371
1527694800,0.5519,55.1,0.3981,120.4,0.00186,0.4415,0.3185,0.24
1527695100,0.5818,56.5,0.3968,106.8,0.00195,0.455,0.3103,0.2346
1527695400,0.5439,51.4,0.3979,103.0,0.00127,0.438,0.3204,0.2416
1527695700,0.6392,57.7,0.3962,109.1,0.00149,0.4787,0.2967,0.2247
1527696000,0.5254,51.7,0.39,103.3,0.0018,0.4323,0.3209,0.2468
1527696300,0.5159,54.6,0.389,105.3,0.00283,0.4282,0.3228,0.249
1527696600,0.5429,54.6,0.3962,111.5,0.00317,0.4381,0.3197,0.2421
1527696900,0.5222,50.4,0.3939,93.3,0.00135,0.4294,0.3239,0.2467
1527697200,0.5146,53.3,0.3955,100.0,0.00109,0.4253,0.3268,0.2479
1527697500,0.6324,50.7,0.402,115.9,0.00119,0.4739,0.3013,0.2248
1527697800,0.6113,61.2,0.4079,114.7,0.00211,0.4634,0.3092,0.2274
1527698100,0.5444,47.9,0.4029,104.5,0.00231,0.4365,0.323,0.2405
1527698400,0.5564,52.9,0.4017,108.9,0.00278,0.4423,0.3193,0.2385
1527698700,0.5876,52.8,0.4004,103.9,0.00148,0.4562,0.3109,0.2329
1527699000,0.5908,52.5,0.3886,118.4,0.00231,0.4618,0.3037,0.2345
1527699300,0.7004,67.5,0.3876,126.0,0.00276,0.5046,0.2793,0.2161
1527699600,0.7009,62.7,0.3886,112.0,0.00144,0.5044,0.2797,0.2159
1527699900,0.6924,64.5,0.3932,112.8,0.00182,0.4997,0.2838,0.2165
1527700200,0.6885,63.1,0.3985,112.6,0.00124,0.4964,0.2873,0.2163
1527700500,0.6034,58.7,0.4019,114.4,0.00129,0.4623,0.3079,0.2298
1527700800,0.5832,56.1,0.3974,100.6,0.00153,0.4554,0.3103,0.2343
1527701100,0.6276,55.1,0.4004,110.8,0.00204,0.4726,0.3015,0.2259
1527701400,0.6129,60.9,0.4018,114.0,0.00215,0.4662,0.3056,0.2282
1527701700,0.5712,53.5,0.4052,106.7,0.00284,0.4475,0.3175,0.235
1527702000,0.6118,53.2,0.405,112.7,0.00261,0.4646,0.3076,0.2278
1527702300,0.5963,55.5,0.4046,103.2,0.00188,0.4584,0.311,0.2306
1527702600,0.5533,58.2,0.4034,108.9,0.00107,0.4403,0.321,0.2387
1527702900,0.5803,58.2,0.4031,104.4,0.00271,0.4522,0.3141,0.2338
1527703200,0.5621,53.3,0.4009,104.3,0.00223,0.4451,0.3174,0.2375
1527703500,0.5228,50.5,0.3929,103.7,0.00134,0.43,0.3232,0.2468
1527703800,0.5537,52.8,0.3906,106.0,0.00181,0.445,0.3139,0.2411
1527704100,0.4877,55.4,0.3913,98.9,0.004,0.4137,0.3319,0.2545
1527704400,0.4721,49.2,0.3993,92.7,0.00111,0.403,0.3409,0.2561
1527704700,0.5871,57.4,0.4064,106.9,0.00163,0.4539,0.3142,0.2319
1527705000,0.6016,60.2,0.4106,110.2,0.00117,0.4585,0.3129,0.2286
1527705300,0.5512,54.3,0.4082,96.9,0.00125,0.4377,0.3241,0.2382
1527705600,0.559,53.4,0.4129,103.1,0.00152,0.4395,0.3246,0.2359
1527705900,0.5285,51.4,0.4112,105.2,0.00144,0.4263,0.3317,0.242
1527706200,0.5095,50.5,0.4104,93.3,0.00225,0.4177,0.3364,0.2459
1527706500,0.5545,53.7,0.4101,112.4,0.00167,0.4385,0.3243,0.2372
1527706800,0.5588,56.3,0.406,113.5,0.00176,0.4418,0.321,0.2372
1527707100,0.5377,52.8,0.4052,96.3,0.00275,0.4326,0.326,0.2414
1527707400,0.5383,54.9,0.4041,112.0,0.0019,0.4333,0.3253,0.2415
1527707700,0.4968,49.5,0.403,98.8,0.00301,0.4141,0.3359,0.25
1527708000,0.4799,48.8,0.4042,100.5,0.00273,0.4053,0.3414,0.2534
1527708300,0.5955,50.7,0.4078,106.6,0.0015,0.4569,0.3129,0.2302
1527708600,0.5365,55.3,0.415,109.2,0.00129,0.4287,0.3316,0.2397
1527708900,0.5253,52.8,0.4171,105.0,0.00233,0.4228,0.3357,0.2415
1527709200,0.5675,57.7,0.4167,101.9,0.00106,0.4419,0.3245,0.2336
1527709500,0.4988,41.2,0.4154,92.9,0.00125,0.4108,0.3421,0.2471
1527709800,0.4871,55.4,0.4135,89.9,0.00158,0.4057,0.3444,0.2499
1527710100,0.4986,49.5,0.4129,101.0,0.00187,0.4116,0.3408,0.2476
1527710400,0.4851,52.3,0.4053,101.9,0.00114,0.4075,0.3405,0.252
1527710700,0.4903,46.2,0.4035,102.9,0.0022,0.4107,0.338,0.2513
1527711000,0.4718,49.9,0.4068,96.5,0.00108,0.4003,0.3452,0.2545
1527711300,0.4676,44.6,0.4083,89.8,0.00113,0.3977,0.3472,0.2551
1527711600,0.4508,44.7,0.4073,91.0,0.0018,0.3893,0.3517,0.259
1527711900,0.5246,57.5,0.4129,109.4,0.00117,0.4239,0.3337,0.2424
1527712200,0.5194,50.8,0.4183,99.0,0.00116,0.4196,0.338,0.2424
1527712500,0.5051,51.0,0.4182,101.4,0.00218,0.4129,0.3419,0.2452
1527712800,0.4637,50.1,0.4172,89.9,0.00261,0.3927,0.3533,0.254
1527713100,0.4704,49.4,0.4119,99.1,0.00108,0.3979,0.3484,0.2537
1527713400,0.4667,48.1,0.4061,93.9,0.00176,0.3979,0.3463,0.2558
1527713700,0.5006,51.1,0.4076,106.3,0.00187,0.4143,0.3374,0.2483
1527714000,0.4553,54.1,0.4082,100.2,0.00175,0.3913,0.3508,0.2578
1527714300,0.5017,49.9,0.4131,97.2,0.00151,0.413,0.3401,0.247
1527714600,0.4627,48.0,0.4189,95.5,0.0017,0.3916,0.3545,0.2539
1527714900,0.4496,49.6,0.4268,91.7,0.00189,0.3822,0.3628,0.255
1527715200,0.5316,55.5,0.44,94.6,0.00253,0.4181,0.346,0.2359
1527715500,0.7512,71.1,0.455,120.5,0.0028,0.4987,0.3021,0.1992
1527715800,0.8561,76.8,0.4642,141.7,0.00758,0.5284,0.2865,0.1852
1527716100,0.7539,64.3,0.468,127.9,0.00123,0.4954,0.3075,0.1971
1527716400,0.5457,58.1,0.4614,105.5,0.00168,0.4175,0.353,0.2295
1527716700,0.4353,42.0,0.4562,91.7,0.00398,0.3653,0.3829,0.2518
1527717000,0.4258,45.7,0.4612,98.2,0.00232,0.3587,0.3885,0.2527
1527717300,0.4609,45.0,0.4629,96.5,0.00113,0.3766,0.3782,0.2451
1527717600,0.4277,44.7,0.4624,97.0,0.00257,0.3594,0.3885,0.2521
1527717900,0.3851,42.9,0.425,77.9,0.0011,0.3469,0.3828,0.2702
1527718200,0.3913,43.4,0.4247,65.6,0.00209,0.3506,0.3806,0.2688
1527718500,0.3774,42.7,0.4145,89.4,0.0016,0.3456,0.3796,0.2748
1527718800,0.3365,43.4,0.4121,75.1,0.0021,0.3209,0.393,0.2861
1527719100,0.4922,50.8,0.4156,97.9,0.00237,0.4075,0.3441,0.2484
1527719400,0.4106,43.0,0.4201,89.2,0.00141,0.3631,0.3715,0.2653
1527719700,0.3522,42.5,0.4227,94.7,0.00192,0.3277,0.3932,0.2791
1527720000,0.3949,46.2,0.422,91.9,0.00272,0.3536,0.3778,0.2686
1527720300,0.3986,39.2,0.4198,90.9,0.00164,0.3564,0.3754,0.2682
1527720600,0.4044,45.1,0.4215,95.5,0.00385,0.3592,0.3744,0.2665
1527720900,0.4499,48.6,0.4247,97.2,0.00147,0.383,0.3616,0.2554
1527721200,0.428,44.1,0.4198,90.1,0.00172,0.3729,0.3657,0.2614
1527721500,0.4176,48.4,0.4188,98.2,0.00114,0.3675,0.3685,0.264
1527721800,0.4294,44.6,0.4125,86.3,0.00238,0.376,0.3612,0.2627
1527722100,0.4017,43.5,0.4154,92.1,0.00137,0.3596,0.3719,0.2686
1527722400,0.3658,40.1,0.4171,77.3,0.00112,0.3378,0.3852,0.277
1527722700,0.4408,45.9,0.4213,95.3,0.0011,0.3793,0.3625,0.2582
1527723000,0.3903,39.0,0.4255,90.2,0.00104,0.3498,0.3813,0.2689
1527723300,0.3778,37.1,0.4284,97.8,0.00165,0.3415,0.3873,0.2712
1527723600,0.404,48.1,0.4343,81.0,0.00114,0.3549,0.3815,0.2636
1527723900,0.4688,45.3,0.4447,93.3,0.00118,0.3863,0.3665,0.2472
1527724200,0.4266,41.9,0.4509,97.6,0.00101,0.3623,0.3829,0.2548
1527724500,0.411,37.3,0.4512,93.1,0.00194,0.3536,0.3882,0.2581
1527724800,0.377,39.5,0.4508,88.8,0.00276,0.3343,0.3997,0.266
1527725100,0.3696,36.9,0.4454,81.2,0.00184,0.3315,0.3995,0.2691
1527725400,0.3771,46.3,0.4408,84.2,0.00139,0.3373,0.3943,0.2684
1527725700,0.3409,41.9,0.4301,91.6,0.00183,0.3183,0.4016,0.2801
1527726000,0.3486,37.3,0.4295,84.6,0.00119,0.3233,0.3984,0.2783
1527726300,0.4055,50.1,0.4269,92.8,0.00154,0.3581,0.377,0.2649
1527726600,0.3476,42.3,0.4279,84.1,0.00124,0.3232,0.3979,0.2789
1527726900,0.3411,37.9,0.4209,77.0,0.0021,0.3212,0.3963,0.2825
1527727200,0.3933,35.0,0.4184,94.9,0.00353,0.3538,0.3764,0.2699
1527727500,0.3826,48.7,0.4141,91.3,0.00149,0.3489,0.3776,0.2735
1527727800,0.3622,36.2,0.4135,100.1,0.00146,0.3367,0.3844,0.2789
1527728100,0.4044,38.4,0.4139,84.3,0.00146,0.3616,0.3701,0.2683
1527728400,0.3889,45.3,0.4133,93.8,0.0019,0.3528,0.375,0.2722
1527728700,0.3869,49.4,0.4059,80.8,0.0022,0.354,0.3714,0.2745
1527729000,0.3704,45.1,0.4059,88.0,0.00191,0.3441,0.3771,0.2787
1527729300,0.3168,38.9,0.4013,87.5,0.00157,0.3112,0.3942,0.2947
1527729600,0.304,38.1,0.3944,68.0,0.00179,0.3045,0.395,0.3005
1527729900,0.4091,46.2,0.395,89.7,0.00175,0.3705,0.3578,0.2717
1527730200,0.3639,42.7,0.3954,83.0,0.00162,0.3435,0.3733,0.2832
1527730500,0.349,40.3,0.3847,80.7,0.00175,0.3376,0.3722,0.2902
1527730800,0.3623,40.7,0.3803,88.5,0.00177,0.3475,0.3648,0.2877
1527731100,0.3599,40.0,0.3751,92.7,0.00245,0.3477,0.3624,0.2899
1527731400,0.3209,35.2,0.3742,81.3,0.00132,0.3225,0.376,0.3015
1527731700,0.3705,40.1,0.3727,88.3,0.0015,0.3552,0.3573,0.2876
1527732000,0.3551,34.8,0.3737,86.2,0.0031,0.3452,0.3632,0.2916
1527732300,0.3368,38.3,0.373,83.7,0.00171,0.3335,0.3694,0.2971
1527732600,0.3219,34.6,0.3737,75.7,0.00107,0.3233,0.3754,0.3013
1527732900,0.2688,30.5,0.3723,83.5,0.00205,0.2856,0.3956,0.3188
1527733200,0.2561,33.5,0.3659,77.4,0.00195,0.2778,0.3969,0.3254
1527733500,0.3277,42.1,0.3695,85.1,0.00133,0.3286,0.3705,0.3008
1527733800,0.2646,36.3,0.3729,71.6,0.00152,0.2822,0.3978,0.32
1527734100,0.2609,28.6,0.3716,73.3,0.00123,0.2798,0.3985,0.3217
1527734400,0.2998,33.0,0.3698,78.9,0.00245,0.3092,0.3814,0.3094
1527734700,0.2981,38.7,0.3737,70.6,0.00128,0.3068,0.3845,0.3087
1527735000,0.302,33.2,0.3799,70.1,0.00108,0.3076,0.3869,0.3055
1527735300,0.3176,36.6,0.3767,78.2,0.00143,0.3194,0.3789,0.3017
1527735600,0.2831,36.5,0.3732,81.4,0.00171,0.296,0.3903,0.3137
1527735900,0.2737,31.3,0.3741,73.5,0.00116,0.2888,0.3947,0.3165
1527736200,0.2908,35.7,0.3862,73.0,0.002,0.2976,0.3953,0.3071
1527736500,0.4114,39.8,0.3996,86.3,0.00197,0.3703,0.3597,0.27
1527736800,0.4326,43.5,0.4129,90.5,0.003,0.3777,0.3605,0.2619
1527737100,0.3891,43.2,0.4275,86.8,0.00183,0.3485,0.3829,0.2687
1527737400,0.3184,32.5,0.4384,94.8,0.00179,0.3013,0.4148,0.2839
1527737700,0.2854,36.3,0.436,84.9,0.00232,0.2794,0.4269,0.2937
1527738000,0.2857,34.9,0.4136,84.7,0.00169,0.2859,0.4139,0.3002
1527738300,0.2732,35.8,0.3928,84.3,0.00155,0.2828,0.4066,0.3106
1527738600,0.2645,34.2,0.3936,70.5,0.00113,0.2761,0.4108,0.3131
1527738900,0.2983,40.0,0.3927,72.5,0.00177,0.301,0.3963,0.3027
1527739200,0.2811,35.1,0.3754,71.5,0.00129,0.2939,0.3925,0.3136
1527739500,0.2816,33.4,0.3732,86.2,0.0028,0.2949,0.3909,0.3142
1527739800,0.2781,34.8,0.3727,74.5,0.0011,0.2925,0.392,0.3155
1527740100,0.2581,34.7,0.3719,68.3,0.00234,0.2775,0.3999,0.3226
1527740400,0.2371,31.7,0.3698,71.1,0.00187,0.2614,0.4078,0.3308
1527740700,0.3318,38.3,0.3668,81.7,0.00174,0.3323,0.3673,0.3004
1527741000,0.3263,35.7,0.3723,84.2,0.00301,0.3268,0.3728,0.3004
1527741300,0.3758,39.3,0.3728,89.1,0.00193,0.3584,0.3555,0.2861
1527741600,0.362,36.1,0.3709,81.2,0.00113,0.3505,0.3591,0.2904
1527741900,0.3589,45.4,0.37,90.0,0.00144,0.3488,0.3596,0.2916
1527742200,0.3815,38.0,0.3713,84.3,0.00248,0.3624,0.3527,0.285
1527742500,0.3871,40.0,0.3734,87.8,0.00101,0.365,0.3521,0.2829
1527742800,0.401,40.9,0.3766,94.2,0.00103,0.3721,0.3495,0.2784
1527743100,0.4068,46.2,0.3755,86.8,0.0023,0.3759,0.3469,0.2772
1527743400,0.4449,45.3,0.3727,91.1,0.00247,0.3981,0.3335,0.2684
1527743700,0.3692,44.6,0.3707,90.5,0.00149,0.355,0.3565,0.2885
1527744000,0.309,34.6,0.3698,75.8,0.00187,0.3157,0.3778,0.3065
1527744300,0.3673,41.5,0.3712,84.4,0.00119,0.3537,0.3574,0.2889
1527744600,0.3189,34.8,0.3722,85.2,0.00215,0.3218,0.3755,0.3027
1527744900,0.3145,43.5,0.3682,93.8,0.00109,0.32,0.3747,0.3053
1527745200,0.3402,35.3,0.3651,87.7,0.00105,0.3384,0.3632,0.2984
1527745500,0.3247,38.7,0.3661,85.3,0.00192,0.3277,0.3695,0.3028
1527745800,0.2619,35.2,0.3628,79.4,0.00256,0.2832,0.3923,0.3244
1527746100,0.2807,35.9,0.3597,71.6,0.00285,0.2985,0.3825,0.319
1527746400,0.2643,32.9,0.3584,77.1,0.00213,0.2864,0.3884,0.3251
1527746700,0.2552,32.5,0.355,75.3,0.00239,0.2804,0.39,0.3296
1527747000,0.2424,32.1,0.3549,76.2,0.00116,0.2701,0.3955,0.3343
1527747300,0.2248,30.3,0.3515,73.2,0.0011,0.2565,0.4011,0.3423
1527747600,0.2052,32.3,0.3534,72.8,0.00127,0.239,0.4116,0.3494
1527747900,0.2939,42.2,0.3595,77.5,0.00141,0.3083,0.3771,0.3147
1527748200,0.2724,32.4,0.3633,77.6,0.00138,0.2911,0.3883,0.3206
1527748500,0.2472,28.2,0.3629,67.4,0.00182,0.2716,0.3987,0.3296
1527748800,0.2847,34.7,0.365,76.6,0.0014,0.2998,0.3843,0.3159
1527749100,0.3009,43.8,0.3675,88.4,0.00112,0.3107,0.3795,0.3098
1527749400,0.2675,31.3,0.3698,78.7,0.00116,0.2854,0.3945,0.3201
1527749700,0.2803,39.5,0.369,77.9,0.00194,0.2953,0.3887,0.316
1527750000,0.266,38.7,0.364,88.0,0.00146,0.286,0.3914,0.3226
1527750300,0.2467,30.6,0.3621,66.5,0.00107,0.2715,0.3984,0.3301
1527750600,0.2262,32.5,0.3605,66.0,0.00104,0.2551,0.4066,0.3383
1527750900,0.179,32.4,0.3538,78.2,0.00135,0.2149,0.4248,0.3602
1527751200,0.1647,25.4,0.3522,66.7,0.00147,0.2016,0.4311,0.3672
1527751500,0.2598,32.6,0.3549,74.5,0.00182,0.284,0.388,0.328
1527751800,0.2101,28.0,0.3603,63.8,0.00208,0.2414,0.4139,0.3447
1527752100,0.1919,25.4,0.3591,71.9,0.00141,0.2255,0.422,0.3525
1527752400,0.1929,26.6,0.3523,72.6,0.00161,0.2282,0.4168,0.3549
1527752700,0.2027,25.5,0.3505,63.7,0.00213,0.2376,0.4108,0.3516
1527753000,0.1847,28.0,0.35,67.6,0.00257,0.2213,0.4193,0.3594
1527753300,0.2179,27.9,0.3487,69.8,0.00106,0.2514,0.4024,0.3462
1527753600,0.1938,29.3,0.3436,70.9,0.0027,0.2314,0.4103,0.3583
1527753900,0.1886,23.5,0.3402,62.1,0.0023,0.2276,0.4105,0.362
1527754200,0.1919,29.4,0.3397,76.7,0.00176,0.2308,0.4085,0.3608
1527754500,0.1582,28.6,0.3399,71.3,0.0012,0.1982,0.4259,0.3759
1527754800,0.1587,20.1,0.3402,63.7,0.00229,0.1986,0.4258,0.3755
1527755100,0.2532,33.8,0.3462,74.0,0.0022,0.2815,0.3849,0.3336
1527755400,0.1999,32.7,0.3557,69.2,0.00109,0.2336,0.4157,0.3506
1527755700,0.2045,25.7,0.3567,65.8,0.0014,0.2375,0.4142,0.3484
1527756000,0.1938,33.6,0.3553,66.7,0.00217,0.2282,0.4184,0.3533
1527756300,0.1973,30.1,0.3543,68.1,0.00203,0.2317,0.416,0.3523
1527756600,0.1742,25.1,0.3535,77.1,0.00151,0.2105,0.4271,0.3625
1527756900,0.2084,29.4,0.3533,76.5,0.00261,0.2418,0.41,0.3481
1527757200,0.1965,30.4,0.3513,75.3,0.00104,0.2318,0.4144,0.3539
1527757500,0.2206,30.7,0.3529,74.3,0.00139,0.2525,0.404,0.3434
1527757800,0.2416,33.5,0.3555,67.5,0.00159,0.2693,0.3963,0.3344
1527758100,0.1902,25.6,0.3547,68.8,0.00248,0.2251,0.4198,0.3551
1527758400,0.19,28.8,0.3559,74.8,0.00128,0.2246,0.4207,0.3547
1527758700,0.2785,30.3,0.3593,70.3,0.00321,0.297,0.3831,0.3199
1527759000,0.2437,31.7,0.3639,78.2,0.00139,0.2685,0.4009,0.3305
1527759300,0.2033,26.5,0.3612,84.3,0.00257,0.2352,0.4178,0.347
1527759600,0.2114,27.6,0.3604,77.5,0.00175,0.2425,0.4134,0.3441
1527759900,0.2063,33.1,0.358,79.1,0.00122,0.2387,0.4142,0.3471
1527760200,0.1959,32.0,0.3569,70.9,0.00177,0.2297,0.4185,0.3518
1527760500,0.2836,36.7,0.3561,84.2,0.00101,0.3018,0.379,0.3193
1527760800,0.2912,32.1,0.3565,74.8,0.0013,0.3073,0.3762,0.3166
1527761100,0.2625,32.4,0.3576,81.0,0.00173,0.2853,0.3887,0.3261
1527761400,0.2674,37.4,0.3563,80.7,0.00289,0.2895,0.3857,0.3248
1527761700,0.2054,29.8,0.3571,72.3,0.0013,0.2381,0.414,0.3478
1527762000,0.2106,36.7,0.3615,79.0,0.00152,0.2415,0.4145,0.344
1527762300,0.301,37.2,0.3632,76.9,0.00119,0.3122,0.3767,0.3111
1527762600,0.2355,32.1,0.3673,72.4,0.00352,0.2609,0.4068,0.3323
1527762900,0.2444,31.2,0.3641,75.0,0.00113,0.269,0.4008,0.3302
1527763200,0.2802,35.0,0.3627,71.8,0.00159,0.2972,0.3847,0.3182
1527763500,0.292,35.0,0.364,80.6,0.00215,0.3054,0.3808,0.3138
1527763800,0.317,39.3,0.3614,71.4,0.00283,0.324,0.3694,0.3066
1527764100,0.3462,42.1,0.3656,90.9,0.00136,0.3422,0.3613,0.2965
1527764400,0.3186,34.9,0.3665,82.1,0.00165,0.3234,0.372,0.3045
1527764700,0.3097,32.7,0.3673,77.8,0.0014,0.317,0.3759,0.3071
1527765000,0.3014,30.6,0.3617,75.1,0.00101,0.3129,0.3756,0.3115
1527765300,0.2814,36.2,0.3627,76.7,0.00217,0.2981,0.3842,0.3178
1527765600,0.2989,32.6,0.3627,84.0,0.00113,0.3108,0.3772,0.312
1527765900,0.4058,36.9,0.3631,93.9,0.00148,0.3796,0.3397,0.2807
1527766200,0.3483,40.5,0.3711,80.6,0.00154,0.3417,0.364,0.2943
1527766500,0.3419,46.4,0.3745,79.1,0.00269,0.3364,0.3685,0.2952
1527766800,0.401,43.1,0.3731,94.0,0.00184,0.3733,0.3474,0.2793
1527767100,0.4261,47.3,0.3744,88.3,0.00128,0.3872,0.3402,0.2726
1527767400,0.4103,44.0,0.383,91.4,0.00185,0.3753,0.3503,0.2744
1527767700,0.4782,48.2,0.3911,98.6,0.00108,0.409,0.3345,0.2566
1527768000,0.4334,48.1,0.3921,95.2,0.00119,0.3851,0.3484,0.2665
1527768300,0.4381,44.8,0.3919,99.0,0.00243,0.3877,0.3468,0.2655
1527768600,0.467,48.5,0.3906,89.1,0.00236,0.4034,0.3374,0.2592
1527768900,0.4387,46.7,0.387,82.4,0.00117,0.3897,0.3438,0.2665
1527769200,0.446,44.2,0.3868,91.2,0.00154,0.3937,0.3415,0.2648
1527769500,0.5342,55.4,0.3922,114.2,0.00167,0.4356,0.3198,0.2446
1527769800,0.4784,48.0,0.4015,110.0,0.00163,0.4055,0.3403,0.2543
1527770100,0.5081,48.3,0.4051,111.8,0.0012,0.4188,0.3339,0.2473
1527770400,0.5201,53.0,0.4014,100.9,0.00233,0.4258,0.3286,0.2456
1527770700,0.4834,46.1,0.3981,87.6,0.00212,0.4091,0.3369,0.2539
1527771000,0.4597,47.3,0.401,81.9,0.00313,0.3961,0.3455,0.2585
1527771300,0.4995,49.9,0.4017,96.3,0.00174,0.4158,0.3344,0.2498
1527771600,0.4737,51.4,0.4009,96.2,0.00218,0.4033,0.3413,0.2554
1527771900,0.4683,49.2,0.4001,104.6,0.00113,0.4008,0.3424,0.2568
1527772200,0.4769,48.3,0.3958,102.9,0.00321,0.4067,0.3375,0.2558
1527772500,0.4357,48.0,0.3945,94.9,0.00291,0.3855,0.3491,0.2654
1527772800,0.4572,51.2,0.3934,90.4,0.00114,0.3974,0.3419,0.2607
1527773100,0.6204,60.1,0.397,106.3,0.00148,0.4709,0.3014,0.2277
1527773400,0.5353,52.5,0.4035,105.1,0.00103,0.4321,0.3257,0.2422
1527773700,0.4972,45.9,0.4087,103.9,0.00138,0.4123,0.3389,0.2488
1527774000,0.5056,47.2,0.4073,102.9,0.00172,0.4169,0.3358,0.2473
1527774300,0.5178,50.3,0.4049,95.6,0.0016,0.4235,0.3312,0.2454
1527774600,0.4992,48.1,0.4059,103.8,0.00115,0.4142,0.3368,0.2489
1527774900,0.5342,51.8,0.4069,106.0,0.00213,0.4304,0.3279,0.2417
1527775200,0.5513,53.8,0.4038,98.7,0.00104,0.4392,0.3217,0.239
1527775500,0.5592,55.7,0.4001,101.2,0.00139,0.4441,0.3177,0.2382
1527775800,0.5901,56.1,0.3999,113.1,0.00147,0.4574,0.31,0.2326
1527776100,0.5356,54.0,0.4009,102.2,0.00132,0.4332,0.3242,0.2426
1527776400,0.5486,53.6,0.3993,114.4,0.00282,0.4396,0.32,0.2404
1527776700,0.6222,52.6,0.4042,115.2,0.00123,0.4691,0.3047,0.2262
1527777000,0.5644,51.7,0.409,103.5,0.00332,0.4432,0.3212,0.2356
1527777300,0.5144,50.6,0.4075,101.4,0.00209,0.421,0.3335,0.2455
1527777600,0.538,49.0,0.4079,104.2,0.00229,0.4318,0.3274,0.2408
1527777900,0.53,53.9,0.4086,98.6,0.00105,0.4279,0.3299,0.2422
1527778200,0.5328,56.9,0.4078,97.8,0.0016,0.4295,0.3287,0.2418
1527778500,0.5726,58.7,0.4054,111.5,0.00232,0.448,0.3172,0.2347
1527778800,0.544,52.4,0.406,109.5,0.00114,0.4352,0.3248,0.24
1527779100,0.5454,57.7,0.4081,108.2,0.00245,0.4351,0.3256,0.2393
1527779400,0.5898,56.7,0.4032,118.1,0.00139,0.4561,0.3118,0.232
1527779700,0.5838,54.9,0.3968,105.1,0.00108,0.4559,0.3099,0.2343
1527780000,0.5525,51.8,0.3948,115.3,0.00201,0.443,0.3165,0.2405
1527780300,0.6262,57.9,0.4027,107.2,0.00134,0.4712,0.303,0.2258
1527780600,0.6002,55.8,0.4099,103.9,0.00257,0.4581,0.3129,0.229
1527780900,0.5873,56.6,0.4096,98.2,0.0011,0.4528,0.3158,0.2313
1527781200,0.6044,57.8,0.4099,107.8,0.00251,0.4599,0.3119,0.2283
1527781500,0.6152,58.1,0.4099,108.5,0.00104,0.4643,0.3093,0.2264
1527781800,0.5956,58.0,0.4121,112.7,0.00374,0.4555,0.3151,0.2294
1527782100,0.6151,61.6,0.4173,113.0,0.00139,0.4616,0.3132,0.2252
1527782400,0.5989,59.8,0.4202,102.7,0.0012,0.454,0.3186,0.2274
1527782700,0.6105,53.3,0.4189,108.7,0.00283,0.4592,0.3151,0.2257
1527783000,0.6426,52.3,0.4135,112.0,0.00268,0.4739,0.3049,0.2212
1527783300,0.6224,61.4,0.4106,101.6,0.00198,0.4669,0.308,0.2251
1527783600,0.5857,51.9,0.4108,102.7,0.00173,0.4518,0.3169,0.2314
1527783900,0.6623,60.7,0.4166,111.6,0.00191,0.4803,0.3021,0.2176
1527784200,0.6357,56.0,0.4137,122.2,0.00104,0.4711,0.3066,0.2223
1527784500,0.6111,52.4,0.408,112.3,0.00164,0.4633,0.3093,0.2274
1527784800,0.6125,59.5,0.4,115.2,0.0011,0.4667,0.3048,0.2286
1527785100,0.6278,61.2,0.3971,103.8,0.0012,0.4738,0.2997,0.2264
1527785400,0.6153,56.3,0.398,118.7,0.0022,0.4685,0.3031,0.2284
1527785700,0.628,51.2,0.3951,120.6,0.00151,0.4746,0.2986,0.2267
1527786000,0.6106,56.1,0.3923,99.1,0.00144,0.4686,0.3011,0.2303
1527786300,0.6218,59.7,0.3956,107.9,0.00104,0.472,0.3003,0.2277
1527786600,0.5968,52.3,0.4003,112.7,0.00108,0.4601,0.3086,0.2313
1527786900,0.5522,54.2,0.3982,109.1,0.00294,0.4416,0.3185,0.2399
1527787200,0.5332,52.3,0.3971,99.2,0.00173,0.4334,0.3228,0.2438
1527787500,0.6441,61.8,0.4067,112.6,0.00185,0.4768,0.3011,0.2221
1527787800,0.5933,56.9,0.4183,105.7,0.00117,0.4523,0.3189,0.2287
1527788100,0.5817,52.8,0.4246,108.8,0.00122,0.4453,0.325,0.2297
1527788400,0.5683,58.4,0.4239,114.0,0.00143,0.4398,0.328,0.2322
1527788700,0.5529,53.2,0.4157,100.7,0.00178,0.4358,0.3277,0.2365
1527789000,0.53,52.0,0.4108,109.0,0.00111,0.4271,0.3311,0.2418
1527789300,0.5793,52.8,0.4151,103.2,0.00122,0.4475,0.3207,0.2318
1527789600,0.5989,55.6,0.4096,104.8,0.00116,0.4577,0.313,0.2293
1527789900,0.7074,61.9,0.4295,125.7,0.00102,0.4923,0.2989,0.2088
1527790200,0.7504,67.0,0.4414,131.1,0.00396,0.503,0.2959,0.2011
1527790500,0.6077,62.7,0.4422,115.9,0.00167,0.4502,0.3276,0.2222
1527790800,0.5734,51.0,0.4405,99.4,0.00168,0.4364,0.3353,0.2283
1527791100,0.6851,58.1,0.432,115.7,0.00169,0.4835,0.3048,0.2117
1527791400,0.7368,71.0,0.4357,128.9,0.0016,0.5004,0.2959,0.2037
1527791700,0.5779,54.8,0.4305,108.0,0.00129,0.4417,0.329,0.2293
1527792000,0.5895,54.3,0.4314,102.5,0.00209,0.4463,0.3266,0.2271
1527792300,0.558,57.2,0.4244,108.5,0.00149,0.4351,0.3309,0.2339
1527792600,0.6019,55.3,0.4232,105.9,0.0015,0.4542,0.3194,0.2264
1527792900,0.6262,64.3,0.4232,123.4,0.00132,0.4641,0.3136,0.2223
1527793200,0.5899,58.3,0.4197,118.3,0.00171,0.4504,0.3205,0.2291
1527793500,0.6118,56.4,0.4036,114.8,0.00286,0.4651,0.3068,0.2281
1527793800,0.6001,63.5,0.3983,118.2,0.00171,0.4622,0.3068,0.2311
1527794100,0.5311,50.4,0.3953,103.5,0.00117,0.4331,0.3223,0.2446
1527794400,0.4946,51.8,0.3943,104.1,0.00217,0.416,0.3317,0.2523
1527794700,0.6134,58.8,0.3912,120.2,0.00275,0.4702,0.2999,0.23
1527795000,0.5785,59.4,0.3935,109.3,0.00131,0.4548,0.3094,0.2358
1527795300,0.5733,59.8,0.3958,105.8,0.00169,0.4517,0.3119,0.2364
1527795600,0.5562,54.0,0.3971,95.4,0.00228,0.4438,0.3168,0.2394
1527795900,0.517,48.9,0.395,101.2,0.00155,0.4266,0.3259,0.2475
1527796200,0.5196,52.8,0.398,106.9,0.00173,0.4267,0.3269,0.2464
1527796500,0.6028,55.2,0.4015,116.0,0.00164,0.4622,0.3078,0.23
1527796800,0.5275,58.0,0.399,105.8,0.00222,0.4301,0.3253,0.2446
1527797100,0.5292,52.5,0.3992,99.7,0.00135,0.4308,0.325,0.2442
1527797400,0.508,49.5,0.3991,88.9,0.0028,0.4208,0.3306,0.2485
1527797700,0.475,48.8,0.3994,94.5,0.00107,0.4045,0.3401,0.2554
1527798000,0.4659,43.6,0.3993,94.8,0.00201,0.3998,0.3427,0.2575
1527798300,0.5495,50.6,0.4033,103.1,0.00172,0.4386,0.3219,0.2395
1527798600,0.5378,56.2,0.4049,107.5,0.0013,0.4328,0.3258,0.2414
1527798900,0.5412,50.9,0.4068,116.0,0.00134,0.4337,0.326,0.2404
1527799200,0.4887,46.1,0.4072,99.6,0.00114,0.4086,0.3405,0.2509
1527799500,0.4738,49.8,0.4079,96.1,0.0017,0.4009,0.3452,0.2539
1527799800,0.4712,51.5,0.4071,95.6,0.00137,0.3999,0.3455,0.2546
1527800100,0.5294,54.2,0.4071,103.7,0.0014,0.4281,0.3292,0.2426
1527800400,0.4736,51.1,0.4053,92.4,0.00101,0.4017,0.3438,0.2545
1527800700,0.4708,45.7,0.4025,97.8,0.00194,0.4013,0.343,0.2557
1527801000,0.4869,44.8,0.3992,101.4,0.00119,0.4105,0.3366,0.2529
1527801300,0.4541,51.3,0.3925,96.7,0.00108,0.396,0.3423,0.2616
1527801600,0.4368,44.6,0.3956,96.4,0.00137,0.3857,0.3493,0.2649
1527801900,0.5195,50.6,0.4004,104.6,0.00116,0.4259,0.3282,0.2459
1527802200,0.5089,54.6,0.4061,90.3,0.00178,0.4188,0.3342,0.2469
1527802500,0.4755,50.0,0.4067,101.4,0.00188,0.4022,0.344,0.2538
1527802800,0.4584,48.5,0.4002,91.8,0.00178,0.3956,0.3454,0.2589
1527803100,0.4313,51.7,0.398,86.6,0.00208,0.3819,0.3524,0.2657
1527803400,0.4314,43.3,0.3963,86.5,0.00132,0.3825,0.3514,0.266
1527803700,0.4904,52.1,0.3956,101.6,0.00202,0.4135,0.3336,0.253
1527804000,0.4659,47.8,0.394,95.3,0.00135,0.4017,0.3397,0.2586
1527804300,0.4737,49.0,0.3896,87.3,0.00183,0.4072,0.3349,0.2579
1527804600,0.4763,52.9,0.3954,100.5,0.00159,0.4065,0.3375,0.256
1527804900,0.4542,48.3,0.3995,86.8,0.00205,0.3937,0.3463,0.26
1527805200,0.4427,47.6,0.4037,95.1,0.00259,0.3862,0.3521,0.2617
1527805500,0.5824,59.0,0.4016,109.7,0.00231,0.4536,0.3128,0.2336
1527805800,0.5759,54.2,0.4032,112.9,0.00214,0.4502,0.3152,0.2345
1527806100,0.5473,50.8,0.4052,115.4,0.00175,0.437,0.3235,0.2395
1527806400,0.5249,48.6,0.3997,94.3,0.002,0.4286,0.3264,0.245
1527806700,0.5221,45.6,0.3984,101.9,0.00232,0.4278,0.3264,0.2458
1527807000,0.5283,58.1,0.3951,101.2,0.00321,0.4318,0.323,0.2452
1527807300,0.5646,51.2,0.3961,109.1,0.00269,0.4478,0.3142,0.238
1527807600,0.5397,52.1,0.3978,105.3,0.00208,0.4361,0.3215,0.2424
1527807900,0.5417,52.1,0.398,102.1,0.00177,0.437,0.321,0.242
1527808200,0.5232,52.5,0.3952,99.7,0.00151,0.4294,0.3244,0.2462
1527808500,0.4841,51.3,0.3941,91.7,0.00178,0.4109,0.3345,0.2546
1527808800,0.4126,46.5,0.3971,97.2,0.00157,0.3718,0.3578,0.2703
1527809100,0.4958,48.0,0.405,102.3,0.00299,0.4129,0.3373,0.2498
1527809400,0.4652,47.1,0.4065,102.0,0.00112,0.397,0.3469,0.256
1527809700,0.4515,47.5,0.4095,93.3,0.00222,0.3889,0.3527,0.2584
1527810000,0.4543,46.1,0.4063,91.5,0.00125,0.3914,0.3501,0.2585
1527810300,0.45,51.3,0.4102,88.5,0.0022,0.3879,0.3536,0.2586
1527810600,0.4354,47.0,0.4129,95.7,0.00259,0.3792,0.3596,0.2613
1527810900,0.5051,52.6,0.4138,94.3,0.00166,0.4144,0.3395,0.2461
1527811200,0.4677,49.7,0.4105,107.9,0.00149,0.397,0.3484,0.2546
1527811500,0.4577,50.6,0.4083,87.9,0.00147,0.3925,0.3502,0.2573
1527811800,0.4564,47.5,0.4047,97.3,0.00162,0.3931,0.3485,0.2584
1527812100,0.4236,40.8,0.4021,101.8,0.00291,0.3763,0.3572,0.2665
1527812400,0.397,44.0,0.403,93.3,0.0016,0.3609,0.3664,0.2727
1527812700,0.519,49.4,0.4056,103.0,0.0023,0.4238,0.3312,0.245
1527813000,0.447,44.7,0.4219,88.9,0.00192,0.3824,0.3609,0.2567
1527813300,0.491,51.1,0.4283,90.8,0.00255,0.4027,0.3513,0.246
1527813600,0.4563,50.7,0.4309,100.3,0.0018,0.3843,0.363,0.2527
1527813900,0.4572,47.1,0.4261,104.8,0.00265,0.3864,0.3601,0.2535
1527814200,0.4248,45.7,0.4212,89.8,0.00222,0.3707,0.3675,0.2618
1527814500,0.4718,53.1,0.4146,90.3,0.0019,0.3977,0.3495,0.2529
1527814800,0.4851,49.7,0.4133,83.8,0.0021,0.4048,0.3449,0.2503
1527815100,0.4535,54.6,0.4124,89.5,0.00125,0.389,0.3537,0.2573
1527815400,0.4668,49.4,0.4158,96.0,0.00204,0.3947,0.3516,0.2537
1527815700,0.4273,39.6,0.4027,102.3,0.00171,0.3781,0.3564,0.2655
1527816000,0.3687,43.1,0.4068,90.9,0.00135,0.3428,0.3782,0.2789
1527816300,0.5299,53.2,0.4179,104.8,0.00343,0.4247,0.3349,0.2404
1527816600,0.3913,46.3,0.4264,86.7,0.00264,0.3501,0.3815,0.2684
1527816900,0.4085,45.6,0.4251,87.4,0.00104,0.3604,0.375,0.2646
1527817200,0.4021,42.7,0.4183,98.6,0.00229,0.3589,0.3733,0.2678
1527817500,0.4217,40.8,0.4025,93.4,0.00202,0.3751,0.358,0.2669
1527817800,0.3438,38.4,0.4018,71.8,0.00199,0.3288,0.3843,0.2869
1527818100,0.3664,38.1,0.3955,82.6,0.0016,0.345,0.3724,0.2825
1527818400,0.3191,35.6,0.3935,76.8,0.00239,0.3151,0.3886,0.2963
1527818700,0.3134,38.7,0.3908,78.1,0.00168,0.3121,0.3892,0.2987
1527819000,0.3175,42.2,0.392,85.1,0.0013,0.3145,0.3883,0.2972
1527819300,0.3031,37.4,0.3905,79.7,0.00143,0.3051,0.393,0.3019
1527819600,0.2985,32.3,0.391,79.4,0.0017,0.3017,0.3951,0.3032
1527819900,0.3631,41.8,0.3914,94.2,0.00213,0.3443,0.3712,0.2845
1527820200,0.318,40.8,0.3958,77.6,0.00172,0.3137,0.3904,0.2959
1527820500,0.3029,34.4,0.396,91.5,0.00111,0.3032,0.3964,0.3003
1527820800,0.365,40.1,0.3958,82.5,0.00161,0.3441,0.3731,0.2828
1527821100,0.3423,39.0,0.394,84.8,0.00105,0.3303,0.3802,0.2895
1527821400,0.3071,34.1,0.3851,79.0,0.0017,0.3095,0.3881,0.3024
1527821700,0.3235,39.6,0.384,83.1,0.00265,0.3211,0.3811,0.2978
1527822000,0.2877,34.8,0.3791,81.4,0.00211,0.2976,0.3921,0.3103
1527822300,0.2842,36.2,0.3772,81.0,0.00214,0.2956,0.3923,0.312
1527822600,0.2929,32.8,0.3834,74.8,0.00131,0.3,0.3927,0.3073
1527822900,0.2527,31.4,0.3928,68.5,0.00224,0.2673,0.4154,0.3173
1527823200,0.2381,33.8,0.4007,88.8,0.00133,0.2536,0.4268,0.3196
1527823500,0.314,35.9,0.4082,78.5,0.00134,0.3072,0.3993,0.2935
1527823800,0.2656,38.8,0.3969,80.8,0.00218,0.2759,0.4124,0.3117
1527824100,0.2723,32.9,0.3966,67.6,0.00204,0.281,0.4093,0.3096
1527824400,0.2981,36.5,0.39,78.1,0.00194,0.3017,0.3947,0.3036
1527824700,0.2778,37.2,0.3659,77.0,0.00159,0.2944,0.3877,0.3179
1527825000,0.2667,29.4,0.364,79.5,0.00149,0.2866,0.3911,0.3223
1527825300,0.3015,30.8,0.3609,63.8,0.00196,0.3133,0.375,0.3117
1527825600,0.2558,28.3,0.3573,76.6,0.00205,0.2801,0.3913,0.3286
1527825900,0.2604,37.0,0.3619,69.1,0.00127,0.2823,0.3924,0.3253
1527826200,0.2696,32.2,0.3655,78.9,0.00104,0.2883,0.3909,0.3208
1527826500,0.2304,38.8,0.3642,66.8,0.001,0.2575,0.4071,0.3353
1527826800,0.2351,29.8,0.3665,68.4,0.00152,0.2608,0.4065,0.3327
1527827100,0.2986,36.5,0.3681,78.2,0.00158,0.3089,0.3808,0.3103
1527827400,0.3107,41.4,0.372,74.8,0.00208,0.3162,0.3785,0.3053
1527827700,0.3338,44.4,0.3742,80.5,0.00148,0.3312,0.3712,0.2976
1527828000,0.3545,46.0,0.3738,78.3,0.00167,0.3447,0.3635,0.2917
1527828300,0.3371,42.2,0.3735,72.7,0.00197,0.3336,0.3696,0.2969
1527828600,0.3517,42.7,0.3715,91.3,0.00122,0.3437,0.3631,0.2932
1527828900,0.3794,43.3,0.3709,80.2,0.00206,0.3612,0.3531,0.2856
1527829200,0.3317,40.6,0.3668,82.1,0.00124,0.3322,0.3674,0.3005
1527829500,0.3553,38.2,0.3609,90.0,0.00141,0.3496,0.3551,0.2952
1527829800,0.3222,35.1,0.3561,78.5,0.00201,0.3293,0.364,0.3067
1527830100,0.3122,36.8,0.3508,76.3,0.00137,0.3242,0.3643,0.3115
1527830400,0.2579,32.5,0.3519,77.1,0.00128,0.2835,0.3868,0.3297
1527830700,0.3453,37.8,0.3548,91.2,0.00241,0.3453,0.3548,0.3
1527831000,0.3035,38.3,0.363,73.3,0.00151,0.314,0.3756,0.3104
1527831300,0.3035,39.1,0.3717,79.4,0.00266,0.3112,0.3812,0.3076
1527831600,0.3342,38.7,0.3693,73.0,0.00226,0.333,0.368,0.299
1527831900,0.3137,41.4,0.3675,79.0,0.00189,0.3197,0.3745,0.3057
1527832200,0.2484,29.0,0.3623,75.0,0.00199,0.2728,0.3978,0.3294
1527832500,0.2706,33.4,0.3496,71.9,0.00253,0.2941,0.3799,0.326
1527832800,0.2279,28.8,0.3484,70.0,0.00253,0.2601,0.3976,0.3423
1527833100,0.2205,24.8,0.346,63.6,0.00199,0.2545,0.3993,0.3462
1527833400,0.2248,30.5,0.3464,72.9,0.00197,0.258,0.3976,0.3444
1527833700,0.1705,26.6,0.3504,73.4,0.0013,0.2077,0.4268,0.3655
1527834000,0.1684,31.3,0.3607,60.3,0.00184,0.2031,0.4351,0.3618
1527834300,0.2311,33.1,0.3632,69.4,0.00135,0.2584,0.4061,0.3355
1527834600,0.1769,24.3,0.3507,70.7,0.00266,0.2138,0.4238,0.3625
1527834900,0.1984,34.5,0.3463,77.1,0.00234,0.2349,0.41,0.3552
1527835200,0.2035,32.9,0.3405,61.4,0.00128,0.2411,0.4034,0.3555
1527835500,0.2004,30.8,0.3379,69.0,0.00229,0.2391,0.4031,0.3579
1527835800,0.1743,26.5,0.3367,69.1,0.00223,0.2149,0.4152,0.3699
1527836100,0.2214,27.6,0.3351,71.5,0.00208,0.2585,0.3912,0.3503
1527836400,0.2074,28.4,0.334,55.9,0.00149,0.2465,0.397,0.3565
1527836700,0.1912,31.7,0.331,72.1,0.00228,0.2325,0.4026,0.3649
1527837000,0.2096,35.3,0.3314,80.1,0.00263,0.2492,0.3941,0.3567
1527837300,0.1736,31.8,0.3305,68.1,0.00211,0.2159,0.411,0.3731
1527837600,0.1542,24.3,0.3322,59.2,0.00121,0.1961,0.4224,0.3815
1527837900,0.2632,30.1,0.3349,73.2,0.00103,0.2931,0.3729,0.334
1527838200,0.1791,28.0,0.3414,78.5,0.00144,0.2183,0.4161,0.3656
1527838500,0.1557,20.6,0.3395,71.0,0.00119,0.1958,0.4269,0.3773
1527838800,0.1982,29.8,0.3367,73.7,0.00179,0.2374,0.4033,0.3593
1527839100,0.1827,27.3,0.3271,70.4,0.00141,0.2256,0.4039,0.3705
1527839400,0.1568,24.6,0.3257,61.7,0.00296,0.2004,0.4162,0.3834
1527839700,0.1937,23.8,0.328,68.2,0.00367,0.2357,0.3992,0.3651
1527840000,0.1772,28.9,0.3295,67.3,0.00256,0.2197,0.4085,0.3719
1527840300,0.1992,27.3,0.3383,73.2,0.00148,0.2379,0.4039,0.3582
1527840600,0.2109,26.3,0.344,80.1,0.00134,0.2467,0.4024,0.3509
1527840900,0.1871,19.5,0.3452,75.4,0.0018,0.2248,0.4148,0.3604
1527841200,0.1222,23.5,0.3468,53.7,0.00173,0.1589,0.451,0.3901
1527841500,0.2038,34.6,0.3449,71.7,0.00155,0.2401,0.4064,0.3535
1527841800,0.1321,29.2,0.3498,67.6,0.00315,0.1689,0.4474,0.3837
1527842100,0.0925,20.1,0.3315,63.0,0.00281,0.1278,0.4579,0.4144
1527842400,0.1515,23.8,0.3309,61.4,0.00175,0.1936,0.4229,0.3834
1527842700,0.1448,26.5,0.3304,82.0,0.00196,0.1868,0.4262,0.387
1527843000,0.1268,20.9,0.3336,55.0,0.00189,0.1668,0.4387,0.3945
1527843300,0.1714,27.9,0.3403,60.6,0.00124,0.2112,0.4192,0.3696
1527843600,0.1578,28.3,0.3416,67.2,0.00315,0.1974,0.4273,0.3753
1527843900,0.1331,28.0,0.3448,76.0,0.00129,0.1711,0.4432,0.3857
1527844200,0.1384,24.4,0.3449,58.8,0.00184,0.1767,0.4403,0.383
1527844500,0.0936,20.9,0.3358,57.8,0.00181,0.1283,0.4604,0.4113
1527844800,0.0719,17.4,0.3301,63.7,0.00125,0.1024,0.4702,0.4274
1527845100,0.1647,24.0,0.33,66.4,0.0015,0.2072,0.4153,0.3775
1527845400,0.1348,23.8,0.3381,61.5,0.00103,0.1744,0.4374,0.3881
1527845700,0.1146,24.1,0.3404,64.9,0.00108,0.1518,0.4509,0.3974
1527846000,0.1487,28.1,0.3416,66.5,0.00288,0.1882,0.4322,0.3796
1527846300,0.1572,23.6,0.3448,71.9,0.00252,0.196,0.4299,0.3741
1527846600,0.1535,30.2,0.3501,73.1,0.00198,0.191,0.4357,0.3733
1527846900,0.2105,28.9,0.3568,72.9,0.00195,0.2427,0.4114,0.3459
1527847200,0.1869,28.0,0.3601,70.4,0.00133,0.2207,0.4251,0.3542
1527847500,0.1949,26.4,0.3576,70.8,0.00111,0.2286,0.4195,0.3519
1527847800,0.24,24.5,0.3575,76.9,0.00246,0.2674,0.3983,0.3343
1527848100,0.209,32.3,0.3592,71.2,0.00127,0.2407,0.4137,0.3455
1527848400,0.1931,30.7,0.3582,69.3,0.00157,0.2268,0.4208,0.3524
1527848700,0.2761,33.5,0.3596,84.8,0.00127,0.2951,0.3843,0.3206
1527849000,0.226,31.0,0.3616,81.7,0.00123,0.2546,0.4074,0.338
1527849300,0.2375,33.2,0.3624,64.7,0.00131,0.2639,0.4027,0.3334
1527849600,0.246,27.5,0.3656,74.7,0.00293,0.2699,0.4011,0.3291
1527849900,0.2487,30.8,0.3694,70.7,0.00125,0.2709,0.4024,0.3268
1527850200,0.229,33.4,0.3694,71.0,0.00216,0.2549,0.4112,0.3339
1527850500,0.2696,30.1,0.3698,79.4,0.00494,0.287,0.3937,0.3194
1527850800,0.2636,34.3,0.3683,80.4,0.0022,0.2829,0.3952,0.3219
1527851100,0.2792,30.5,0.3685,77.2,0.00142,0.2946,0.3888,0.3166
1527851400,0.2936,37.0,0.3662,67.9,0.00157,0.3059,0.3815,0.3126
1527851700,0.2828,34.7,0.3668,72.5,0.00305,0.2978,0.3863,0.3159
1527852000,0.2695,29.0,0.3662,82.3,0.00235,0.288,0.3914,0.3206
1527852300,0.3579,43.5,0.3664,69.3,0.00162,0.3494,0.3577,0.2929
1527852600,0.3424,36.8,0.3697,91.4,0.00241,0.3383,0.3653,0.2964
1527852900,0.2941,33.2,0.3756,82.5,0.00132,0.3033,0.3873,0.3094
1527853200,0.3407,39.5,0.3786,92.0,0.00103,0.3342,0.3714,0.2943
1527853500,0.3529,43.1,0.3787,84.1,0.00207,0.3421,0.3671,0.2908
1527853800,0.3218,34.5,0.3798,69.8,0.00208,0.3213,0.3792,0.2995
1527854100,0.3818,41.9,0.3775,90.8,0.00166,0.3604,0.3564,0.2832
1527854400,0.3695,42.2,0.3773,94.6,0.00102,0.353,0.3604,0.2866
1527854700,0.361,42.3,0.3726,91.6,0.00127,0.3493,0.3605,0.2902
1527855000,0.3271,38.4,0.3692,78.7,0.00196,0.3283,0.3706,0.3011
1527855300,0.3129,35.8,0.3715,81.8,0.00228,0.3179,0.3774,0.3048
1527855600,0.3429,36.5,0.3711,81.1,0.00181,0.3382,0.366,0.2959
1527855900,0.4582,47.3,0.3733,90.9,0.00157,0.4049,0.3299,0.2651
1527856200,0.4463,43.0,0.3805,100.4,0.0021,0.3961,0.3377,0.2662
1527856500,0.4467,37.5,0.3868,87.5,0.00133,0.3941,0.3412,0.2647
1527856800,0.4514,47.9,0.3899,89.8,0.00121,0.3955,0.3416,0.2629
1527857100,0.4453,48.9,0.392,87.9,0.00159,0.3915,0.3447,0.2638
1527857400,0.4278,37.9,0.3878,83.8,0.00182,0.3835,0.3476,0.2689
1527857700,0.4914,46.4,0.3906,100.0,0.00226,0.4157,0.3305,0.2538
1527858000,0.4821,50.6,0.3918,105.2,0.00153,0.4107,0.3338,0.2556
1527858300,0.4537,52.9,0.3903,94.3,0.00213,0.3966,0.3412,0.2622
1527858600,0.4502,46.6,0.3857,86.0,0.00169,0.3963,0.3396,0.2641
1527858900,0.4159,41.9,0.3773,96.6,0.00245,0.3804,0.3451,0.2744
1527859200,0.4093,43.1,0.3773,101.0,0.00231,0.3767,0.3472,0.2761
1527859500,0.5332,56.4,0.3804,99.4,0.00206,0.4394,0.3134,0.2472
1527859800,0.4555,44.9,0.382,92.7,0.00142,0.4004,0.3358,0.2637
1527860100,0.452,44.2,0.3853,98.3,0.00234,0.3974,0.3388,0.2638
1527860400,0.4583,45.6,0.3863,105.6,0.00294,0.4004,0.3375,0.2621
1527860700,0.4247,41.9,0.386,89.4,0.00214,0.3824,0.3475,0.2701
1527861000,0.4309,45.5,0.3862,85.1,0.00164,0.3857,0.3457,0.2686
1527861300,0.4836,53.7,0.383,102.1,0.00227,0.4145,0.3283,0.2572
1527861600,0.4406,46.8,0.3842,98.9,0.00134,0.3917,0.3416,0.2667
1527861900,0.452,45.9,0.3851,95.2,0.00295,0.3975,0.3387,0.2638
1527862200,0.4562,46.1,0.3878,92.3,0.00105,0.3988,0.339,0.2622
1527862500,0.4274,40.2,0.3856,98.7,0.00134,0.384,0.3465,0.2695
1527862800,0.4264,47.5,0.3859,95.8,0.00195,0.3833,0.3469,0.2697
1527863100,0.5393,52.5,0.3889,99.3,0.00316,0.4391,0.3166,0.2443
1527863400,0.4751,47.7,0.3931,97.8,0.00154,0.4067,0.3365,0.2568
1527863700,0.47,57.5,0.3932,88.9,0.00123,0.4041,0.338,0.2579
1527864000,0.497,50.7,0.3941,103.8,0.00232,0.4173,0.3309,0.2519
1527864300,0.5079,48.3,0.394,99.2,0.00118,0.4226,0.3278,0.2496
1527864600,0.4952,48.4,0.3947,96.9,0.00105,0.4162,0.3317,0.2521
1527864900,0.5105,54.2,0.396,100.9,0.00128,0.4231,0.3282,0.2487
1527865200,0.4773,48.8,0.3948,98.0,0.00127,0.4072,0.3368,0.256
1527865500,0.5058,46.1,0.3903,105.9,0.00137,0.4229,0.3263,0.2508
1527865800,0.5026,52.9,0.3911,103.8,0.00155,0.421,0.3276,0.2513
1527866100,0.5037,48.3,0.3983,99.4,0.00164,0.4191,0.3314,0.2496
1527866400,0.4676,53.4,0.404,101.3,0.00177,0.3991,0.3448,0.2561
1527866700,0.5589,57.4,0.4035,108.3,0.00161,0.4427,0.3196,0.2376
1527867000,0.5267,50.5,0.4007,100.1,0.0024,0.4291,0.3265,0.2444
1527867300,0.516,55.0,0.4023,100.9,0.00259,0.4235,0.3302,0.2462
1527867600,0.5247,51.9,0.401,101.6,0.0013,0.4281,0.3272,0.2448
1527867900,0.5155,53.6,0.4015,104.6,0.00194,0.4236,0.3299,0.2465
1527868200,0.4771,49.9,0.3999,95.5,0.00187,0.4054,0.3398,0.2549
1527868500,0.5414,50.4,0.4001,101.8,0.00338,0.4361,0.3223,0.2416
1527868800,0.5024,48.2,0.4001,112.1,0.00125,0.4178,0.3327,0.2495
1527869100,0.4978,52.9,0.3974,105.4,0.0021,0.4165,0.3325,0.251
1527869400,0.5237,50.7,0.3954,97.8,0.00114,0.4296,0.3243,0.2461
1527869700,0.5169,50.0,0.3911,105.1,0.00142,0.4279,0.3238,0.2483
1527870000,0.5195,48.5,0.3946,102.7,0.00159,0.4279,0.325,0.2471
1527870300,0.6342,60.7,0.4031,115.8,0.00102,0.4742,0.3014,0.2243
1527870600,0.6029,63.4,0.4106,111.1,0.0029,0.459,0.3126,0.2284
1527870900,0.596,53.5,0.4091,116.7,0.00197,0.4567,0.3135,0.2299
1527871200,0.5817,55.8,0.4131,110.2,0.00101,0.4493,0.319,0.2317
1527871500,0.5598,58.4,0.4144,105.6,0.00109,0.4393,0.3252,0.2354
1527871800,0.5758,55.1,0.411,113.8,0.00241,0.4475,0.3194,0.2331
1527872100,0.5999,58.4,0.4134,111.4,0.00254,0.4568,0.3148,0.2284
1527872400,0.6037,54.1,0.4147,111.1,0.00106,0.4579,0.3145,0.2275
1527872700,0.6005,58.3,0.4194,111.9,0.0024,0.455,0.3178,0.2273
1527873000,0.6602,60.7,0.435,115.5,0.00267,0.4732,0.3118,0.215
1527873300,0.6368,62.5,0.4493,113.7,0.00145,0.4594,0.3241,0.2164
1527873600,0.5404,56.4,0.4517,100.5,0.00149,0.4182,0.3496,0.2322
1527873900,0.5968,64.5,0.4547,105.2,0.00188,0.4416,0.3364,0.222
1527874200,0.5531,55.5,0.4529,99.3,0.0017,0.4235,0.3468,0.2297
1527874500,0.5142,52.0,0.4364,93.1,0.00101,0.4112,0.349,0.2399
1527874800,0.5112,51.4,0.4261,95.8,0.00172,0.4132,0.3444,0.2425
1527875100,0.4874,48.1,0.4206,97.7,0.00107,0.4035,0.3482,0.2483
1527875400,0.4807,49.7,0.4171,98.7,0.00138,0.4013,0.3482,0.2505
1527875700,0.5281,51.1,0.4115,101.2,0.00117,0.426,0.332,0.242
1527876000,0.5157,51.6,0.4092,87.4,0.00188,0.421,0.3341,0.2449
1527876300,0.507,54.4,0.4054,110.1,0.00184,0.4182,0.3344,0.2474
1527876600,0.5353,49.5,0.4077,110.0,0.00229,0.4307,0.328,0.2414
1527876900,0.5223,55.0,0.4087,104.9,0.00184,0.4243,0.332,0.2437
1527877200,0.5047,54.3,0.4081,111.9,0.00124,0.4161,0.3365,0.2474
1527877500,0.585,55.6,0.4106,102.6,0.00143,0.4515,0.3169,0.2316
1527877800,0.561,47.9,0.4157,117.4,0.00139,0.4394,0.3256,0.235
1527878100,0.5668,52.9,0.418,100.9,0.00188,0.4412,0.3253,0.2335
1527878400,0.5686,58.7,0.417,108.3,0.001,0.4423,0.3244,0.2334
1527878700,0.5849,55.9,0.4166,100.8,0.0017,0.4494,0.3201,0.2305
1527879000,0.5847,52.9,0.4162,108.6,0.00173,0.4495,0.3199,0.2306
1527879300,0.6007,55.5,0.4207,112.4,0.00104,0.4546,0.3184,0.227
1527879600,0.5622,56.9,0.4224,105.3,0.00168,0.4376,0.3288,0.2335
1527879900,0.5519,55.3,0.418,109.5,0.00121,0.4346,0.3292,0.2362
1527880200,0.5302,51.4,0.4155,103.6,0.00155,0.4256,0.3335,0.2408
1527880500,0.5041,49.2,0.4186,97.3,0.00174,0.4123,0.3424,0.2454
1527880800,0.4944,48.4,0.4215,96.0,0.00168,0.4066,0.3467,0.2467
1527881100,0.5725,52.3,0.4213,112.1,0.0015,0.4425,0.3256,0.2319
1527881400,0.5216,56.4,0.4157,98.2,0.0011,0.4216,0.336,0.2425
1527881700,0.5224,50.6,0.4071,107.7,0.00143,0.4249,0.3311,0.244
1527882000,0.4954,53.3,0.4101,106.9,0.00126,0.4109,0.3402,0.2489
1527882300,0.4574,51.6,0.4121,85.7,0.00141,0.3911,0.3524,0.2565
1527882600,0.4705,50.9,0.4117,103.8,0.00213,0.398,0.3482,0.2538
1527882900,0.5247,50.4,0.4087,114.8,0.00197,0.4254,0.3314,0.2432
1527883200,0.4949,50.9,0.4137,101.0,0.00119,0.4095,0.3423,0.2482
1527883500,0.4651,47.5,0.411,100.1,0.0024,0.3955,0.3495,0.2551
1527883800,0.4837,46.1,0.4125,104.6,0.00135,0.4044,0.3448,0.2508
1527884100,0.4685,48.8,0.4151,95.2,0.00268,0.3958,0.3507,0.2535
1527884400,0.4669,44.1,0.4173,97.8,0.00175,0.3943,0.3524,0.2533
1527884700,0.5497,57.0,0.4224,97.1,0.00177,0.4321,0.332,0.2358
1527885000,0.496,48.3,0.4245,100.4,0.00178,0.4064,0.3478,0.2458
1527885300,0.488,49.8,0.4151,101.8,0.00103,0.4056,0.345,0.2494
1527885600,0.4748,49.1,0.4159,100.6,0.00188,0.3988,0.3493,0.252
1527885900,0.4755,47.5,0.4129,103.9,0.0018,0.4001,0.3474,0.2524
1527886200,0.4616,49.1,0.4124,91.5,0.00253,0.3932,0.3513,0.2555
1527886500,0.4894,47.8,0.4143,95.7,0.00244,0.4066,0.3442,0.2492
1527886800,0.5017,52.7,0.414,111.5,0.00112,0.4127,0.3405,0.2468
1527887100,0.5198,47.3,0.4081,101.1,0.00152,0.4233,0.3324,0.2443
1527887400,0.5296,52.5,0.4108,104.2,0.00237,0.427,0.3312,0.2419
1527887700,0.497,55.6,0.41,99.3,0.00169,0.4118,0.3397,0.2486
1527888000,0.4765,45.4,0.4138,92.7,0.00123,0.4003,0.3476,0.252
1527888300,0.5527,51.7,0.4184,115.0,0.00235,0.4348,0.3292,0.236
1527888600,0.4524,48.2,0.4194,92.1,0.00184,0.3861,0.3579,0.256
1527888900,0.4409,46.4,0.4162,87.3,0.00183,0.381,0.3597,0.2593
1527889200,0.4582,48.1,0.4105,93.1,0.00152,0.3921,0.3512,0.2567
1527889500,0.4151,45.5,0.4094,79.5,0.00104,0.3691,0.3641,0.2668
1527889800,0.3888,44.1,0.4077,85.0,0.00199,0.3546,0.3718,0.2736
1527890100,0.4416,49.2,0.4061,88.4,0.00172,0.3848,0.3538,0.2614
1527890400,0.4078,44.8,0.4052,94.5,0.00129,0.3664,0.3641,0.2695
1527890700,0.3751,40.5,0.4008,83.5,0.00242,0.3486,0.3725,0.2788
1527891000,0.4407,47.9,0.4016,99.4,0.00113,0.3858,0.3516,0.2626
1527891300,0.4244,50.4,0.399,100.8,0.00154,0.3778,0.3552,0.267
1527891600,0.4081,43.2,0.4115,95.5,0.00199,0.3645,0.3675,0.268
1527891900,0.5991,54.0,0.4242,108.6,0.0024,0.4527,0.3206,0.2267
1527892200,0.4848,52.3,0.4337,99.3,0.00232,0.3979,0.3559,0.2462
1527892500,0.4853,48.6,0.4384,89.4,0.0027,0.3966,0.3583,0.2452
1527892800,0.4689,41.3,0.4388,96.1,0.00141,0.3883,0.3633,0.2484
1527893100,0.462,49.9,0.4337,91.0,0.00204,0.3864,0.3627,0.2509
1527893400,0.4235,43.0,0.4244,96.5,0.00133,0.3689,0.3697,0.2613
1527893700,0.546,52.9,0.4107,120.0,0.00105,0.4345,0.3268,0.2387
1527894000,0.6421,60.9,0.4102,117.2,0.00127,0.4748,0.3033,0.2218
1527894300,0.6147,58.6,0.411,99.5,0.00102,0.4637,0.31,0.2263
1527894600,0.5202,53.5,0.4145,99.9,0.00128,0.4213,0.3357,0.243
1527894900,0.4023,41.9,0.4128,91.0,0.00109,0.3608,0.3702,0.269
1527895200,0.3836,43.4,0.4143,88.9,0.00127,0.3494,0.3774,0.2732
1527895500,0.4605,46.5,0.4164,91.7,0.00146,0.3913,0.3538,0.2549
1527895800,0.4091,45.9,0.4152,92.4,0.00134,0.3639,0.3693,0.2668
1527896100,0.4075,45.4,0.4158,83.3,0.00158,0.3628,0.3702,0.2671
1527896400,0.4067,40.7,0.4171,85.0,0.00292,0.3619,0.3712,0.267
1527896700,0.4156,47.3,0.4104,95.4,0.00246,0.3691,0.3645,0.2664
1527897000,0.39,40.7,0.4091,82.9,0.00156,0.3548,0.3722,0.273
1527897300,0.4088,46.0,0.4085,94.1,0.00233,0.3659,0.3656,0.2685
1527897600,0.3818,42.8,0.4085,80.0,0.0018,0.3502,0.3747,0.2752
1527897900,0.3919,47.9,0.4058,99.8,0.00118,0.357,0.3697,0.2733
1527898200,0.4248,44.1,0.4048,87.8,0.00251,0.3761,0.3584,0.2656
1527898500,0.3779,40.4,0.407,86.4,0.00126,0.3483,0.3751,0.2765
1527898800,0.3612,40.2,0.4049,88.1,0.00134,0.3388,0.3798,0.2814
1527899100,0.4333,44.4,0.4066,89.9,0.00213,0.3801,0.3567,0.2632
1527899400,0.4048,45.7,0.4046,91.3,0.00249,0.3649,0.3647,0.2704
1527899700,0.3739,36.3,0.4019,90.8,0.00149,0.3476,0.3736,0.2789
1527900000,0.4034,40.1,0.3971,96.1,0.00132,0.3666,0.3608,0.2726
1527900300,0.3928,39.3,0.3935,94.0,0.00217,0.3616,0.3622,0.2762
1527900600,0.3719,43.9,0.393,86.2,0.00175,0.3492,0.369,0.2817
1527900900,0.3974,47.9,0.3964,88.9,0.00216,0.3633,0.3624,0.2743
1527901200,0.3769,41.1,0.395,101.8,0.00188,0.3516,0.3685,0.2799
1527901500,0.3692,40.3,0.3919,92.6,0.00117,0.3479,0.3693,0.2827
1527901800,0.3542,40.0,0.3925,79.9,0.00119,0.3384,0.375,0.2866
1527902100,0.3391,42.2,0.3929,84.5,0.00151,0.3286,0.3807,0.2907
1527902400,0.3204,34.6,0.3911,80.0,0.00186,0.3168,0.3867,0.2966
1527902700,0.4659,48.3,0.3892,95.8,0.00109,0.4033,0.3369,0.2597
1527903000,0.4037,46.2,0.393,83.0,0.00117,0.3681,0.3583,0.2735
1527903300,0.3733,42.6,0.3914,84.9,0.00123,0.3506,0.3676,0.2818
1527903600,0.392,43.0,0.3881,100.1,0.00108,0.3629,0.3593,0.2778
1527903900,0.3614,43.3,0.3888,89.6,0.00134,0.3441,0.3702,0.2857
1527904200,0.3339,30.3,0.391,68.4,0.00319,0.3258,0.3815,0.2927
1527904500,0.3429,41.0,0.392,91.6,0.00356,0.3313,0.3788,0.2899
1527904800,0.3095,34.7,0.3894,87.5,0.00164,0.3098,0.3898,0.3003
1527905100,0.3314,32.7,0.3845,81.0,0.00332,0.3262,0.3785,0.2953
1527905400,0.3226,39.1,0.3799,86.6,0.0016,0.3218,0.379,0.2993
1527905700,0.2875,39.2,0.3797,73.6,0.00119,0.2972,0.3926,0.3102
1527906000,0.2783,34.1,0.3822,75.0,0.00206,0.2897,0.3979,0.3123
1527906300,0.3734,44.0,0.3849,96.3,0.00128,0.3528,0.3637,0.2835
1527906600,0.3441,43.9,0.3879,82.8,0.00106,0.3334,0.3759,0.2907
1527906900,0.3422,42.9,0.3819,73.0,0.00213,0.3341,0.3729,0.2929
1527907200,0.32,42.3,0.3786,81.6,0.00227,0.3204,0.3791,0.3004
1527907500,0.3129,39.1,0.3778,80.8,0.00239,0.3158,0.3813,0.3028
1527907800,0.3124,37.1,0.377,88.4,0.00182,0.3157,0.381,0.3032
1527908100,0.3448,34.3,0.3763,84.6,0.00111,0.3377,0.3685,0.2938
1527908400,0.3139,36.2,0.3756,78.9,0.0011,0.3172,0.3796,0.3032
1527908700,0.2922,32.9,0.3724,85.5,0.00123,0.3029,0.3861,0.311
1527909000,0.3004,42.5,0.3711,80.8,0.00143,0.3092,0.382,0.3088
1527909300,0.2543,32.3,0.3706,70.9,0.002,0.2749,0.4007,0.3244
1527909600,0.2389,32.1,0.3723,80.8,0.00272,0.2622,0.4086,0.3292
1527909900,0.3118,38.5,0.3716,82.3,0.00158,0.3171,0.3779,0.3051
1527910200,0.2844,35.0,0.374,78.5,0.00185,0.2967,0.3902,0.313
1527910500,0.3042,41.4,0.3708,81.5,0.00115,0.312,0.3803,0.3077
1527910800,0.3042,34.4,0.3692,74.0,0.00108,0.3125,0.3793,0.3082
1527911100,0.2644,34.1,0.3703,73.3,0.00151,0.2829,0.3962,0.321
1527911400,0.2707,31.7,0.3719,77.1,0.00139,0.2872,0.3945,0.3183
1527911700,0.311,32.8,0.3718,79.9,0.00305,0.3164,0.3783,0.3053
1527912000,0.2906,33.5,0.3712,86.7,0.00146,0.3021,0.3859,0.3119
1527912300,0.2914,35.3,0.3681,80.4,0.00138,0.3037,0.3836,0.3127
1527912600,0.3058,35.1,0.368,85.7,0.00335,0.314,0.3779,0.3081
1527912900,0.2699,31.8,0.3645,77.0,0.00159,0.2888,0.3901,0.3211
1527913200,0.2607,29.0,0.363,82.4,0.00115,0.2822,0.393,0.3248
1527913500,0.3467,39.0,0.3637,87.1,0.00194,0.3431,0.36,0.2969
1527913800,0.3614,35.8,0.3622,86.2,0.00108,0.3531,0.3538,0.2931
1527914100,0.3645,42.8,0.3632,86.4,0.00178,0.3547,0.3534,0.2919
1527914400,0.3809,41.9,0.3612,82.4,0.00205,0.3655,0.3466,0.2879
1527914700,0.3473,34.9,0.3591,87.8,0.00115,0.3451,0.3568,0.2981
1527915000,0.3669,39.8,0.3575,86.4,0.00194,0.3582,0.349,0.2929
1527915300,0.3758,39.0,0.3569,84.6,0.00184,0.3639,0.3456,0.2905
1527915600,0.3606,41.2,0.3564,92.7,0.00118,0.3546,0.3504,0.295
1527915900,0.3351,42.5,0.3523,76.0,0.00195,0.3394,0.3568,0.3038
1527916200,0.3533,34.1,0.3518,82.8,0.00215,0.3515,0.35,0.2985
1527916500,0.384,42.2,0.3549,94.6,0.00137,0.3696,0.3416,0.2888
1527916800,0.3728,40.6,0.3557,89.2,0.00177,0.3625,0.3458,0.2917
1527917100,0.3991,45.0,0.3565,89.6,0.00142,0.3781,0.3377,0.2842
1527917400,0.3598,40.8,0.3601,87.5,0.00226,0.3528,0.3531,0.2941
1527917700,0.3051,34.1,0.357,81.6,0.00104,0.3171,0.3711,0.3118
1527918000,0.3445,38.2,0.3562,75.4,0.00223,0.3443,0.356,0.2998
1527918300,0.2994,33.6,0.3509,77.8,0.00213,0.3151,0.3693,0.3157
1527918600,0.2621,36.6,0.349,85.9,0.00143,0.2877,0.3831,0.3293
1527918900,0.3061,36.5,0.3496,76.7,0.00228,0.3203,0.3658,0.3139
1527919200,0.2812,40.4,0.3469,76.2,0.00143,0.303,0.3738,0.3232
1527919500,0.2507,32.4,0.3426,71.8,0.00147,0.2806,0.3835,0.3358
1527919800,0.2708,31.8,0.3437,76.6,0.00145,0.2961,0.3758,0.328
1527920100,0.2508,28.0,0.3459,71.6,0.00111,0.2797,0.3857,0.3346
1527920400,0.2507,27.1,0.3473,78.0,0.00175,0.2792,0.3867,0.3341
1527920700,0.3375,33.9,0.3474,84.9,0.0021,0.3427,0.3527,0.3046
1527921000,0.2936,36.4,0.3501,84.0,0.00114,0.3111,0.371,0.3179
1527921300,0.2374,33.1,0.3468,67.4,0.00144,0.2685,0.3922,0.3393
1527921600,0.2696,29.1,0.3419,74.9,0.00272,0.2958,0.3751,0.3291
1527921900,0.2539,35.5,0.3409,74.0,0.00342,0.2838,0.381,0.3353
1527922200,0.227,29.4,0.3388,75.4,0.00244,0.2622,0.3913,0.3465
1527922500,0.2747,34.7,0.3395,72.7,0.00148,0.3005,0.3714,0.3282
1527922800,0.2847,39.8,0.3472,84.0,0.00158,0.3055,0.3726,0.3219
1527923100,0.2677,36.4,0.3513,83.9,0.00334,0.2913,0.3823,0.3264
1527923400,0.2746,33.4,0.3585,71.5,0.00259,0.2943,0.3842,0.3215
1527923700,0.226,28.1,0.3605,69.7,0.00117,0.2549,0.4067,0.3384
1527924000,0.1827,21.3,0.3632,65.1,0.00236,0.216,0.4294,0.3547
1527924300,0.2369,29.4,0.3619,89.5,0.00189,0.2636,0.4026,0.3338
1527924600,0.181,27.0,0.3644,65.5,0.0015,0.2141,0.431,0.3549
1527924900,0.1638,23.5,0.3638,76.4,0.00109,0.1979,0.4396,0.3625
1527925200,0.1905,27.9,0.3613,61.5,0.00182,0.2236,0.4242,0.3522
1527925500,0.1694,27.1,0.3586,61.0,0.00123,0.2046,0.4331,0.3623
1527925800,0.1784,26.8,0.3532,63.7,0.00147,0.2145,0.4247,0.3608
1527926100,0.1865,26.1,0.3475,63.6,0.0021,0.2236,0.4167,0.3597
1527926400,0.1485,25.9,0.3499,63.2,0.00165,0.186,0.4383,0.3758
1527926700,0.1607,27.6,0.3444,61.8,0.00124,0.1996,0.4278,0.3726
1527927000,0.1809,24.4,0.3466,63.2,0.00289,0.2186,0.4189,0.3625
1527927300,0.1586,30.3,0.3508,72.8,0.0017,0.1959,0.4334,0.3706
1527927600,0.1676,26.4,0.3541,74.1,0.00295,0.204,0.4309,0.3651
1527927900,0.2443,32.2,0.3575,80.1,0.00224,0.2709,0.3964,0.3327
1527928200,0.161,28.4,0.3599,69.2,0.00109,0.1961,0.4384,0.3655
1527928500,0.176,28.0,0.3585,68.2,0.00188,0.2109,0.4296,0.3595
1527928800,0.2085,32.5,0.3548,67.9,0.00103,0.2415,0.411,0.3475
1527929100,0.1914,29.3,0.3543,63.4,0.00117,0.2263,0.4189,0.3547
1527929400,0.163,24.6,0.3526,68.5,0.00139,0.1999,0.4323,0.3678
1527929700,0.1813,28.8,0.3534,61.1,0.00143,0.2172,0.4234,0.3594
1527930000,0.1851,24.5,0.3503,62.5,0.00109,0.2216,0.4193,0.3591
1527930300,0.1768,27.7,0.3475,74.6,0.00104,0.2145,0.4216,0.3639
1527930600,0.1765,27.3,0.3484,79.1,0.00218,0.214,0.4224,0.3637
1527930900,0.1754,26.7,0.3449,69.9,0.00107,0.2138,0.4205,0.3657
1527931200,0.1466,24.9,0.347,71.3,0.00257,0.1847,0.4372,0.378
1527931500,0.2542,27.1,0.3469,73.9,0.00142,0.2821,0.385,0.3329
1527931800,0.2273,29.3,0.3554,64.7,0.00224,0.2575,0.4026,0.3399
1527932100,0.2169,30.5,0.3617,75.4,0.00115,0.2469,0.4117,0.3415
1527932400,0.2542,33.3,0.3614,78.8,0.00171,0.2776,0.3947,0.3277
1527932700,0.2328,28.2,0.359,73.7,0.00234,0.261,0.4026,0.3364
1527933000,0.2672,37.5,0.3586,75.3,0.00114,0.2886,0.3873,0.324
1527933300,0.3069,33.9,0.3592,86.5,0.00171,0.3177,0.3718,0.3105
1527933600,0.2821,37.7,0.3599,72.3,0.00162,0.2995,0.3821,0.3185
1527933900,0.2617,34.6,0.3574,71.5,0.00115,0.2847,0.3889,0.3264
1527934200,0.2868,33.1,0.3542,72.6,0.00253,0.3048,0.3764,0.3188
1527934500,0.2837,40.2,0.3537,78.9,0.00274,0.3026,0.3773,0.32
1527934800,0.3064,32.9,0.3573,74.1,0.00167,0.3179,0.3708,0.3113
1527935100,0.3813,44.4,0.3621,84.0,0.00293,0.3654,0.347,0.2875
1527935400,0.3305,41.1,0.3695,78.8,0.00198,0.3305,0.3695,0.3
1527935700,0.3125,34.9,0.3698,79.7,0.0028,0.3181,0.3765,0.3054
1527936000,0.3375,42.8,0.3701,74.8,0.00149,0.335,0.3673,0.2977
1527936300,0.3379,37.9,0.3678,84.3,0.00143,0.336,0.3657,0.2983
1527936600,0.3389,39.6,0.3662,91.4,0.00111,0.3372,0.3643,0.2985
1527936900,0.3764,42.1,0.3656,88.5,0.00339,0.3612,0.3509,0.2879
1527937200,0.3776,41.0,0.3659,97.0,0.00209,0.3619,0.3506,0.2875
1527937500,0.379,44.0,0.366,95.9,0.00193,0.3627,0.3502,0.2871
1527937800,0.3827,44.2,0.3656,92.9,0.0022,0.3651,0.3488,0.2862
1527938100,0.4185,39.0,0.3661,92.3,0.00371,0.3859,0.3375,0.2766
1527938400,0.4058,47.3,0.3682,90.7,0.00206,0.3778,0.3428,0.2793
1527938700,0.471,43.0,0.3716,101.7,0.00159,0.4122,0.3252,0.2626
1527939000,0.4304,48.2,0.3749,90.7,0.00107,0.3894,0.3392,0.2714
1527939300,0.4108,47.1,0.3831,79.8,0.00127,0.3755,0.3502,0.2742
1527939600,0.4332,42.1,0.3843,96.3,0.00248,0.3877,0.3439,0.2685
1527939900,0.4357,44.3,0.3895,86.8,0.00116,0.3872,0.3462,0.2666
1527940200,0.4316,41.9,0.3957,87.4,0.00107,0.3829,0.351,0.2661
1527940500,0.468,47.1,0.3971,96.8,0.0019,0.4017,0.3408,0.2575
1527940800,0.3949,41.7,0.3943,88.9,0.00154,0.3626,0.362,0.2754
1527941100,0.4363,47.9,0.3907,85.2,0.00252,0.3871,0.3467,0.2662
1527941400,0.4366,49.5,0.385,94.7,0.00113,0.3893,0.3433,0.2675
1527941700,0.4,47.2,0.3805,95.8,0.00307,0.3702,0.3522,0.2776
1527942000,0.4049,41.7,0.3817,83.7,0.00274,0.3726,0.3513,0.2761
1527942300,0.5101,50.1,0.3778,108.6,0.00152,0.4294,0.318,0.2525
1527942600,0.4678,42.7,0.3828,87.4,0.00255,0.4066,0.3327,0.2607
1527942900,0.4904,46.9,0.392,111.7,0.00221,0.4147,0.3315,0.2537
1527943200,0.5183,54.2,0.3994,99.4,0.00183,0.4256,0.328,0.2464
1527943500,0.4809,53.5,0.4023,99.0,0.00132,0.4064,0.34,0.2535
1527943800,0.4598,43.5,0.3931,84.6,0.00127,0.3988,0.341,0.2602
1527944100,0.5773,53.6,0.3882,107.4,0.00168,0.4562,0.3068,0.2371
1527944400,0.5803,55.5,0.3903,109.4,0.00323,0.4567,0.3072,0.2361
1527944700,0.5339,53.2,0.391,102.9,0.00248,0.4359,0.3192,0.2449
1527945000,0.554,51.4,0.3892,102.0,0.00129,0.4456,0.3131,0.2413
1527945300,0.5155,52.4,0.3932,95.9,0.00212,0.4265,0.3253,0.2482
1527945600,0.5442,51.7,0.391,111.2,0.00127,0.4406,0.3165,0.2429
1527945900,0.6885,63.2,0.3863,119.0,0.0012,0.5008,0.281,0.2182
1527946200,0.601,58.7,0.3928,119.3,0.00132,0.4645,0.3036,0.2319
1527946500,0.5454,53.2,0.397,101.4,0.00115,0.439,0.3195,0.2415
1527946800,0.5539,52.5,0.395,102.8,0.00216,0.4435,0.3163,0.2402
1527947100,0.5494,53.1,0.3947,109.8,0.00176,0.4416,0.3173,0.2411
1527947400,0.5109,50.5,0.3941,91.4,0.002,0.424,0.3271,0.249
1527947700,0.5766,54.3,0.3931,100.4,0.00161,0.4541,0.3096,0.2363
1527948000,0.5349,51.7,0.3945,110.1,0.00165,0.4351,0.3209,0.244
1527948300,0.5098,55.5,0.3929,93.9,0.0022,0.4239,0.3267,0.2494
1527948600,0.5587,55.8,0.3917,95.0,0.00259,0.4468,0.3133,0.2399
1527948900,0.544,52.2,0.393,115.6,0.00206,0.4398,0.3177,0.2425
1527949200,0.5256,53.9,0.3959,94.2,0.00132,0.4303,0.3241,0.2456
1527949500,0.6607,60.2,0.4015,117.2,0.00254,0.485,0.2947,0.2202
1527949800,0.6144,61.5,0.4048,111.9,0.00241,0.4657,0.3069,0.2274
1527950100,0.6025,58.3,0.4062,93.4,0.00237,0.4604,0.3104,0.2292
1527950400,0.5402,52.5,0.4128,102.4,0.00167,0.4311,0.3294,0.2394
1527950700,0.5163,52.5,0.4164,104.3,0.00192,0.4188,0.3378,0.2434
1527951000,0.4937,44.8,0.4126,101.5,0.00133,0.4093,0.342,0.2487
1527951300,0.5492,50.1,0.4135,110.3,0.0025,0.4349,0.3275,0.2376
1527951600,0.5144,47.4,0.4099,99.1,0.00151,0.4202,0.3348,0.245
1527951900,0.5143,51.4,0.4063,105.7,0.00298,0.4214,0.3329,0.2458
1527952200,0.498,55.1,0.4065,95.7,0.00179,0.4134,0.3375,0.2491
1527952500,0.5171,57.9,0.4048,93.2,0.0028,0.4232,0.3313,0.2455
1527952800,0.4919,51.3,0.4037,91.4,0.00146,0.4114,0.3377,0.2509
1527953100,0.5638,56.0,0.4045,97.6,0.00141,0.4445,0.3189,0.2365
1527953400,0.5754,49.9,0.3972,113.6,0.00197,0.4521,0.3121,0.2357
1527953700,0.5873,54.5,0.4004,99.6,0.00184,0.4561,0.3109,0.233
1527954000,0.5862,53.7,0.408,110.3,0.0019,0.4529,0.3153,0.2318
1527954300,0.5673,52.8,0.4102,105.1,0.0034,0.4441,0.3211,0.2348
1527954600,0.5462,52.7,0.4116,104.0,0.00148,0.4343,0.3272,0.2385
1527954900,0.5763,53.9,0.4111,115.8,0.00172,0.4476,0.3193,0.233
1527955200,0.5146,45.1,0.4139,98.8,0.00147,0.4189,0.3369,0.2442
1527955500,0.5027,52.4,0.4065,103.9,0.00154,0.4157,0.3362,0.2481
1527955800,0.5161,47.9,0.401,101.8,0.00138,0.424,0.3295,0.2465
1527956100,0.5681,55.5,0.4018,105.9,0.00112,0.4474,0.3164,0.2362
1527956400,0.5376,58.9,0.4068,117.6,0.00117,0.432,0.3269,0.2411
1527956700,0.6496,57.7,0.4069,106.3,0.00135,0.4789,0.3,0.2212
1527957000,0.6111,50.2,0.4058,118.8,0.00106,0.464,0.3081,0.2278
1527957300,0.5861,55.2,0.4035,112.5,0.00138,0.4545,0.3129,0.2326
1527957600,0.6079,60.9,0.4053,107.9,0.00138,0.4629,0.3086,0.2284
1527957900,0.628,64.8,0.4037,122.6,0.00208,0.4716,0.3031,0.2253
1527958200,0.5947,52.9,0.4108,98.4,0.00118,0.4555,0.3147,0.2298
1527958500,0.6194,59.8,0.4119,108.8,0.00135,0.4653,0.3094,0.2253
1527958800,0.5838,54.5,0.4104,101.1,0.00246,0.4511,0.3171,0.2318
1527959100,0.5682,54.5,0.4089,109.3,0.00142,0.4449,0.3202,0.2349
1527959400,0.5826,63.7,0.4123,101.6,0.00153,0.4499,0.3184,0.2317
1527959700,0.5722,50.5,0.4158,109.8,0.0014,0.4443,0.3228,0.2329
1527960000,0.5829,56.6,0.4167,107.2,0.00309,0.4485,0.3206,0.2308
1527960300,0.6863,64.4,0.4179,115.8,0.00329,0.4887,0.2976,0.2136
1527960600,0.6167,61.4,0.4199,114.0,0.00178,0.4614,0.3142,0.2245
1527960900,0.5961,57.0,0.4203,108.0,0.00171,0.4528,0.3193,0.2279
1527961200,0.6031,58.1,0.4183,103.8,0.00154,0.4564,0.3166,0.227
1527961500,0.5788,54.3,0.4184,124.7,0.00118,0.4462,0.3225,0.2313
1527961800,0.5639,55.3,0.4148,103.5,0.00155,0.441,0.3244,0.2346
1527962100,0.603,56.2,0.4135,97.0,0.00187,0.458,0.3141,0.2279
1527962400,0.5804,57.5,0.4155,103.0,0.00173,0.4479,0.3206,0.2315
1527962700,0.5376,51.5,0.4129,96.2,0.0013,0.4299,0.3302,0.2399
1527963000,0.5354,53.6,0.4139,108.5,0.00118,0.4286,0.3313,0.2401
1527963300,0.4822,48.7,0.4134,100.1,0.00209,0.4033,0.3458,0.2509
1527963600,0.4846,52.3,0.4138,100.9,0.00172,0.4044,0.3453,0.2503
1527963900,0.5096,50.5,0.4166,98.7,0.00156,0.4156,0.3397,0.2447
1527964200,0.4067,38.1,0.4215,89.0,0.0025,0.3605,0.3736,0.2659
1527964500,0.3535,43.5,0.4174,83.1,0.00154,0.3301,0.3898,0.2801
1527964800,0.3222,34.8,0.4122,81.7,0.0018,0.3115,0.3985,0.29
1527965100,0.2689,31.9,0.412,81.9,0.00203,0.2741,0.42,0.3058
1527965400,0.1938,26.8,0.4109,71.4,0.00115,0.2142,0.4542,0.3316
1527965700,0.1932,32.6,0.4114,72.3,0.00238,0.2136,0.4548,0.3316
1527966000,0.1468,18.9,0.4101,67.7,0.00167,0.1713,0.4786,0.3501
1527966300,0.1957,38.1,0.4063,74.9,0.00187,0.217,0.4504,0.3326
1527966600,0.2809,37.8,0.4021,79.8,0.00384,0.2858,0.4091,0.3052
1527966900,0.3863,42.7,0.3959,90.8,0.00136,0.357,0.3658,0.2772
1527967200,0.4698,47.7,0.3985,104.1,0.00186,0.4021,0.3411,0.2568
1527967500,0.5777,56.3,0.4077,103.8,0.00169,0.4494,0.3172,0.2334
1527967800,0.5609,55.8,0.4244,101.0,0.00242,0.4364,0.3302,0.2334
1527968100,0.54,54.7,0.4389,96.9,0.00159,0.4222,0.3432,0.2346
1527968400,0.5383,54.3,0.461,104.9,0.00131,0.4143,0.3548,0.2309
1527968700,0.5002,50.3,0.4597,88.9,0.00126,0.397,0.3649,0.2381
1527969000,0.4655,47.0,0.4596,99.3,0.00188,0.38,0.3752,0.2449
1527969300,0.5026,49.7,0.4589,99.6,0.00169,0.3984,0.3638,0.2378
1527969600,0.5154,50.5,0.4576,108.3,0.00197,0.4049,0.3595,0.2357
1527969900,0.5346,55.8,0.4596,99.4,0.00313,0.4131,0.3551,0.2318
1527970200,0.4744,50.0,0.4617,96.2,0.00111,0.3838,0.3735,0.2427
1527970500,0.4547,38.0,0.4573,102.2,0.00222,0.3752,0.3773,0.2475
1527970800,0.4245,46.7,0.4608,100.7,0.00151,0.3581,0.3888,0.2531
1527971100,0.4954,50.3,0.4698,95.5,0.00128,0.3916,0.3713,0.2371
1527971400,0.4641,47.4,0.4746,97.5,0.00341,0.3747,0.3831,0.2422
1527971700,0.4497,45.3,0.4628,96.7,0.00188,0.3709,0.3817,0.2474
1527972000,0.4906,52.7,0.443,101.3,0.00112,0.3977,0.3591,0.2432
1527972300,0.5145,53.9,0.4362,99.9,0.00154,0.4114,0.3488,0.2399
1527972600,0.5017,47.8,0.4314,107.9,0.0015,0.4069,0.3498,0.2433
1527972900,0.5424,54.2,0.4274,92.9,0.00152,0.4272,0.3366,0.2363
1527973200,0.4915,46.5,0.4234,96.6,0.00214,0.4046,0.3485,0.2469
1527973500,0.4668,43.5,0.4199,99.4,0.0012,0.3934,0.3538,0.2528
1527973800,0.4754,46.4,0.423,100.3,0.0013,0.3967,0.353,0.2503
1527974100,0.4635,50.0,0.4229,104.5,0.00159,0.3907,0.3565,0.2529
1527974400,0.419,47.2,0.429,99.1,0.00154,0.365,0.3737,0.2613
1527974700,0.4769,49.9,0.4349,96.0,0.00218,0.3935,0.3589,0.2476
1527975000,0.4327,47.5,0.4398,101.1,0.00132,0.369,0.3751,0.2559
1527975300,0.419,45.9,0.433,87.6,0.00213,0.3637,0.3759,0.2604
1527975600,0.4291,43.1,0.4335,98.5,0.00146,0.3691,0.3729,0.258
1527975900,0.4071,44.8,0.425,101.6,0.00105,0.3596,0.3754,0.265
1527976200,0.3919,44.8,0.4263,96.5,0.00234,0.3505,0.3812,0.2683
1527976500,0.4279,47.2,0.4262,93.4,0.00263,0.3708,0.3693,0.2599
1527976800,0.4046,46.9,0.4301,88.5,0.00187,0.3566,0.379,0.2644
1527977100,0.4618,49.5,0.4317,87.0,0.00243,0.3869,0.3617,0.2514
1527977400,0.4851,50.0,0.4313,100.4,0.00139,0.3988,0.3546,0.2466
1527977700,0.4253,48.0,0.4302,85.8,0.00309,0.3681,0.3723,0.2596
1527978000,0.4101,43.6,0.4298,86.3,0.00254,0.3598,0.3771,0.2632
1527978300,0.5657,52.0,0.4267,99.4,0.00186,0.4377,0.3302,0.2321
1527978600,0.507,50.0,0.4318,97.9,0.00178,0.4093,0.3486,0.2422
1527978900,0.4784,46.3,0.4328,97.7,0.00116,0.395,0.3573,0.2477
1527979200,0.524,49.7,0.4329,104.0,0.00238,0.4169,0.3444,0.2387
1527979500,0.509,50.2,0.4307,97.3,0.00205,0.4106,0.3474,0.242
1527979800,0.4951,47.3,0.4312,105.9,0.00191,0.4037,0.3516,0.2446
1527980100,0.5019,49.2,0.4321,98.9,0.00131,0.4067,0.3502,0.2431
1527980400,0.4994,44.3,0.4336,95.2,0.00133,0.405,0.3517,0.2433
1527980700,0.4838,49.5,0.4313,99.7,0.00135,0.3982,0.355,0.2469
1527981000,0.4941,49.6,0.4298,111.2,0.00113,0.4037,0.3512,0.2451
1527981300,0.4616,44.9,0.4296,98.2,0.00189,0.3875,0.3606,0.2518
1527981600,0.4318,47.2,0.4346,91.0,0.00183,0.3702,0.3726,0.2572
1527981900,0.5636,57.3,0.4431,97.2,0.00159,0.4313,0.3391,0.2296
1527982200,0.5065,45.6,0.4472,99.3,0.00353,0.404,0.3567,0.2393
1527982500,0.4683,45.5,0.448,98.2,0.00113,0.385,0.3683,0.2466
1527982800,0.4944,47.3,0.4454,97.1,0.00111,0.3988,0.3593,0.242
1527983100,0.4706,45.1,0.4398,87.1,0.00117,0.3888,0.3634,0.2479
1527983400,0.4674,50.2,0.4339,91.6,0.00175,0.3891,0.3612,0.2497
1527983700,0.4988,49.3,0.4341,108.6,0.00232,0.4046,0.3521,0.2433
1527984000,0.4674,46.9,0.4346,105.3,0.00146,0.3889,0.3616,0.2496
1527984300,0.4564,40.9,0.4302,90.3,0.00136,0.3846,0.3625,0.2528
1527984600,0.4613,49.2,0.4286,100.2,0.00157,0.3877,0.3602,0.2521
1527984900,0.43,41.4,0.4272,85.9,0.00167,0.3716,0.3692,0.2592
1527985200,0.4243,44.9,0.4263,100.9,0.00242,0.3688,0.3705,0.2607
1527985500,0.5112,51.6,0.4257,102.6,0.002,0.4133,0.3442,0.2425
1527985800,0.4593,51.2,0.4354,101.6,0.0013,0.3844,0.3644,0.2511
1527986100,0.4216,40.6,0.4349,81.9,0.00121,0.3645,0.376,0.2594
1527986400,0.4596,38.1,0.4325,100.0,0.00185,0.3855,0.3628,0.2517
1527986700,0.4731,48.7,0.4296,97.3,0.00139,0.3934,0.3572,0.2494
1527987000,0.4405,51.2,0.4276,99.2,0.00124,0.3771,0.3661,0.2568
1527987300,0.4715,51.7,0.4248,102.6,0.00204,0.3941,0.3551,0.2508
1527987600,0.4434,46.7,0.4253,94.7,0.00243,0.3794,0.3639,0.2567
1527987900,0.4463,44.8,0.4239,91.0,0.00225,0.3814,0.3622,0.2564
1527988200,0.4654,50.0,0.4241,101.2,0.00205,0.3913,0.3565,0.2522
1527988500,0.41,40.8,0.4201,90.6,0.00178,0.3628,0.3717,0.2655
1527988800,0.3803,43.1,0.4213,82.8,0.0025,0.3452,0.3824,0.2723
1527989100,0.4767,49.9,0.4248,92.1,0.00106,0.3968,0.3536,0.2497
1527989400,0.4296,48.3,0.4277,84.1,0.0016,0.3712,0.3696,0.2592
1527989700,0.4133,52.2,0.4256,88.3,0.00102,0.3629,0.3737,0.2634
1527990000,0.4502,47.7,0.4281,101.6,0.00153,0.3821,0.3633,0.2546
1527990300,0.4442,44.6,0.4283,95.5,0.00213,0.3788,0.3653,0.2559
1527990600,0.4247,44.7,0.4222,89.3,0.00114,0.3703,0.3681,0.2616
1527990900,0.4579,41.7,0.4139,100.6,0.00134,0.3908,0.3532,0.256
1527991200,0.4495,44.4,0.4118,90.0,0.00215,0.3871,0.3546,0.2583
1527991500,0.4422,44.7,0.4093,94.8,0.00112,0.384,0.3554,0.2605
1527991800,0.415,42.5,0.4094,90.4,0.00306,0.3691,0.3641,0.2668
1527992100,0.3791,42.0,0.4056,92.6,0.00145,0.3495,0.3739,0.2766
1527992400,0.3475,36.9,0.4071,75.3,0.003,0.3295,0.386,0.2845
1527992700,0.4464,49.6,0.4071,89.5,0.00197,0.387,0.3529,0.2601
1527993000,0.3868,42.1,0.4093,78.9,0.00152,0.3529,0.3734,0.2737
1527993300,0.3686,40.8,0.4001,85.3,0.00164,0.3449,0.3744,0.2807
1527993600,0.3804,40.6,0.3978,95.3,0.00212,0.3528,0.3689,0.2782
1527993900,0.3949,43.1,0.3968,86.5,0.00148,0.3617,0.3635,0.2748
1527994200,0.3598,42.7,0.3982,82.9,0.00129,0.3401,0.3764,0.2836
1527994500,0.3857,39.4,0.3966,93.8,0.00165,0.3564,0.3664,0.2772
1527994800,0.3828,39.8,0.3967,94.7,0.00194,0.3546,0.3675,0.2779
1527995100,0.3751,40.3,0.3973,87.0,0.00166,0.3498,0.3705,0.2797
1527995400,0.359,36.1,0.4008,90.0,0.00268,0.3387,0.3782,0.2831
1527995700,0.327,35.4,0.3993,76.2,0.002,0.3186,0.3891,0.2923
1527996000,0.3223,36.1,0.3997,90.5,0.00235,0.3154,0.3911,0.2935
1527996300,0.407,46.1,0.4005,103.6,0.00195,0.3675,0.3616,0.2709
1527996600,0.3637,41.2,0.3987,89.5,0.00159,0.3423,0.3753,0.2824
1527996900,0.3369,39.2,0.3976,71.2,0.00101,0.3257,0.3843,0.29
1527997200,0.3625,42.9,0.3953,82.9,0.00132,0.3427,0.3737,0.2836
1527997500,0.3506,39.1,0.3921,88.7,0.00231,0.3362,0.376,0.2877
1527997800,0.3248,38.9,0.3931,80.0,0.00108,0.3191,0.3862,0.2947
1527998100,0.358,39.8,0.3891,93.4,0.00226,0.3419,0.3716,0.2865
1527998400,0.3358,39.3,0.3885,87.1,0.002,0.3278,0.3793,0.2929
1527998700,0.3404,37.1,0.3878,79.8,0.00123,0.3311,0.3772,0.2918
1527999000,0.3411,31.6,0.391,84.3,0.00211,0.3305,0.3788,0.2907
1527999300,0.3191,36.9,0.3915,76.5,0.00206,0.3158,0.3874,0.2969
1527999600,0.3212,41.8,0.3883,81.0,0.00133,0.3182,0.3846,0.2972
1527999900,0.4079,46.3,0.3879,87.5,0.0014,0.3722,0.354,0.2738
1528000200,0.483,51.7,0.3924,105.3,0.00113,0.4109,0.3338,0.2552
1528000500,0.4587,50.8,0.39,108.6,0.00125,0.3993,0.3395,0.2612
1528000800,0.4768,48.6,0.3864,89.1,0.0022,0.4099,0.3322,0.2579
1528001100,0.4333,45.9,0.3837,81.8,0.00308,0.3879,0.3435,0.2686
1528001400,0.4734,46.3,0.3827,95.9,0.00182,0.4095,0.331,0.2595
1528001700,0.4507,45.6,0.3798,86.0,0.00124,0.3987,0.336,0.2654
1528002000,0.4114,45.6,0.3795,91.4,0.0019,0.3771,0.3479,0.275
1528002300,0.4267,48.5,0.3798,97.2,0.00144,0.3856,0.3432,0.2711
1528002600,0.432,44.8,0.379,102.2,0.00171,0.3888,0.3411,0.27
1528002900,0.3969,41.4,0.3804,90.9,0.00101,0.3684,0.3531,0.2785
1528003200,0.3837,41.9,0.3833,87.2,0.00185,0.3596,0.3592,0.2812
1528003500,0.4515,48.4,0.3847,83.3,0.00123,0.3974,0.3386,0.264
1528003800,0.3619,36.0,0.3871,86.3,0.0018,0.345,0.369,0.286
1528004100,0.3769,34.5,0.378,88.1,0.00201,0.3573,0.3583,0.2844
1528004400,0.3498,37.8,0.3751,88.8,0.00116,0.3413,0.366,0.2927
1528004700,0.2679,30.1,0.3731,72.5,0.00107,0.2847,0.3965,0.3188
1528005000,0.2625,31.9,0.3728,73.6,0.00223,0.2807,0.3986,0.3208
1528005300,0.2968,35.3,0.3715,70.8,0.00121,0.3065,0.3837,0.3098
1528005600,0.2788,33.2,0.3704,64.1,0.00275,0.2937,0.3902,0.3161
1528005900,0.2553,37.2,0.366,68.9,0.00235,0.2771,0.3973,0.3256
1528006200,0.2732,35.1,0.3619,67.9,0.00113,0.2922,0.387,0.3208
1528006500,0.2288,31.9,0.3633,74.9,0.00118,0.2565,0.4072,0.3363
1528006800,0.2389,33.6,0.3644,70.8,0.00162,0.2645,0.4034,0.3321
1528007100,0.3022,32.7,0.3663,77.0,0.00181,0.312,0.3782,0.3098
1528007400,0.2552,36.0,0.3752,69.6,0.00268,0.2743,0.4033,0.3224
1528007700,0.2548,32.6,0.374,56.1,0.00101,0.2743,0.4027,0.323
1528008000,0.2787,36.5,0.3684,86.9,0.00209,0.2943,0.389,0.3168
1528008300,0.2547,29.6,0.3676,69.5,0.00102,0.2762,0.3986,0.3253
1528008600,0.2134,25.3,0.3597,68.9,0.00131,0.2444,0.412,0.3436
1528008900,0.2712,36.4,0.353,68.4,0.00378,0.2934,0.382,0.3246
1528009200,0.2446,33.3,0.3522,80.3,0.00205,0.2727,0.3927,0.3345
1528009500,0.2357,28.8,0.3501,74.4,0.00105,0.2661,0.3952,0.3387
1528009800,0.2272,28.3,0.3506,67.8,0.00111,0.2588,0.3994,0.3418
1528010100,0.2122,33.2,0.3508,68.9,0.00195,0.2459,0.4065,0.3476
1528010400,0.1841,24.3,0.3549,78.5,0.002,0.2194,0.423,0.3576
1528010700,0.2687,38.7,0.3588,76.4,0.00391,0.2897,0.3868,0.3235
1528011000,0.2106,27.0,0.3579,70.0,0.00164,0.2425,0.4121,0.3454
1528011300,0.1822,29.7,0.357,62.6,0.00103,0.2171,0.4254,0.3575
1528011600,0.2039,28.3,0.3547,59.0,0.00231,0.2375,0.4131,0.3494
1528011900,0.1849,29.8,0.3515,67.5,0.00188,0.2211,0.4203,0.3587
1528012200,0.1777,25.8,0.3488,69.7,0.00325,0.215,0.422,0.363
1528012500,0.2013,28.6,0.3513,76.7,0.00156,0.2361,0.412,0.3519
1528012800,0.1909,28.5,0.3487,55.6,0.0021,0.2274,0.4153,0.3573
1528013100,0.1865,25.0,0.3478,61.9,0.0028,0.2235,0.4169,0.3596
1528013400,0.2101,31.9,0.3492,67.5,0.00183,0.2445,0.4064,0.3491
1528013700,0.1666,25.1,0.35,66.6,0.00286,0.204,0.4286,0.3674
1528014000,0.1557,25.2,0.3516,64.7,0.00166,0.1929,0.4355,0.3716
1528014300,0.2457,29.2,0.3544,73.8,0.00125,0.273,0.3937,0.3333
1528014600,0.2078,21.9,0.3637,73.2,0.00237,0.2384,0.4173,0.3442
1528014900,0.2041,28.7,0.3692,65.0,0.00108,0.2337,0.4228,0.3435
1528015200,0.2414,39.1,0.3706,79.7,0.00173,0.2647,0.4064,0.3289
1528015500,0.2308,33.5,0.3755,75.7,0.00115,0.2547,0.4143,0.331
1528015800,0.21,29.6,0.3789,69.1,0.00179,0.2362,0.4263,0.3375
1528016100,0.2324,30.5,0.3788,82.8,0.00122,0.255,0.4157,0.3292
1528016400,0.2212,30.6,0.3725,81.5,0.00102,0.2475,0.4168,0.3357
1528016700,0.2261,32.5,0.3739,78.2,0.00293,0.2512,0.4154,0.3333
1528017000,0.2146,26.5,0.377,53.3,0.00114,0.2407,0.4228,0.3365
1528017300,0.1849,31.3,0.3789,78.0,0.00234,0.2141,0.4386,0.3473
1528017600,0.164,28.6,0.3791,71.2,0.00166,0.1945,0.4497,0.3558
1528017900,0.2273,33.1,0.3739,84.8,0.00256,0.2522,0.4149,0.3329
1528018200,0.221,31.8,0.3771,79.5,0.00201,0.2461,0.4199,0.334
1528018500,0.2089,29.7,0.3804,80.4,0.00141,0.2349,0.4278,0.3373
1528018800,0.2071,31.5,0.3805,76.0,0.00154,0.2333,0.4287,0.338
1528019100,0.1966,30.5,0.3806,77.8,0.00129,0.2241,0.4339,0.342
1528019400,0.1756,26.2,0.3806,79.5,0.00187,0.2051,0.4445,0.3504
1528019700,0.2254,29.1,0.3772,73.8,0.00128,0.2497,0.4179,0.3324
1528020000,0.1957,29.0,0.374,60.1,0.00173,0.225,0.43,0.3449
1528020300,0.2033,33.9,0.3709,68.5,0.00156,0.2326,0.4243,0.3432
1528020600,0.2185,26.6,0.3746,74.2,0.00141,0.2447,0.4194,0.3359
1528020900,0.194,24.2,0.3789,69.8,0.00214,0.2222,0.4341,0.3437
1528021200,0.1957,29.2,0.3798,62.1,0.00226,0.2235,0.4338,0.3427
1528021500,0.3029,36.4,0.3809,70.5,0.00125,0.3079,0.3872,0.3049
1528021800,0.2844,35.4,0.3821,74.0,0.00103,0.2943,0.3953,0.3104
1528022100,0.2702,34.6,0.379,81.9,0.00117,0.2847,0.3993,0.3161
1528022400,0.2932,34.9,0.3789,88.8,0.00133,0.3016,0.3898,0.3086
1528022700,0.3278,42.4,0.3799,88.3,0.00106,0.3253,0.377,0.2977
1528023000,0.2809,29.9,0.3812,84.4,0.00161,0.292,0.3962,0.3118
1528023300,0.3273,35.4,0.3797,82.2,0.0011,0.325,0.3771,0.2979
1528023600,0.3012,35.8,0.3776,69.7,0.00301,0.3077,0.3858,0.3065
1528023900,0.3061,31.5,0.3791,77.9,0.00275,0.3107,0.3848,0.3045
1528024200,0.2966,35.2,0.3799,78.1,0.00293,0.3037,0.389,0.3072
1528024500,0.2827,39.8,0.3824,75.3,0.001,0.2929,0.3962,0.3108
1528024800,0.2806,34.7,0.3866,78.4,0.00195,0.2901,0.3997,0.3102
1528025100,0.3958,43.4,0.3904,92.2,0.00135,0.3644,0.3594,0.2762
1528025400,0.3576,36.3,0.3932,90.9,0.00106,0.3403,0.3742,0.2855
1528025700,0.3491,37.6,0.3964,83.2,0.00145,0.3339,0.3791,0.2869
1528026000,0.351,38.4,0.3985,73.7,0.00347,0.3344,0.3797,0.2859
1528026300,0.3929,41.5,0.4009,86.4,0.00125,0.3592,0.3665,0.2743
1528026600,0.4065,47.3,0.4045,90.9,0.00153,0.3659,0.3641,0.27
1528026900,0.4427,47.7,0.4023,101.6,0.00265,0.3866,0.3514,0.262
1528027200,0.4238,41.3,0.3985,89.0,0.00297,0.3776,0.3551,0.2673
1528027500,0.4067,44.2,0.3981,93.7,0.00116,0.3681,0.3603,0.2715
1528027800,0.4223,46.1,0.3973,94.0,0.00174,0.3772,0.3549,0.268
1528028100,0.4032,46.6,0.3956,90.6,0.00186,0.3669,0.36,0.273
1528028400,0.4109,48.5,0.3931,96.7,0.00146,0.3722,0.3561,0.2717
1528028700,0.5023,47.1,0.3953,96.3,0.00167,0.4194,0.3301,0.2505
1528029000,0.4529,44.3,0.3988,91.8,0.0016,0.3932,0.3463,0.2605
1528029300,0.4427,42.2,0.4043,94.2,0.00199,0.386,0.3525,0.2616
1528029600,0.4924,48.8,0.4051,95.4,0.00216,0.4112,0.3383,0.2505
1528029900,0.4731,49.5,0.405,100.4,0.00116,0.4016,0.3438,0.2546
1528030200,0.438,48.6,0.4078,89.5,0.00152,0.3823,0.3559,0.2618
1528030500,0.4706,47.7,0.4026,98.4,0.00141,0.4011,0.3432,0.2557
1528030800,0.4434,45.1,0.4026,93.7,0.00164,0.3869,0.3513,0.2618
1528031100,0.4403,46.3,0.4009,95.3,0.00256,0.3858,0.3513,0.2629
1528031400,0.4723,45.6,0.4002,94.5,0.00159,0.4028,0.3413,0.2559
1528031700,0.4325,51.5,0.4026,91.2,0.00132,0.381,0.3547,0.2643
1528032000,0.4183,39.5,0.4019,92.4,0.00183,0.3734,0.3588,0.2678
1528032300,0.5912,56.9,0.4046,110.3,0.00143,0.4562,0.3122,0.2315
1528032600,0.5034,56.3,0.4096,100.3,0.00219,0.415,0.3377,0.2473
1528032900,0.4965,49.8,0.4157,109.9,0.00235,0.4096,0.3429,0.2475
1528033200,0.4907,48.8,0.4193,93.1,0.00134,0.4055,0.3465,0.2479
1528033500,0.5001,48.9,0.4186,99.6,0.00129,0.4104,0.3435,0.2462
1528033800,0.4662,47.1,0.422,87.2,0.00145,0.3924,0.3552,0.2525
1528034100,0.5064,54.6,0.4272,102.9,0.00162,0.4105,0.3463,0.2432
1528034400,0.4843,42.3,0.4223,91.7,0.00188,0.4014,0.35,0.2486
1528034700,0.4812,53.3,0.4217,96.5,0.00282,0.4,0.3506,0.2494
1528035000,0.485,44.7,0.4209,96.3,0.00193,0.4022,0.349,0.2488
1528035300,0.5062,49.6,0.4148,102.3,0.00195,0.4146,0.3397,0.2457
1528035600,0.4924,48.2,0.4135,95.9,0.0022,0.4083,0.3429,0.2488
1528035900,0.5913,58.2,0.42,105.6,0.00153,0.4509,0.3203,0.2288
1528036200,0.5369,47.8,0.4264,112.3,0.00203,0.425,0.3375,0.2375
1528036500,0.5159,52.5,0.4268,103.3,0.00114,0.4151,0.3434,0.2414
1528036800,0.5205,57.5,0.4233,98.7,0.00265,0.4185,0.3403,0.2412
1528037100,0.5465,49.2,0.4231,103.1,0.00142,0.4305,0.3333,0.2363
1528037400,0.493,50.1,0.424,109.2,0.00117,0.4051,0.3484,0.2465
1528037700,0.5388,50.7,0.4212,102.5,0.00104,0.4276,0.3343,0.2381
1528038000,0.4945,50.9,0.4166,95.3,0.0022,0.4083,0.344,0.2477
1528038300,0.4754,48.3,0.4178,93.4,0.00146,0.3984,0.3502,0.2514
1528038600,0.5116,48.9,0.4166,97.9,0.00125,0.4165,0.3392,0.2443
1528038900,0.4976,51.3,0.4135,96.2,0.00102,0.4109,0.3414,0.2477
1528039200,0.4727,53.5,0.4233,89.6,0.00284,0.3952,0.3539,0.2508
1528039500,0.5397,52.2,0.4274,97.2,0.00127,0.4259,0.3373,0.2368
1528039800,0.554,55.9,0.4352,100.4,0.00349,0.4297,0.3376,0.2327
1528040100,0.5315,48.3,0.4383,106.7,0.00159,0.4186,0.3452,0.2363
1528040400,0.5136,48.1,0.4387,99.1,0.00186,0.4101,0.3503,0.2396
1528040700,0.5009,51.5,0.4424,98.8,0.00145,0.4029,0.3558,0.2413
1528041000,0.4875,53.6,0.4422,106.4,0.00159,0.3964,0.3596,0.244
1528041300,0.5829,56.9,0.4428,116.1,0.00104,0.4397,0.334,0.2263
1528041600,0.574,54.2,0.4388,105.7,0.00207,0.4372,0.3342,0.2285
1528041900,0.5212,51.5,0.4366,98.3,0.001,0.4144,0.3471,0.2385
1528042200,0.5192,47.6,0.4341,96.7,0.00393,0.4143,0.3464,0.2394
1528042500,0.5434,54.9,0.4317,108.5,0.00285,0.4262,0.3386,0.2353
1528042800,0.5165,53.8,0.4367,100.4,0.00105,0.4121,0.3485,0.2394
1528043100,0.6367,58.2,0.4402,111.4,0.00116,0.4624,0.3197,0.2179
1528043400,0.5769,54.0,0.4496,102.8,0.00198,0.4349,0.3389,0.2262
1528043700,0.5905,57.1,0.4476,104.4,0.0018,0.4413,0.3345,0.2242
1528044000,0.5643,53.2,0.449,108.4,0.00136,0.4297,0.3419,0.2284
1528044300,0.5377,52.4,0.4498,95.9,0.00152,0.4176,0.3494,0.233
1528044600,0.5155,57.4,0.4426,107.5,0.0019,0.4097,0.3518,0.2385
1528044900,0.5411,52.1,0.4468,100.9,0.00257,0.4201,0.3469,0.2329
1528045200,0.4902,48.2,0.4482,98.1,0.00133,0.3958,0.3619,0.2422
1528045500,0.4829,46.9,0.4486,90.3,0.0011,0.3921,0.3643,0.2436
1528045800,0.4966,52.0,0.4499,99.6,0.00268,0.3984,0.3609,0.2407
1528046100,0.5017,49.6,0.4453,98.2,0.00175,0.4023,0.3571,0.2406
1528046400,0.5376,50.7,0.4442,103.5,0.00214,0.4194,0.3465,0.234
1528046700,0.5994,60.9,0.4464,118.8,0.00142,0.4454,0.3317,0.2229
1528047000,0.5477,57.6,0.45,105.8,0.00196,0.4221,0.3468,0.2312
1528047300,0.5276,50.1,0.4482,98.0,0.00203,0.4135,0.3513,0.2351
1528047600,0.5513,48.0,0.4474,100.9,0.00147,0.4245,0.3445,0.231
1528047900,0.5343,55.4,0.4499,107.0,0.00141,0.4161,0.3503,0.2336
1528048200,0.5029,48.1,0.4557,108.1,0.0017,0.3996,0.3621,0.2384
1528048500,0.5382,55.0,0.4558,105.5,0.0022,0.4159,0.3522,0.2318
1528048800,0.5554,48.0,0.4584,109.7,0.00163,0.4227,0.3489,0.2283
1528049100,0.5524,56.3,0.458,108.9,0.00261,0.4216,0.3495,0.2289
1528049400,0.5396,49.1,0.4591,112.5,0.00168,0.4155,0.3535,0.231
1528049700,0.492,51.6,0.4615,87.5,0.00139,0.3925,0.3682,0.2393
1528050000,0.4611,47.3,0.4574,100.1,0.00156,0.3784,0.3754,0.2462
1528050300,0.5125,48.0,0.4561,107.2,0.00195,0.404,0.3595,0.2365
1528050600,0.5189,50.1,0.4599,93.9,0.0022,0.4058,0.3596,0.2346
1528050900,0.5347,54.5,0.4617,98.2,0.00105,0.4124,0.3561,0.2314
1528051200,0.5449,53.5,0.4636,99.4,0.00106,0.4164,0.3543,0.2293
1528051500,0.5641,56.2,0.4605,102.0,0.00115,0.4259,0.3477,0.2265
1528051800,0.5538,59.7,0.4577,102.5,0.00129,0.4223,0.349,0.2287
1528052100,0.5466,48.6,0.4613,106.1,0.00271,0.4179,0.3527,0.2294
1528052400,0.5081,55.4,0.4569,106.0,0.00143,0.4017,0.3612,0.2372
1528052700,0.5025,50.5,0.4531,106.7,0.00297,0.4002,0.3609,0.2389
1528053000,0.4897,46.6,0.4482,93.9,0.00227,0.3956,0.3621,0.2423
1528053300,0.4638,43.5,0.4434,91.3,0.0027,0.3842,0.3673,0.2485
1528053600,0.4763,47.8,0.4419,105.5,0.00207,0.391,0.3627,0.2463
1528053900,0.5462,56.0,0.4428,108.5,0.00159,0.4237,0.3435,0.2327
1528054200,0.5073,50.1,0.4487,101.2,0.00143,0.4039,0.3572,0.2389
1528054500,0.4823,53.3,0.4508,101.1,0.00266,0.3911,0.3656,0.2433
1528054800,0.5259,47.5,0.453,102.4,0.0025,0.4112,0.3542,0.2346
1528055100,0.5436,53.0,0.456,107.5,0.00129,0.4183,0.3509,0.2308
1528055400,0.5362,48.8,0.4582,101.6,0.00206,0.4142,0.354,0.2318
1528055700,0.5735,56.2,0.4598,109.0,0.00141,0.4301,0.3449,0.225
1528056000,0.5147,53.7,0.4613,92.4,0.0018,0.4034,0.3615,0.2351
1528056300,0.4933,48.3,0.4615,95.2,0.00169,0.3931,0.3678,0.2391
1528056600,0.4843,41.1,0.4637,94.4,0.00122,0.3881,0.3716,0.2404
1528056900,0.4434,46.6,0.4651,92.1,0.00273,0.3669,0.3849,0.2482
1528057200,0.4442,47.4,0.4679,88.9,0.00167,0.3665,0.386,0.2475
1528057500,0.6096,58.9,0.4686,107.8,0.00266,0.4423,0.34,0.2177
1528057800,0.5103,54.4,0.4655,91.9,0.00185,0.4,0.3649,0.2351
1528058100,0.4695,44.7,0.466,100.2,0.0014,0.38,0.3772,0.2428
1528058400,0.5148,53.1,0.4679,101.0,0.00175,0.4013,0.3648,0.2339
1528058700,0.5325,55.9,0.4678,93.0,0.00101,0.4095,0.3598,0.2307
1528059000,0.4914,44.1,0.4621,94.1,0.00229,0.392,0.3686,0.2393
1528059300,0.5102,51.7,0.4617,103.0,0.00157,0.4011,0.363,0.2359
1528059600,0.4284,43.5,0.4556,89.6,0.00266,0.3618,0.3848,0.2534
1528059900,0.4147,43.8,0.4486,87.3,0.0013,0.3565,0.3856,0.2579
1528060200,0.4159,45.2,0.4484,91.1,0.00178,0.3572,0.3851,0.2577
1528060500,0.4096,42.2,0.4475,93.0,0.00129,0.354,0.3867,0.2593
1528060800,0.3846,39.9,0.4506,79.8,0.00113,0.3388,0.3969,0.2643
1528061100,0.4671,47.8,0.4545,100.0,0.00161,0.3824,0.3721,0.2456
1528061400,0.3967,39.5,0.4547,84.9,0.00238,0.3445,0.3949,0.2606
1528061700,0.4117,40.6,0.4496,91.1,0.00255,0.3545,0.3872,0.2583
1528062000,0.414,46.0,0.4404,91.2,0.00254,0.3586,0.3815,0.2599
1528062300,0.3754,37.8,0.4373,84.4,0.00167,0.3374,0.393,0.2696
1528062600,0.3556,41.9,0.4407,79.4,0.00349,0.3244,0.402,0.2736
1528062900,0.4091,45.0,0.4424,89.2,0.00167,0.3553,0.3842,0.2605
1528063200,0.3775,36.2,0.442,97.5,0.00177,0.3372,0.3948,0.268
1528063500,0.3746,39.2,0.4426,79.3,0.00128,0.3353,0.3962,0.2685
1528063800,0.3855,45.6,0.4454,98.7,0.00286,0.3409,0.3938,0.2653
1528064100,0.435,42.5,0.4499,91.9,0.0014,0.3671,0.3797,0.2532
1528064400,0.3608,38.9,0.4554,86.3,0.00227,0.3232,0.408,0.2688
1528064700,0.4903,50.7,0.4567,92.5,0.00213,0.3932,0.3662,0.2406
1528065000,0.4086,46.0,0.4581,86.2,0.00162,0.3502,0.3926,0.2571
1528065300,0.3989,42.2,0.461,86.9,0.0011,0.3439,0.3974,0.2586
1528065600,0.5993,55.2,0.4614,103.7,0.001,0.4404,0.3391,0.2205
1528065900,0.482,53.0,0.4627,96.9,0.00124,0.3872,0.3717,0.241
1528066200,0.4453,51.4,0.4571,92.1,0.00104,0.3703,0.3802,0.2495
1528066500,0.4368,48.5,0.4575,104.8,0.00143,0.3657,0.3831,0.2512
1528066800,0.4455,46.4,0.4578,87.6,0.00134,0.3702,0.3805,0.2493
1528067100,0.3892,39.8,0.4592,89.5,0.00147,0.3389,0.3999,0.2612
1528067400,0.3927,40.0,0.457,90.8,0.00177,0.3416,0.3975,0.2609
1528067700,0.376,42.9,0.4557,81.2,0.00143,0.3322,0.4027,0.2651
1528068000,0.3489,40.7,0.453,89.0,0.00219,0.3166,0.4111,0.2723
1528068300,0.4297,49.3,0.4539,90.6,0.00171,0.363,0.3835,0.2535
1528068600,0.386,44.0,0.4582,73.6,0.00193,0.3374,0.4005,0.2622
1528068900,0.3586,35.6,0.4588,89.8,0.00117,0.3209,0.4106,0.2685
1528069200,0.3902,45.5,0.4561,82.3,0.00194,0.3404,0.3979,0.2617
1528069500,0.3751,38.3,0.453,81.2,0.00181,0.3325,0.4016,0.2659
1528069800,0.3299,36.9,0.4545,87.1,0.00132,0.3042,0.4191,0.2767
1528070100,0.3823,42.5,0.4557,86.1,0.00194,0.3359,0.4004,0.2636
1528070400,0.3865,48.0,0.4514,94.2,0.00379,0.3397,0.3967,0.2636
1528070700,0.3748,50.6,0.4467,94.7,0.00198,0.3342,0.3983,0.2675
1528071000,0.3711,42.8,0.4405,83.2,0.00217,0.3338,0.3963,0.2699
1528071300,0.3754,40.7,0.4368,92.3,0.00177,0.3375,0.3927,0.2697
1528071600,0.3385,40.3,0.4394,79.3,0.00328,0.314,0.4076,0.2783
1528071900,0.5782,58.1,0.4412,121.2,0.00121,0.4382,0.3344,0.2274
1528072200,0.4753,47.3,0.4424,93.4,0.00105,0.3903,0.3633,0.2464
1528072500,0.4089,49.0,0.4391,97.0,0.00196,0.3562,0.3825,0.2613
1528072800,0.4641,48.2,0.4391,101.5,0.00257,0.3857,0.3649,0.2493
1528073100,0.4218,46.0,0.4388,94.1,0.0015,0.3634,0.3781,0.2585
1528073400,0.3764,43.3,0.4347,83.6,0.00177,0.3388,0.3912,0.27
1528073700,0.3915,43.7,0.4342,88.2,0.00199,0.3478,0.3857,0.2665
1528074000,0.3497,42.0,0.4298,72.0,0.00131,0.3239,0.3981,0.2779
1528074300,0.3199,35.5,0.4281,83.3,0.00104,0.3052,0.4085,0.2863
1528074600,0.3318,36.6,0.4258,85.3,0.00183,0.3137,0.4026,0.2837
1528074900,0.313,33.6,0.4258,82.1,0.00155,0.3013,0.4099,0.2888
1528075200,0.2836,36.2,0.4255,60.5,0.00126,0.281,0.4217,0.2973
1528075500,0.3699,43.2,0.4231,79.4,0.00154,0.3384,0.3871,0.2745
1528075800,0.3253,39.1,0.4279,78.0,0.00116,0.3089,0.4063,0.2848
1528076100,0.3185,42.3,0.4289,83.6,0.00155,0.3041,0.4095,0.2864
1528076400,0.3327,38.3,0.4277,85.0,0.00113,0.3137,0.4033,0.2829
1528076700,0.3426,41.0,0.427,83.2,0.00102,0.3203,0.3992,0.2805
1528077000,0.3183,34.0,0.4265,85.6,0.0019,0.3047,0.4082,0.2871
1528077300,0.3583,38.9,0.423,79.7,0.00163,0.3314,0.3912,0.2774
1528077600,0.3122,38.9,0.4162,84.9,0.00137,0.3036,0.4047,0.2917
1528077900,0.2976,38.4,0.4155,82.6,0.00184,0.2938,0.4101,0.2961
1528078200,0.2984,35.0,0.4133,82.1,0.00135,0.2949,0.4085,0.2965
1528078500,0.2823,34.5,0.4117,77.1,0.00124,0.284,0.4142,0.3018
1528078800,0.2677,29.2,0.4093,87.8,0.00108,0.274,0.4189,0.3071
1528079100,0.3566,38.9,0.4115,88.6,0.00142,0.3339,0.3853,0.2809
1528079400,0.3022,38.8,0.4132,74.4,0.0019,0.2976,0.4069,0.2955
1528079700,0.3041,38.0,0.411,81.9,0.0023,0.2996,0.4049,0.2955
1528080000,0.3047,37.8,0.4099,85.0,0.00129,0.3003,0.404,0.2957
1528080300,0.2857,35.1,0.4082,75.0,0.00207,0.2875,0.4107,0.3018
1528080600,0.295,35.7,0.4072,86.0,0.00127,0.2944,0.4063,0.2993
1528080900,0.3278,36.0,0.4042,85.1,0.002,0.3176,0.3917,0.2907
1528081200,0.2897,37.4,0.3962,64.9,0.0027,0.2938,0.4019,0.3043
1528081500,0.2762,35.6,0.3963,79.4,0.00299,0.284,0.4075,0.3085
1528081800,0.2803,36.1,0.3983,75.6,0.00165,0.2864,0.407,0.3066
1528082100,0.2727,32.5,0.3985,80.5,0.00186,0.2808,0.4103,0.3089
1528082400,0.2601,26.7,0.3981,81.7,0.00125,0.2714,0.4155,0.3131
1528082700,0.3272,41.2,0.4034,83.9,0.00137,0.3175,0.3914,0.2911
1528083000,0.274,32.7,0.3993,87.4,0.0026,0.2815,0.4103,0.3082
1528083300,0.2609,30.7,0.3982,75.0,0.00107,0.272,0.4152,0.3128
1528083600,0.2852,37.0,0.3961,82.3,0.00188,0.2906,0.4036,0.3057
1528083900,0.265,32.4,0.3949,81.3,0.00128,0.2761,0.4114,0.3125
1528084200,0.2436,35.2,0.3913,73.8,0.00106,0.2606,0.4185,0.3209
1528084500,0.2691,35.7,0.3892,81.6,0.00295,0.2808,0.4061,0.3131
1528084800,0.2341,33.4,0.386,69.8,0.00192,0.2544,0.4195,0.3261
1528085100,0.2297,27.0,0.3843,70.4,0.00128,0.2513,0.4205,0.3282
1528085400,0.235,35.1,0.3834,65.6,0.00127,0.2559,0.4175,0.3267
1528085700,0.2244,31.5,0.377,73.9,0.00268,0.2489,0.4182,0.3328
1528086000,0.2112,28.7,0.3772,73.1,0.00103,0.2377,0.4246,0.3377
1528086300,0.2984,36.3,0.3809,86.9,0.00133,0.3047,0.389,0.3063
1528086600,0.2778,29.1,0.3857,82.5,0.00104,0.2883,0.4003,0.3114
1528086900,0.3123,38.1,0.3841,79.5,0.0014,0.3134,0.3855,0.3011
1528087200,0.3068,33.4,0.3819,73.6,0.00104,0.3103,0.3863,0.3034
1528087500,0.3075,32.5,0.3808,83.3,0.00296,0.3111,0.3853,0.3036
1528087800,0.3118,32.3,0.3729,87.8,0.00255,0.3166,0.3787,0.3047
1528088100,0.2976,39.2,0.3708,84.3,0.00135,0.3073,0.3829,0.3098
1528088400,0.2588,31.2,0.3672,82.4,0.00257,0.2795,0.3965,0.324
1528088700,0.3233,42.2,0.3657,81.1,0.00135,0.3269,0.3698,0.3033
1528089000,0.3103,35.1,0.366,78.2,0.00172,0.3178,0.3749,0.3073
1528089300,0.2899,30.2,0.3658,74.6,0.00244,0.3033,0.3828,0.3139
1528089600,0.2648,30.2,0.3658,76.1,0.00178,0.2845,0.3931,0.3224
1528089900,0.3399,42.5,0.3678,83.5,0.00157,0.3373,0.365,0.2977
1528090200,0.2804,34.2,0.374,79.3,0.00164,0.2938,0.3919,0.3143
1528090500,0.2437,30.4,0.3745,73.6,0.00139,0.2654,0.4079,0.3267
1528090800,0.2712,34.5,0.3726,76.3,0.00148,0.2873,0.3948,0.3179
1528091100,0.2532,34.2,0.3718,70.7,0.00103,0.2737,0.4019,0.3243
1528091400,0.2271,34.2,0.3698,78.4,0.00138,0.2532,0.4123,0.3345
1528091700,0.2791,38.9,0.3675,78.4,0.00112,0.2948,0.3882,0.3169
1528092000,0.21,28.6,0.365,70.0,0.00164,0.24,0.4171,0.3429
1528092300,0.2132,25.9,0.3663,66.8,0.00196,0.2424,0.4165,0.3411
1528092600,0.1917,27.2,0.366,61.2,0.00339,0.2235,0.4267,0.3498
1528092900,0.1579,26.8,0.3631,73.6,0.00118,0.1923,0.4423,0.3654
1528093200,0.1528,22.8,0.3631,68.6,0.00252,0.1873,0.445,0.3677
1528093500,0.2377,28.8,0.3662,64.0,0.00173,0.263,0.4051,0.3319
1528093800,0.1776,28.5,0.3705,72.3,0.00123,0.2094,0.4369,0.3537
1528094100,0.1604,26.1,0.3691,71.6,0.00173,0.1934,0.445,0.3617
1528094400,0.1714,27.1,0.369,67.9,0.002,0.204,0.4391,0.357
1528094700,0.1206,21.2,0.3642,71.6,0.00112,0.1537,0.4641,0.3823
1528095000,0.1248,23.0,0.3632,63.8,0.00257,0.1584,0.4609,0.3807
1528095300,0.179,24.8,0.3639,59.4,0.00198,0.2124,0.4317,0.3559
1528095600,0.1483,28.1,0.3619,67.0,0.00175,0.183,0.4467,0.3703
1528095900,0.1262,26.9,0.3555,64.1,0.00185,0.1614,0.4548,0.3838
1528096200,0.1328,18.8,0.3575,59.7,0.00248,0.168,0.4524,0.3796
1528096500,0.1088,19.8,0.3569,64.3,0.00194,0.1421,0.4661,0.3918
1528096800,0.0879,16.7,0.3558,48.8,0.0011,0.1182,0.4784,0.4034
1528097100,0.1683,24.8,0.3535,72.8,0.00171,0.2048,0.4302,0.3651
1528097400,0.1214,23.2,0.3578,56.9,0.00486,0.1558,0.4592,0.385
1528097700,0.1024,17.8,0.3588,54.3,0.00207,0.1345,0.4714,0.3941
1528098000,0.1158,20.3,0.3568,60.9,0.00268,0.1499,0.4618,0.3883
1528098300,0.1089,19.6,0.3544,63.5,0.00159,0.1427,0.4643,0.393
1528098600,0.0848,21.6,0.3593,59.5,0.00103,0.114,0.4829,0.4032
1528098900,0.1821,28.0,0.3671,63.8,0.00312,0.2144,0.4323,0.3533
1528099200,0.139,22.6,0.3794,60.9,0.002,0.1698,0.4636,0.3666
1528099500,0.1478,25.9,0.3895,58.0,0.0015,0.1765,0.4652,0.3583
1528099800,0.142,23.3,0.3842,62.9,0.0017,0.1719,0.465,0.3631
1528100100,0.1155,22.3,0.3804,68.0,0.0025,0.1451,0.4779,0.3769
1528100400,0.077,25.4,0.3761,57.7,0.00248,0.1022,0.4994,0.3984
1528100700,0.1883,32.2,0.3704,74.0,0.00119,0.2193,0.4313,0.3494
1528101000,0.1087,18.7,0.3735,69.6,0.00113,0.139,0.4775,0.3835
1528101300,0.1002,24.5,0.3742,56.5,0.00134,0.1294,0.4832,0.3874
1528101600,0.0991,24.4,0.369,58.8,0.00135,0.129,0.4804,0.3906
1528101900,0.0973,18.4,0.3682,72.8,0.00119,0.1271,0.481,0.3919
1528102200,0.0857,23.5,0.368,67.2,0.00146,0.1137,0.4883,0.398
1528102500,0.1272,28.5,0.366,52.7,0.00114,0.1604,0.4614,0.3782
1528102800,0.0985,18.5,0.361,62.2,0.00142,0.1297,0.4753,0.395
1528103100,0.0994,19.2,0.3583,59.9,0.00109,0.1312,0.4729,0.3959
1528103400,0.13,27.2,0.3585,68.0,0.00166,0.1649,0.4547,0.3805
1528103700,0.1247,24.5,0.3624,58.0,0.001,0.1584,0.4604,0.3811
1528104000,0.1195,25.0,0.377,56.9,0.00171,0.15,0.4733,0.3766
1528104300,0.229,32.1,0.3865,68.8,0.00178,0.2501,0.4222,0.3277
1528104600,0.2001,30.2,0.3968,66.6,0.00134,0.2231,0.4424,0.3345
1528104900,0.1581,22.1,0.3977,70.7,0.00112,0.1847,0.4647,0.3505
1528105200,0.1759,30.5,0.3965,60.5,0.00104,0.2016,0.4545,0.3439
1528105500,0.1612,29.8,0.393,62.4,0.00192,0.1887,0.4601,0.3512
1528105800,0.1199,22.7,0.3866,51.3,0.0015,0.1487,0.4794,0.372
1528106100,0.1624,26.2,0.3914,72.3,0.0012,0.1902,0.4584,0.3514
1528106400,0.112,18.2,0.4,68.8,0.00112,0.1379,0.4926,0.3695
1528106700,0.108,24.1,0.4101,58.8,0.00161,0.132,0.5013,0.3667
1528107000,0.132,26.0,0.4183,61.4,0.00107,0.1552,0.4919,0.3528
1528107300,0.1069,22.3,0.4157,63.4,0.002,0.13,0.5053,0.3647
1528107600,0.0896,24.6,0.3957,67.8,0.00119,0.1141,0.5039,0.382
1528107900,0.1811,26.7,0.3954,70.6,0.00123,0.2066,0.4511,0.3423
1528108200,0.1435,26.7,0.3829,60.2,0.00171,0.1736,0.4633,0.363
1528108500,0.1391,21.7,0.3785,54.2,0.00297,0.1701,0.4629,0.3669
1528108800,0.1562,25.9,0.3777,58.9,0.00165,0.1873,0.4529,0.3598
1528109100,0.1514,25.1,0.3744,65.6,0.00267,0.1833,0.4534,0.3633
1528109400,0.1365,25.2,0.3742,59.7,0.00186,0.1684,0.4616,0.3701
1528109700,0.1702,25.8,0.3759,68.2,0.00111,0.2012,0.4443,0.3546
1528110000,0.1603,25.8,0.3741,62.7,0.0013,0.1921,0.4483,0.3595
1528110300,0.1856,30.5,0.3741,62.2,0.00155,0.2159,0.4352,0.349
1528110600,0.1833,26.5,0.3749,61.3,0.00287,0.2136,0.4368,0.3496
1528110900,0.2,24.2,0.3812,79.4,0.00135,0.227,0.4326,0.3404
1528111200,0.1912,33.6,0.3871,74.5,0.00155,0.2177,0.4407,0.3416
1528111500,0.2657,37.7,0.3887,87.0,0.00116,0.2784,0.4073,0.3143
1528111800,0.2088,25.7,0.394,74.1,0.00127,0.2313,0.4364,0.3323
1528112100,0.2237,32.7,0.3981,69.8,0.0024,0.2427,0.4319,0.3255
1528112400,0.2499,31.0,0.3936,82.9,0.00125,0.2649,0.4172,0.318
1528112700,0.2651,34.3,0.3926,76.3,0.00246,0.2768,0.4099,0.3133
1528113000,0.1944,29.5,0.3952,70.8,0.00187,0.2185,0.4442,0.3372
1528113300,0.2131,29.2,0.3948,71.1,0.0015,0.2347,0.4348,0.3304
1528113600,0.1487,23.1,0.3865,47.2,0.00111,0.178,0.4628,0.3592
1528113900,0.1492,23.4,0.3816,74.5,0.00147,0.1796,0.4593,0.3611
1528114200,0.1529,23.0,0.382,68.2,0.00137,0.1831,0.4575,0.3593
1528114500,0.1498,23.0,0.3831,67.0,0.00102,0.1799,0.46,0.3602
1528114800,0.1146,22.8,0.3853,61.1,0.00113,0.1433,0.4817,0.375
1528115100,0.1927,26.3,0.3879,70.3,0.00159,0.2188,0.4405,0.3407
1528115400,0.1458,27.3,0.3915,61.0,0.00219,0.1741,0.4676,0.3583
1528115700,0.1608,30.7,0.3913,69.8,0.00241,0.1887,0.4592,0.3521
1528116000,0.2116,28.1,0.3894,63.3,0.00336,0.2349,0.4322,0.333
1528116300,0.1735,27.9,0.3882,68.5,0.00188,0.2013,0.4505,0.3481
1528116600,0.1254,25.3,0.3921,65.9,0.00278,0.1534,0.4796,0.367
1528116900,0.1758,28.7,0.3897,66.4,0.00122,0.2031,0.4503,0.3466
1528117200,0.1293,24.3,0.3872,65.2,0.00117,0.1584,0.4742,0.3674
1528117500,0.1239,25.9,0.3888,56.4,0.00139,0.1525,0.4784,0.3691
1528117800,0.1391,26.2,0.3869,58.1,0.00199,0.1684,0.4684,0.3632
1528118100,0.1158,19.4,0.3855,63.0,0.00103,0.1445,0.4811,0.3744
1528118400,0.111,25.4,0.3879,65.2,0.00112,0.1389,0.4855,0.3755
1528118700,0.238,34.3,0.3924,62.6,0.00174,0.2558,0.4218,0.3224
1528119000,0.2326,29.0,0.3976,76.4,0.00188,0.2501,0.4274,0.3225
1528119300,0.1494,25.6,0.4003,61.7,0.00192,0.1758,0.4711,0.3531
1528119600,0.1692,28.9,0.4028,65.8,0.0027,0.194,0.4619,0.344
1528119900,0.1381,24.0,0.3989,55.8,0.00148,0.165,0.4766,0.3584
1528120200,0.1351,27.7,0.3995,58.4,0.0018,0.1619,0.4787,0.3595
1528120500,0.1798,34.7,0.3976,73.8,0.00122,0.2049,0.4532,0.3419
1528120800,0.139,22.4,0.3966,64.1,0.00105,0.1663,0.4746,0.359
1528121100,0.1221,19.4,0.4007,59.9,0.00216,0.1484,0.487,0.3646
1528121400,0.1371,25.5,0.3945,63.0,0.0017,0.1649,0.4744,0.3608
1528121700,0.1208,25.6,0.3896,65.0,0.0016,0.1491,0.4808,0.3702
1528122000,0.1076,21.8,0.3924,63.4,0.0015,0.1345,0.4905,0.375
1528122300,0.2055,33.7,0.3939,70.1,0.00217,0.2285,0.438,0.3336
1528122600,0.1801,23.6,0.3916,74.6,0.00229,0.2066,0.4492,0.3442
1528122900,0.1919,30.5,0.3922,75.0,0.0024,0.2171,0.4436,0.3393
1528123200,0.2448,30.3,0.3893,77.0,0.00201,0.2621,0.4168,0.3212
1528123500,0.1807,32.8,0.3917,68.4,0.00182,0.2071,0.449,0.3439
1528123800,0.1483,31.4,0.3936,68.8,0.00255,0.1761,0.4675,0.3563
1528124100,0.1838,25.6,0.3931,70.3,0.00139,0.2096,0.4483,0.3421
1528124400,0.1624,24.7,0.39,72.6,0.00104,0.1905,0.4575,0.3519
1528124700,0.1604,28.8,0.3882,71.4,0.00215,0.189,0.4575,0.3535
1528125000,0.1671,25.5,0.3858,60.6,0.0017,0.1959,0.4523,0.3517
1528125300,0.1486,25.3,0.3858,58.3,0.00324,0.1781,0.4624,0.3595
1528125600,0.1163,23.2,0.387,57.4,0.00196,0.1448,0.4818,0.3735
1528125900,0.2048,23.6,0.391,76.3,0.00115,0.2286,0.4365,0.3349
1528126200,0.1715,27.0,0.3967,57.7,0.00217,0.1975,0.4569,0.3455
1528126500,0.161,24.2,0.3997,68.5,0.00158,0.1871,0.4644,0.3486
1528126800,0.182,26.3,0.4007,70.4,0.00244,0.2062,0.4539,0.3399
1528127100,0.1736,31.5,0.399,74.3,0.00122,0.1989,0.4573,0.3438
1528127400,0.1842,24.1,0.3943,69.5,0.00193,0.2097,0.4488,0.3415
1528127700,0.2029,31.6,0.3956,62.2,0.001,0.2258,0.4403,0.3339
1528128000,0.1783,26.6,0.3938,62.1,0.00202,0.2044,0.4516,0.344
1528128300,0.1799,26.8,0.3923,60.9,0.00134,0.2063,0.4498,0.344
1528128600,0.1943,31.0,0.3932,66.2,0.0014,0.2189,0.443,0.338
1528128900,0.1712,28.0,0.3916,66.0,0.00109,0.1984,0.4539,0.3477
1528129200,0.1434,26.7,0.3925,57.3,0.00147,0.1716,0.4696,0.3589
1528129500,0.2197,33.3,0.3918,80.8,0.00114,0.241,0.4298,0.3291
1528129800,0.2055,28.4,0.3967,62.6,0.00115,0.2278,0.4397,0.3325
1528130100,0.1868,26.2,0.3969,76.8,0.00177,0.2114,0.4491,0.3395
1528130400,0.1935,25.3,0.3964,76.5,0.00143,0.2174,0.4454,0.3371
1528130700,0.1937,26.1,0.3951,74.8,0.00326,0.2179,0.4445,0.3375
1528131000,0.1617,35.2,0.3962,62.0,0.00223,0.1885,0.4618,0.3497
1528131300,0.2006,32.8,0.3866,72.1,0.00247,0.2261,0.4358,0.3381
1528131600,0.1751,23.2,0.3836,59.8,0.00337,0.2039,0.4467,0.3494
1528131900,0.1621,22.4,0.3791,71.7,0.00108,0.1927,0.4507,0.3566
1528132200,0.1857,29.4,0.3766,68.1,0.00189,0.2154,0.4367,0.3479
1528132500,0.1801,29.2,0.3762,65.6,0.00152,0.2103,0.4393,0.3503
1528132800,0.1626,28.0,0.3795,58.9,0.00202,0.1931,0.4507,0.3563
1528133100,0.2133,29.2,0.3807,56.5,0.00106,0.2386,0.4258,0.3356
1528133400,0.1687,26.4,0.3845,60.6,0.00116,0.1977,0.4507,0.3516
1528133700,0.1633,27.4,0.3829,73.0,0.00176,0.193,0.4525,0.3545
1528134000,0.2119,30.1,0.3789,68.8,0.00153,0.2379,0.4253,0.3368
1528134300,0.1956,22.0,0.3753,68.5,0.00129,0.2246,0.4309,0.3445
1528134600,0.1716,26.3,0.3753,71.1,0.00167,0.2026,0.4431,0.3542
1528134900,0.2243,28.1,0.3751,83.3,0.00103,0.2494,0.4171,0.3336
1528135200,0.2034,29.8,0.375,78.3,0.00291,0.2316,0.4269,0.3415
1528135500,0.1859,37.0,0.3743,62.8,0.00169,0.2161,0.4351,0.3488
1528135800,0.1929,29.6,0.3774,57.6,0.00163,0.2216,0.4336,0.3447
1528136100,0.2086,28.7,0.3803,85.0,0.00105,0.2347,0.4278,0.3375
1528136400,0.1858,30.8,0.381,82.2,0.00187,0.2144,0.4395,0.3461
1528136700,0.2341,32.8,0.3795,74.5,0.00132,0.2562,0.4154,0.3284
1528137000,0.1942,29.9,0.3836,61.8,0.00128,0.2212,0.437,0.3418
1528137300,0.1901,30.1,0.3793,74.8,0.00192,0.2187,0.4363,0.3451
1528137600,0.2073,35.7,0.3817,70.1,0.00204,0.2332,0.4294,0.3375
1528137900,0.2124,26.5,0.3781,70.6,0.00129,0.2385,0.4246,0.3369
1528138200,0.2048,30.8,0.3787,75.8,0.00298,0.2318,0.4286,0.3396
1528138500,0.2392,29.0,0.3788,75.9,0.00339,0.2606,0.4126,0.3268
1528138800,0.214,31.6,0.3761,64.3,0.00176,0.2404,0.4225,0.337
1528139100,0.2095,26.9,0.3719,69.0,0.00107,0.2377,0.4219,0.3404
1528139400,0.1993,27.7,0.373,73.9,0.00195,0.2285,0.4276,0.3439
1528139700,0.1967,27.9,0.3723,72.7,0.0019,0.2264,0.4284,0.3452
1528140000,0.1632,29.4,0.3721,67.9,0.00121,0.1954,0.4455,0.3592
1528140300,0.2336,34.1,0.3711,79.0,0.00154,0.2582,0.4102,0.3316
1528140600,0.2118,26.1,0.3764,69.0,0.00273,0.2385,0.4238,0.3378
1528140900,0.213,30.1,0.3768,72.4,0.00182,0.2394,0.4235,0.3372
1528141200,0.204,27.2,0.3778,50.1,0.00192,0.2313,0.4284,0.3402
1528141500,0.1971,25.0,0.3758,67.0,0.00124,0.2258,0.4305,0.3437
1528141800,0.1907,27.7,0.3752,73.7,0.00182,0.2202,0.4333,0.3465
1528142100,0.2334,30.4,0.3735,71.0,0.00155,0.2574,0.4118,0.3308
1528142400,0.1963,36.0,0.3631,66.8,0.0019,0.2284,0.4225,0.3491
1528142700,0.2016,30.4,0.3616,63.9,0.00176,0.2335,0.4189,0.3475
1528143000,0.2144,25.9,0.3652,77.5,0.0022,0.2437,0.4152,0.3411
1528143300,0.2063,27.7,0.3697,73.9,0.00184,0.2355,0.422,0.3425
1528143600,0.1743,30.3,0.3738,72.4,0.00112,0.2055,0.4407,0.3537
1528143900,0.2293,37.3,0.3733,62.6,0.00155,0.254,0.4136,0.3324
1528144200,0.1842,23.1,0.3731,67.5,0.00189,0.2149,0.4352,0.3499
1528144500,0.1854,22.3,0.3705,66.9,0.00129,0.2166,0.4329,0.3505
1528144800,0.203,34.8,0.3696,68.6,0.00277,0.2326,0.4236,0.3438
1528145100,0.2004,30.2,0.3661,66.3,0.00125,0.2313,0.4225,0.3462
1528145400,0.1703,24.3,0.3642,65.0,0.00112,0.2041,0.4364,0.3595
1528145700,0.2089,31.2,0.361,76.0,0.00221,0.2401,0.415,0.3449
1528146000,0.1899,20.4,0.3551,57.5,0.00109,0.2247,0.4202,0.355
1528146300,0.2049,29.4,0.355,81.2,0.00249,0.2383,0.4128,0.3489
1528146600,0.2028,30.2,0.3573,73.2,0.00154,0.2358,0.4154,0.3488
1528146900,0.1768,30.1,0.3567,67.4,0.00335,0.2121,0.428,0.3599
1528147200,0.1556,22.9,0.357,71.0,0.00218,0.1915,0.4393,0.3692
1528147500,0.2361,31.8,0.3589,64.9,0.00191,0.2638,0.401,0.3352
1528147800,0.1899,25.5,0.3644,65.0,0.00195,0.2223,0.4265,0.3512
1528148100,0.2041,30.1,0.3673,69.7,0.00291,0.2342,0.4215,0.3443
1528148400,0.2264,28.2,0.3665,80.8,0.00166,0.2536,0.4105,0.336
1528148700,0.1984,27.7,0.363,69.6,0.00159,0.2303,0.4214,0.3483
1528149000,0.1687,23.8,0.3553,69.6,0.00184,0.2047,0.4312,0.3641
1528149300,0.2106,31.7,0.3562,67.5,0.00274,0.243,0.4109,0.3461
1528149600,0.1944,31.2,0.3544,72.4,0.00101,0.229,0.4175,0.3534
1528149900,0.192,27.7,0.3538,79.3,0.00104,0.227,0.4183,0.3547
1528150200,0.1909,28.5,0.3542,75.1,0.00155,0.2259,0.4191,0.355
1528150500,0.1737,22.8,0.3549,66.9,0.00157,0.2096,0.4283,0.3621
1528150800,0.1611,25.4,0.3548,70.2,0.00433,0.1975,0.4349,0.3677
1528151100,0.267,33.5,0.356,80.2,0.00165,0.2893,0.3857,0.325
1528151400,0.2098,37.5,0.3596,74.0,0.00241,0.2413,0.4136,0.3451
1528151700,0.2095,26.3,0.3623,77.6,0.0014,0.2403,0.4156,0.3441
1528152000,0.2597,37.6,0.3625,82.6,0.00129,0.2816,0.3931,0.3253
1528152300,0.2396,34.8,0.3606,73.2,0.00102,0.2662,0.4006,0.3333
1528152600,0.2148,30.9,0.3617,75.3,0.00308,0.2451,0.4127,0.3423
1528152900,0.268,39.0,0.3643,74.5,0.00131,0.2875,0.3908,0.3218
1528153200,0.2642,34.6,0.3647,70.9,0.00212,0.2844,0.3926,0.323
1528153500,0.2654,34.7,0.364,74.9,0.00241,0.2856,0.3917,0.3228
1528153800,0.2652,33.4,0.3653,76.1,0.00172,0.285,0.3926,0.3224
1528154100,0.2569,36.7,0.3645,65.7,0.00234,0.2788,0.3956,0.3256
1528154400,0.2408,35.1,0.365,79.2,0.00226,0.2658,0.403,0.3312
1528154700,0.2994,34.1,0.366,63.3,0.00172,0.3101,0.3791,0.3108
1528155000,0.2329,27.3,0.3675,89.6,0.00112,0.2587,0.4082,0.3332
1528155300,0.2117,29.2,0.3691,80.2,0.00303,0.2403,0.4191,0.3406
1528155600,0.2342,29.0,0.3608,71.9,0.00195,0.2617,0.4031,0.3352
1528155900,0.2337,31.2,0.3597,73.4,0.00159,0.2616,0.4026,0.3358
1528156200,0.2273,34.6,0.3616,74.5,0.00135,0.2557,0.4068,0.3375
1528156500,0.2509,31.2,0.3639,71.6,0.00107,0.2743,0.3978,0.3279
1528156800,0.2298,31.0,0.3625,74.1,0.00254,0.2575,0.4063,0.3362
1528157100,0.2203,30.6,0.3609,71.2,0.00113,0.25,0.4096,0.3404
1528157400,0.2323,33.8,0.3619,72.7,0.00102,0.2598,0.4047,0.3355
1528157700,0.2327,24.5,0.3624,74.4,0.00258,0.26,0.4049,0.3352
1528158000,0.2142,28.2,0.3653,63.5,0.00166,0.2435,0.4153,0.3411
1528158300,0.2865,35.7,0.3668,78.9,0.00181,0.3005,0.3848,0.3147
1528158600,0.2428,35.6,0.3691,75.3,0.0012,0.2663,0.4048,0.329
1528158900,0.2519,31.2,0.369,76.0,0.002,0.2735,0.4007,0.3258
1528159200,0.2685,28.2,0.3691,75.6,0.001,0.2864,0.3937,0.32
1528159500,0.2628,35.3,0.3707,83.1,0.00169,0.2815,0.3971,0.3214
1528159800,0.2592,31.2,0.372,73.8,0.00235,0.2784,0.3995,0.3222
1528160100,0.3124,33.3,0.3737,82.6,0.00247,0.3168,0.379,0.3042
1528160400,0.2761,32.5,0.3713,85.4,0.00129,0.2914,0.3919,0.3167
1528160700,0.2616,32.8,0.3694,75.7,0.00199,0.281,0.3968,0.3222
1528161000,0.265,31.7,0.3691,77.8,0.00132,0.2837,0.3951,0.3212
1528161300,0.2393,25.1,0.3659,73.4,0.00218,0.2644,0.4042,0.3314
1528161600,0.2278,33.6,0.3674,80.2,0.00122,0.2545,0.4104,0.3351
1528161900,0.3177,41.1,0.3708,80.2,0.00134,0.3214,0.3751,0.3035
1528162200,0.25,34.5,0.3726,82.7,0.00173,0.271,0.4039,0.3252
1528162500,0.2635,30.0,0.3669,75.7,0.00321,0.2832,0.3943,0.3224
1528162800,0.2865,34.5,0.366,73.5,0.00173,0.3008,0.3843,0.315
1528163100,0.2721,34.0,0.3624,81.3,0.00173,0.2912,0.3878,0.321
1528163400,0.2638,35.3,0.3626,74.6,0.00219,0.2848,0.3914,0.3238
1528163700,0.3011,38.1,0.3624,83.8,0.00211,0.3125,0.3761,0.3114
1528164000,0.2541,30.6,0.36,59.0,0.00123,0.278,0.3938,0.3282
1528164300,0.2451,32.4,0.362,74.5,0.00113,0.2702,0.3991,0.3307
1528164600,0.2592,34.5,0.364,73.2,0.00204,0.2808,0.3943,0.325
1528164900,0.2292,35.4,0.3629,66.5,0.0016,0.2569,0.4068,0.3363
1528165200,0.2085,31.7,0.3642,67.5,0.00112,0.2389,0.4173,0.3438
1528165500,0.3027,38.6,0.3662,76.8,0.00155,0.3124,0.378,0.3096
1528165800,0.247,32.5,0.365,74.4,0.00285,0.2708,0.4002,0.3289
1528166100,0.2421,36.2,0.3592,66.0,0.00125,0.2686,0.3985,0.3329
1528166400,0.2988,37.1,0.3584,81.8,0.00153,0.3122,0.3744,0.3134
1528166700,0.303,33.6,0.3574,88.5,0.00257,0.3155,0.3721,0.3124
1528167000,0.2727,38.3,0.3576,79.0,0.00223,0.2931,0.3844,0.3225
1528167300,0.269,35.9,0.355,81.8,0.00125,0.2911,0.3842,0.3247
1528167600,0.2427,30.7,0.3514,80.8,0.00134,0.2714,0.393,0.3355
1528167900,0.2392,30.3,0.3502,81.3,0.00199,0.2689,0.3937,0.3373
1528168200,0.2415,32.8,0.3526,85.4,0.00157,0.2701,0.3944,0.3355
1528168500,0.2386,33.1,0.3543,70.9,0.00284,0.2672,0.3968,0.336
1528168800,0.2036,29.8,0.356,66.0,0.00238,0.2369,0.4141,0.349
1528169100,0.2999,36.9,0.3578,84.7,0.0023,0.3131,0.3736,0.3133
1528169400,0.2285,36.1,0.3591,77.1,0.00154,0.2574,0.4046,0.338
1528169700,0.219,33.5,0.3582,76.6,0.00103,0.2497,0.4083,0.342
1528170000,0.2417,32.5,0.3558,85.5,0.00229,0.2693,0.3964,0.3343
1528170300,0.223,33.4,0.352,72.4,0.00179,0.2549,0.4023,0.3429
1528170600,0.1885,25.1,0.3487,71.4,0.00106,0.2252,0.4165,0.3583
1528170900,0.2299,32.3,0.3499,67.1,0.0027,0.2613,0.3977,0.341
1528171200,0.1978,34.3,0.3475,82.6,0.00294,0.234,0.4111,0.3549
1528171500,0.1719,26.4,0.3454,65.2,0.0016,0.2103,0.4226,0.3671
1528171800,0.1873,25.6,0.3454,66.9,0.00279,0.2249,0.4148,0.3603
1528172100,0.1755,25.3,0.346,65.5,0.00123,0.2136,0.4212,0.3652
1528172400,0.1713,23.7,0.3485,63.3,0.00201,0.209,0.4251,0.3659
1528172700,0.2387,29.4,0.3518,69.5,0.00175,0.2681,0.3951,0.3369
1528173000,0.2711,32.9,0.3525,74.0,0.00166,0.2935,0.3817,0.3248
1528173300,0.2949,31.4,0.3508,71.3,0.00259,0.3118,0.3709,0.3172
1528173600,0.3049,36.4,0.351,75.8,0.00151,0.319,0.3672,0.3138
1528173900,0.2865,37.8,0.3491,90.3,0.00234,0.3062,0.3731,0.3206
1528174200,0.3383,36.0,0.3487,88.2,0.00166,0.3428,0.3533,0.304
1528174500,0.3169,41.7,0.3484,87.2,0.0018,0.3283,0.3609,0.3108
1528174800,0.2548,34.4,0.3485,82.5,0.00152,0.2821,0.3858,0.3321
1528175100,0.2954,38.8,0.3489,90.5,0.00157,0.3128,0.3695,0.3177
1528175400,0.2896,33.3,0.3501,68.3,0.00223,0.3082,0.3726,0.3193
1528175700,0.255,35.4,0.3449,68.1,0.00224,0.2834,0.3833,0.3334
1528176000,0.2171,26.9,0.3381,66.9,0.0025,0.2539,0.3953,0.3508
1528176300,0.2813,37.4,0.3308,75.3,0.00334,0.3084,0.3627,0.3289
1528176600,0.2162,30.6,0.3351,69.8,0.00118,0.254,0.3936,0.3524
1528176900,0.2129,31.6,0.3358,68.6,0.00125,0.2509,0.3957,0.3535
1528177200,0.1982,25.3,0.3334,71.1,0.00169,0.2383,0.4009,0.3608
1528177500,0.1829,25.1,0.3316,68.5,0.00149,0.2246,0.4071,0.3683
1528177800,0.1549,27.6,0.3311,61.2,0.00196,0.1971,0.4212,0.3817
1528178100,0.1956,25.8,0.3314,56.5,0.0013,0.2365,0.4007,0.3628
1528178400,0.1547,27.2,0.332,59.5,0.00274,0.1966,0.422,0.3813
1528178700,0.1521,21.5,0.3338,61.9,0.00133,0.1935,0.4247,0.3817
1528179000,0.1626,28.9,0.3343,64.8,0.00126,0.204,0.4195,0.3765
1528179300,0.1434,21.3,0.3344,57.6,0.00123,0.1844,0.4299,0.3857
1528179600,0.1223,25.2,0.3374,59.3,0.00146,0.161,0.4441,0.3949
1528179900,0.207,31.4,0.34,63.9,0.00123,0.2444,0.4014,0.3542
1528180200,0.1621,24.3,0.3411,65.5,0.00228,0.2018,0.4247,0.3735
1528180500,0.1473,27.1,0.3383,58.3,0.00131,0.1875,0.4306,0.3819
1528180800,0.1627,27.2,0.3351,61.2,0.00137,0.2039,0.42,0.376
1528181100,0.1503,23.9,0.3304,57.2,0.00158,0.1925,0.4232,0.3843
1528181400,0.1531,22.7,0.3295,64.4,0.00103,0.1956,0.421,0.3833
1528181700,0.184,22.0,0.3302,63.2,0.00196,0.226,0.4056,0.3685
1528182000,0.1797,28.6,0.3346,73.4,0.00214,0.2207,0.4109,0.3684
1528182300,0.2072,24.8,0.3441,73.2,0.00362,0.2434,0.4042,0.3524
1528182600,0.2425,32.3,0.3528,73.8,0.00275,0.2709,0.3941,0.3351
1528182900,0.1524,24.9,0.3523,60.5,0.00156,0.1894,0.4378,0.3728
1528183200,0.1673,28.7,0.3569,69.0,0.00112,0.203,0.433,0.364
1528183500,0.1807,26.7,0.3623,72.2,0.00167,0.2144,0.4298,0.3559
1528183800,0.1586,25.1,0.3592,66.7,0.00388,0.1939,0.4392,0.3668
1528184100,0.1325,26.5,0.3542,72.9,0.00173,0.1684,0.4502,0.3813
1528184400,0.1428,26.0,0.3508,67.0,0.00172,0.1799,0.442,0.378
1528184700,0.1178,24.2,0.3403,67.3,0.00194,0.1554,0.4489,0.3957
1528185000,0.1021,23.6,0.3407,61.0,0.00164,0.1375,0.4587,0.4039
1528185300,0.1393,20.1,0.3392,68.0,0.00116,0.1789,0.4357,0.3854
1528185600,0.1052,24.6,0.3363,55.7,0.0023,0.1419,0.4535,0.4046
1528185900,0.1042,24.1,0.3372,57.7,0.00133,0.1405,0.4548,0.4046
1528186200,0.1077,19.5,0.3407,62.9,0.00209,0.1439,0.4552,0.4009
1528186500,0.0998,21.3,0.3429,62.0,0.00138,0.1344,0.4617,0.4039
1528186800,0.0934,21.4,0.343,62.4,0.00188,0.1268,0.4658,0.4074
1528187100,0.1731,26.7,0.3449,73.9,0.00201,0.2116,0.4216,0.3667
1528187400,0.1362,25.5,0.3492,55.1,0.00206,0.1734,0.4446,0.382
1528187700,0.1485,29.7,0.3503,59.0,0.00166,0.1859,0.4385,0.3756
1528188000,0.1528,28.9,0.3471,66.7,0.00174,0.191,0.4339,0.375
1528188300,0.125,19.8,0.3429,58.2,0.00203,0.1628,0.4465,0.3907
1528188600,0.1048,24.2,0.342,80.7,0.00171,0.1403,0.458,0.4017
1528188900,0.1426,29.0,0.3408,67.4,0.00133,0.182,0.435,0.3829
1528189200,0.1129,24.1,0.3385,60.8,0.00196,0.1503,0.4505,0.3993
1528189500,0.1181,26.5,0.3469,58.7,0.00151,0.1544,0.4535,0.3922
1528189800,0.1232,29.7,0.3562,59.4,0.00175,0.1581,0.457,0.3849
1528190100,0.1062,25.5,0.3662,60.8,0.00108,0.1375,0.4741,0.3884
1528190400,0.0781,21.2,0.3796,58.5,0.00113,0.1031,0.501,0.3959
1528190700,0.1714,30.1,0.3859,64.4,0.00192,0.1999,0.4501,0.3499
1528191000,0.1058,22.8,0.3635,58.9,0.0021,0.1375,0.4725,0.39
1528191300,0.1089,22.7,0.3484,69.0,0.00168,0.1438,0.4601,0.3961
1528191600,0.128,22.9,0.3478,71.1,0.00304,0.165,0.4483,0.3867
1528191900,0.1062,27.1,0.3419,62.1,0.00141,0.142,0.457,0.401
1528192200,0.1357,22.0,0.3438,55.5,0.00223,0.1741,0.4411,0.3849
1528192500,0.2089,34.2,0.3463,74.1,0.00147,0.2443,0.4049,0.3508
1528192800,0.1425,26.5,0.3443,73.6,0.00189,0.1811,0.4376,0.3813
1528193100,0.1165,19.0,0.3439,69.9,0.0019,0.1532,0.4523,0.3945
1528193400,0.1272,25.0,0.344,67.1,0.00195,0.1649,0.4461,0.389
1528193700,0.1114,16.5,0.3455,69.7,0.00139,0.1472,0.4565,0.3964
1528194000,0.0953,23.5,0.3454,59.9,0.00238,0.1287,0.4663,0.405
1528194300,0.2211,33.1,0.3493,75.9,0.00138,0.254,0.4013,0.3447
1528194600,0.193,26.7,0.3551,65.2,0.00271,0.2276,0.4187,0.3537
1528194900,0.2166,30.5,0.357,73.4,0.00262,0.2479,0.4087,0.3434
1528195200,0.2496,38.3,0.3569,82.9,0.00135,0.2753,0.3937,0.3309
1528195500,0.1898,26.8,0.3552,65.4,0.00128,0.2246,0.4204,0.355
1528195800,0.1479,22.2,0.3523,59.6,0.00194,0.1848,0.4403,0.3749
1528196100,0.1858,32.5,0.3502,69.2,0.00158,0.2222,0.4189,0.3589
1528196400,0.152,31.5,0.3508,63.8,0.00249,0.1893,0.437,0.3737
1528196700,0.1457,25.2,0.3513,68.5,0.00165,0.1828,0.4408,0.3764
1528197000,0.1494,28.5,0.3533,62.2,0.003,0.1861,0.4401,0.3737
1528197300,0.1744,31.2,0.3556,77.8,0.00256,0.2101,0.4284,0.3614
1528197600,0.1356,22.3,0.3585,55.8,0.00123,0.1708,0.4515,0.3778
1528197900,0.1839,26.4,0.3578,75.9,0.00317,0.2185,0.4251,0.3564
1528198200,0.1157,26.8,0.3588,57.0,0.0018,0.1494,0.4633,0.3873
1528198500,0.1118,27.9,0.3569,50.4,0.00145,0.1454,0.4643,0.3903
1528198800,0.1308,25.8,0.3573,64.5,0.00159,0.166,0.4534,0.3807
1528199100,0.1134,20.3,0.3557,59.8,0.00205,0.1474,0.4625,0.3901
1528199400,0.0961,27.7,0.3566,53.0,0.00152,0.1277,0.4738,0.3986
1528199700,0.152,24.0,0.3573,55.1,0.00107,0.1878,0.4415,0.3707
1528200000,0.1046,21.3,0.3548,60.4,0.00234,0.1377,0.4672,0.395
1528200300,0.0996,23.0,0.356,65.8,0.00252,0.1318,0.4711,0.397
1528200600,0.1117,27.5,0.3535,64.7,0.00196,0.146,0.462,0.3921
1528200900,0.0991,24.5,0.3561,60.3,0.00282,0.1312,0.4715,0.3972
1528201200,0.0842,22.1,0.3592,61.3,0.00321,0.1133,0.4832,0.4036
1528201500,0.1631,27.8,0.3608,66.1,0.0012,0.198,0.4379,0.3641
1528201800,0.1148,23.2,0.3612,52.9,0.00115,0.1479,0.4655,0.3866
1528202100,0.1069,24.2,0.361,52.2,0.00134,0.1392,0.4701,0.3907
1528202400,0.1197,15.8,0.3604,60.8,0.00193,0.1534,0.462,0.3846
1528202700,0.1164,22.3,0.3543,60.7,0.00238,0.151,0.4597,0.3893
1528203000,0.1034,23.0,0.3546,65.4,0.00287,0.1364,0.4678,0.3958
1528203300,0.1417,21.5,0.3532,68.7,0.00189,0.1783,0.4443,0.3774
1528203600,0.1266,25.0,0.3509,66.3,0.00108,0.1628,0.4513,0.3859
1528203900,0.1119,22.2,0.3519,59.5,0.00145,0.1465,0.4607,0.3928
1528204200,0.1215,28.8,0.3522,53.9,0.00142,0.157,0.4552,0.3877
1528204500,0.1019,26.9,0.353,62.7,0.00219,0.135,0.4676,0.3974
1528204800,0.0735,18.7,0.3474,60.5,0.00231,0.102,0.4819,0.4161
1528205100,0.2009,28.6,0.3488,55.8,0.00147,0.2364,0.4105,0.3531
1528205400,0.1554,25.7,0.3544,60.5,0.00173,0.1919,0.4376,0.3705
1528205700,0.1928,27.1,0.3557,65.1,0.00114,0.2272,0.4192,0.3536
1528206000,0.1788,28.1,0.3598,68.6,0.00189,0.2132,0.429,0.3577
1528206300,0.1651,24.3,0.3643,61.7,0.00115,0.1991,0.4392,0.3617
1528206600,0.1218,20.1,0.3671,62.0,0.00222,0.1544,0.4653,0.3803
1528206900,0.1592,28.0,0.3687,64.7,0.00252,0.1923,0.4453,0.3624
1528207200,0.1284,25.9,0.369,61.9,0.00135,0.161,0.4628,0.3762
1528207500,0.1257,21.4,0.3683,58.3,0.00107,0.1583,0.4639,0.3778
1528207800,0.1251,26.4,0.3703,58.7,0.00367,0.1573,0.4656,0.3772
1528208100,0.0953,19.8,0.3713,53.0,0.00209,0.1243,0.4843,0.3913
1528208400,0.0722,20.8,0.3714,59.5,0.00181,0.0971,0.4995,0.4034
1528208700,0.268,36.2,0.3699,80.2,0.00195,0.2857,0.3944,0.3199
1528209000,0.1435,24.9,0.3746,59.7,0.00171,0.1754,0.4579,0.3667
1528209300,0.1204,24.8,0.3728,71.2,0.00182,0.1518,0.47,0.3782
1528209600,0.1501,24.0,0.37,63.1,0.00182,0.183,0.4512,0.3658
1528209900,0.1332,23.7,0.3705,72.5,0.00262,0.1657,0.461,0.3733
1528210200,0.1271,23.3,0.3708,58.9,0.00307,0.1593,0.4647,0.376
1528210500,0.184,25.6,0.3733,56.2,0.00136,0.2146,0.4354,0.3499
1528210800,0.1637,25.9,0.3717,68.8,0.00245,0.196,0.4449,0.3591
1528211100,0.1536,21.1,0.3715,66.9,0.00241,0.1862,0.4502,0.3636
1528211400,0.1582,24.6,0.3719,66.0,0.00157,0.1906,0.448,0.3614
1528211700,0.1356,23.6,0.3688,59.7,0.00188,0.1686,0.4585,0.3729
1528212000,0.1172,22.4,0.3676,61.5,0.00179,0.1493,0.4684,0.3823
1528212300,0.186,27.3,0.3696,65.5,0.00211,0.2174,0.432,0.3506
1528212600,0.146,25.0,0.3701,62.8,0.00224,0.1789,0.4535,0.3676
1528212900,0.1455,26.6,0.3694,69.6,0.00313,0.1785,0.4533,0.3681
1528213200,0.169,29.5,0.3687,68.0,0.00145,0.2017,0.4401,0.3581
1528213500,0.1524,23.7,0.366,68.9,0.00153,0.1862,0.4472,0.3666
1528213800,0.1384,21.1,0.3665,62.4,0.00175,0.1719,0.4553,0.3727
1528214100,0.1948,25.5,0.3694,67.4,0.00156,0.2254,0.4274,0.3471
1528214400,0.1628,24.9,0.3703,59.4,0.00273,0.1954,0.4445,0.3601
1528214700,0.1782,26.4,0.3697,65.6,0.00275,0.2102,0.436,0.3538
1528215000,0.1943,26.3,0.3697,49.5,0.00163,0.2249,0.4279,0.3472
1528215300,0.1846,24.0,0.3691,64.9,0.00149,0.2162,0.4324,0.3514
1528215600,0.1495,24.1,0.3682,64.5,0.00114,0.1828,0.4503,0.3669
1528215900,0.2211,31.0,0.3708,75.5,0.00188,0.2479,0.4157,0.3364
1528216200,0.1704,28.7,0.3725,65.4,0.00174,0.2022,0.4419,0.3559
1528216500,0.1717,25.3,0.3668,69.3,0.00168,0.2048,0.4374,0.3578
1528216800,0.1816,26.5,0.3665,55.1,0.00109,0.2141,0.4321,0.3537
1528217100,0.207,26.7,0.367,70.4,0.00218,0.2368,0.4199,0.3432
1528217400,0.2253,30.7,0.3678,62.5,0.00143,0.2523,0.4118,0.3359
1528217700,0.2603,30.7,0.3694,68.8,0.00184,0.28,0.3973,0.3227
1528218000,0.2456,33.9,0.3687,73.4,0.00233,0.2686,0.4033,0.3281
1528218300,0.2335,26.0,0.3678,81.0,0.00133,0.2591,0.4081,0.3329
1528218600,0.2225,29.5,0.3665,74.5,0.00125,0.2503,0.4123,0.3375
1528218900,0.2145,30.9,0.3667,71.6,0.00116,0.2434,0.4161,0.3404
1528219200,0.1875,28.7,0.3645,68.6,0.00127,0.2201,0.4278,0.3521
1528219500,0.2659,41.7,0.3644,72.3,0.00158,0.2858,0.3917,0.3225
1528219800,0.21,30.7,0.3654,67.7,0.00389,0.2399,0.4174,0.3427
1528220100,0.21,26.7,0.364,73.6,0.00219,0.2403,0.4165,0.3432
1528220400,0.2239,30.4,0.3625,64.1,0.00279,0.2526,0.409,0.3384
1528220700,0.2298,25.8,0.3619,76.5,0.00161,0.2577,0.4059,0.3364
1528221000,0.226,30.6,0.3605,70.3,0.00207,0.2549,0.4067,0.3384
1528221300,0.2709,31.5,0.3633,82.0,0.00114,0.29,0.3889,0.3211
1528221600,0.2206,33.2,0.3665,77.8,0.00119,0.2487,0.4131,0.3382
1528221900,0.2218,28.9,0.367,62.1,0.002,0.2495,0.4129,0.3375
1528222200,0.2195,30.0,0.3672,68.5,0.00105,0.2475,0.4141,0.3383
1528222500,0.1954,26.8,0.3679,64.4,0.00179,0.2263,0.4262,0.3475
1528222800,0.1869,33.3,0.3685,57.8,0.00232,0.2185,0.4308,0.3507
1528223100,0.2761,33.4,0.3702,71.4,0.00187,0.2918,0.3912,0.317
1528223400,0.2237,36.2,0.3695,87.0,0.0016,0.2504,0.4137,0.3359
1528223700,0.2273,33.4,0.3644,76.4,0.00206,0.2549,0.4087,0.3364
1528224000,0.2264,32.3,0.3639,84.1,0.00197,0.2543,0.4087,0.337
1528224300,0.239,32.8,0.3646,78.9,0.00284,0.2645,0.4035,0.332
1528224600,0.2225,31.8,0.3653,67.8,0.00274,0.2506,0.4115,0.3379
1528224900,0.2467,26.5,0.3667,72.4,0.00171,0.2701,0.4015,0.3284
1528225200,0.2213,29.7,0.3668,75.7,0.00291,0.2492,0.413,0.3378
1528225500,0.2383,34.2,0.3646,76.5,0.00179,0.2639,0.4038,0.3323
1528225800,0.2433,31.9,0.3655,70.9,0.00256,0.2677,0.4022,0.3301
1528226100,0.2291,26.8,0.3655,63.9,0.00183,0.2561,0.4086,0.3353
1528226400,0.1867,27.9,0.3636,88.4,0.00155,0.2196,0.4276,0.3528
1528226700,0.2587,38.2,0.3658,75.0,0.00152,0.2798,0.3957,0.3245
1528227000,0.2103,33.5,0.3682,69.1,0.0011,0.2394,0.4191,0.3415
1528227300,0.2116,29.6,0.369,71.8,0.00151,0.2403,0.419,0.3407
1528227600,0.2282,33.8,0.3696,71.4,0.00225,0.2542,0.4117,0.3342
1528227900,0.2198,29.3,0.369,72.7,0.00146,0.2473,0.4152,0.3375
1528228200,0.1919,23.3,0.3697,76.9,0.00261,0.2227,0.4291,0.3482
1528228500,0.2412,29.1,0.3666,73.4,0.00116,0.2657,0.4038,0.3305
1528228800,0.2124,34.6,0.3662,64.3,0.00146,0.2417,0.4168,0.3415
1528229100,0.2102,28.9,0.3669,70.1,0.0023,0.2397,0.4183,0.342
1528229400,0.2265,30.1,0.3692,69.9,0.0013,0.2529,0.4122,0.3349
1528229700,0.2028,28.3,0.3691,78.8,0.00121,0.2326,0.4233,0.3441
1528230000,0.1777,33.2,0.3686,74.8,0.00131,0.21,0.4355,0.3545
1528230300,0.2768,39.3,0.3702,78.3,0.00189,0.2923,0.3909,0.3168
1528230600,0.2459,38.9,0.3719,66.9,0.00149,0.2679,0.4052,0.3269
1528230900,0.237,31.1,0.3705,66.3,0.00232,0.2612,0.4083,0.3306
1528231200,0.2575,33.9,0.3699,75.8,0.00183,0.2777,0.3989,0.3235
1528231500,0.2611,28.7,0.3662,78.1,0.00124,0.2816,0.3949,0.3235
1528231800,0.2382,36.1,0.3616,71.6,0.00274,0.2647,0.4019,0.3334
1528232100,0.2559,29.4,0.3597,72.7,0.00178,0.2795,0.3929,0.3277
1528232400,0.2174,30.9,0.3564,68.2,0.00208,0.2488,0.4079,0.3433
1528232700,0.2407,28.6,0.3584,73.9,0.00242,0.2677,0.3986,0.3337
1528233000,0.2597,31.4,0.3676,61.7,0.0046,0.2801,0.3964,0.3235
1528233300,0.2491,29.9,0.3748,68.3,0.00104,0.2696,0.4057,0.3247
1528233600,0.2072,27.7,0.3816,67.0,0.00242,0.2331,0.4293,0.3375
1528233900,0.2659,32.0,0.3764,83.8,0.00201,0.2822,0.3994,0.3184
1528234200,0.2138,28.3,0.376,66.5,0.002,0.2403,0.4226,0.3372
1528234500,0.204,31.8,0.3755,71.5,0.00277,0.2319,0.4269,0.3411
1528234800,0.2314,27.9,0.3753,74.5,0.00142,0.2552,0.4139,0.3309
1528235100,0.2101,30.4,0.3605,78.8,0.0015,0.2413,0.4141,0.3446
1528235400,0.1845,31.6,0.3577,76.0,0.00132,0.2191,0.4247,0.3562
1528235700,0.2335,29.8,0.3598,73.0,0.00118,0.2614,0.4028,0.3358
1528236000,0.2287,28.9,0.368,70.0,0.00132,0.255,0.4104,0.3346
1528236300,0.249,31.7,0.3768,70.9,0.00256,0.269,0.407,0.324
1528236600,0.2488,36.0,0.3806,73.4,0.00148,0.2677,0.4095,0.3228
1528236900,0.2191,30.9,0.3785,69.3,0.0013,0.2441,0.4217,0.3342
1528237200,0.1916,26.8,0.3614,72.5,0.00117,0.2246,0.4237,0.3517
1528237500,0.3045,37.8,0.3569,83.0,0.00123,0.3167,0.3712,0.312
1528237800,0.2755,31.0,0.3592,81.1,0.00291,0.2947,0.3843,0.321
1528238100,0.2734,36.2,0.3643,84.9,0.00158,0.2916,0.3885,0.3199
1528238400,0.3444,40.3,0.3676,95.6,0.00169,0.3403,0.3632,0.2964
1528238700,0.3366,37.6,0.3641,84.4,0.00244,0.3364,0.3638,0.2998
1528239000,0.2643,31.0,0.3697,83.0,0.00215,0.283,0.3958,0.3212
1528239300,0.2829,32.1,0.3654,76.2,0.00216,0.2983,0.3853,0.3164
1528239600,0.2815,36.3,0.3575,85.3,0.00103,0.2998,0.3807,0.3195
1528239900,0.2923,39.1,0.3497,85.6,0.00308,0.3103,0.3712,0.3185
1528240200,0.2896,33.4,0.3515,85.0,0.00144,0.3077,0.3735,0.3188
1528240500,0.2858,36.4,0.3555,79.1,0.00274,0.3036,0.3777,0.3187
1528240800,0.2936,29.3,0.3608,75.3,0.00237,0.3076,0.378,0.3143
1528241100,0.3426,37.2,0.3674,75.9,0.00177,0.3392,0.3638,0.297
1528241400,0.2767,34.3,0.3775,77.4,0.00265,0.29,0.3956,0.3144
1528241700,0.2781,31.7,0.3679,87.0,0.00211,0.294,0.3889,0.3171
1528242000,0.2718,31.2,0.3584,75.3,0.00165,0.2922,0.3853,0.3225
1528242300,0.2779,32.4,0.3527,82.5,0.00207,0.2986,0.379,0.3224
1528242600,0.2609,34.1,0.3538,81.2,0.00119,0.2852,0.3868,0.328
1528242900,0.3258,37.2,0.3626,80.9,0.0011,0.3296,0.3669,0.3035
1528243200,0.3081,29.9,0.3684,88.7,0.00135,0.3155,0.3773,0.3072
1528243500,0.2988,29.6,0.3705,62.4,0.00178,0.3083,0.3822,0.3095
1528243800,0.285,33.1,0.373,71.2,0.00175,0.2975,0.3894,0.3132
1528244100,0.2698,35.3,0.3751,71.5,0.00127,0.2855,0.397,0.3175
1528244400,0.2436,23.8,0.3745,69.4,0.00134,0.2653,0.4079,0.3268
1528244700,0.3398,37.3,0.3768,86.0,0.00171,0.3343,0.3706,0.2951
1528245000,0.2956,34.1,0.3765,81.3,0.00118,0.3041,0.3873,0.3086
1528245300,0.3257,42.0,0.3747,84.9,0.00182,0.3256,0.3746,0.2999
1528245600,0.3514,38.4,0.3766,88.7,0.00106,0.3418,0.3663,0.2918
1528245900,0.3263,39.0,0.3604,76.9,0.00109,0.3307,0.3653,0.304
1528246200,0.2964,36.2,0.35,72.3,0.00126,0.3132,0.3698,0.317
1528246500,0.3274,31.5,0.3481,85.1,0.00277,0.3356,0.3568,0.3075
1528246800,0.3049,38.6,0.3507,76.7,0.00113,0.3191,0.367,0.3139
1528247100,0.3303,38.8,0.3604,73.6,0.002,0.3334,0.3638,0.3028
1528247400,0.3524,41.2,0.3642,91.1,0.00123,0.3466,0.3583,0.2951
1528247700,0.329,49.8,0.3698,91.3,0.00124,0.3294,0.3702,0.3004
1528248000,0.291,29.1,0.3724,88.4,0.00112,0.3021,0.3865,0.3114
1528248300,0.3606,45.4,0.3602,87.2,0.00106,0.3533,0.3529,0.2939
1528248600,0.3064,35.6,0.3527,84.4,0.00128,0.3195,0.3677,0.3128
1528248900,0.325,38.6,0.3495,90.7,0.00196,0.3335,0.3586,0.3079
1528249200,0.357,39.9,0.3462,81.9,0.00247,0.3559,0.3451,0.299
1528249500,0.3387,37.4,0.3439,90.5,0.00165,0.3447,0.35,0.3053
1528249800,0.3147,35.3,0.3469,83.1,0.0019,0.3273,0.3608,0.312
1528250100,0.352,40.6,0.3456,90.7,0.00175,0.3528,0.3464,0.3007
1528250400,0.2899,30.7,0.3507,80.1,0.00115,0.3082,0.3728,0.3189
1528250700,0.2943,37.9,0.361,87.2,0.00177,0.3081,0.3779,0.314
1528251000,0.302,34.9,0.3703,81.5,0.00171,0.3106,0.3808,0.3085
1528251300,0.2445,28.7,0.3686,65.5,0.00179,0.2678,0.4037,0.3286
1528251600,0.223,29.3,0.3674,81.0,0.00186,0.2504,0.4126,0.3369
1528251900,0.3259,41.6,0.3594,76.9,0.0021,0.3308,0.3648,0.3045
1528252200,0.2601,31.6,0.3609,83.5,0.00139,0.2824,0.3919,0.3257
1528252500,0.2513,33.7,0.3609,74.6,0.00102,0.2755,0.3956,0.3289
1528252800,0.2837,32.7,0.3628,85.4,0.00124,0.2997,0.3833,0.317
1528253100,0.3072,38.8,0.364,87.5,0.00288,0.3163,0.3748,0.3089
1528253400,0.2785,36.6,0.368,80.4,0.00272,0.2942,0.3888,0.317
1528253700,0.3041,41.8,0.367,83.5,0.00127,0.3132,0.3779,0.3089
1528254000,0.2508,32.0,0.3525,77.6,0.00117,0.2776,0.3902,0.3321
1528254300,0.2434,34.0,0.3503,62.3,0.00224,0.2724,0.392,0.3357
1528254600,0.2411,32.2,0.3457,74.8,0.00334,0.2719,0.3898,0.3383
1528254900,0.2233,34.5,0.3477,65.6,0.00151,0.2564,0.3992,0.3444
1528255200,0.2177,28.1,0.3507,72.8,0.00139,0.2507,0.4038,0.3455
1528255500,0.3171,39.4,0.3586,74.9,0.00134,0.325,0.3675,0.3075
1528255800,0.242,31.4,0.3615,67.1,0.00117,0.2678,0.4001,0.332
1528256100,0.2007,28.9,0.3587,79.7,0.00245,0.2335,0.4174,0.3491
1528256400,0.2222,30.8,0.3486,78.6,0.00167,0.2552,0.4003,0.3445
1528256700,0.2143,30.8,0.3409,71.4,0.00196,0.2506,0.3986,0.3508
1528257000,0.2065,29.1,0.3391,71.8,0.00105,0.2442,0.401,0.3548
1528257300,0.2653,34.2,0.3461,75.0,0.0024,0.2911,0.3797,0.3292
1528257600,0.2411,36.6,0.3557,77.5,0.00308,0.2688,0.3966,0.3345
1528257900,0.2375,34.6,0.3689,69.7,0.00253,0.262,0.407,0.331
1528258200,0.2328,33.9,0.3736,79.2,0.00136,0.2568,0.4122,0.331
1528258500,0.2078,28.2,0.3743,69.3,0.00103,0.2356,0.4243,0.3401
1528258800,0.2013,26.4,0.3636,67.6,0.00121,0.2327,0.4204,0.3469
1528259100,0.2872,38.0,0.3546,78.9,0.00137,0.3049,0.3765,0.3185
1528259400,0.2891,37.9,0.3508,75.4,0.00301,0.3076,0.3732,0.3192
1528259700,0.3233,42.0,0.3489,84.3,0.00182,0.3325,0.3589,0.3086
1528260000,0.3367,36.8,0.3497,80.4,0.00193,0.3413,0.3545,0.3041
1528260300,0.3665,40.0,0.3513,89.5,0.001,0.3601,0.3452,0.2948
1528260600,0.3803,36.7,0.349,95.3,0.00106,0.3695,0.3391,0.2915
1528260900,0.3569,38.8,0.3533,81.4,0.00218,0.3533,0.3497,0.297
1528261200,0.311,39.8,0.3584,80.3,0.00246,0.3208,0.3697,0.3095
1528261500,0.29,33.9,0.3544,81.8,0.00124,0.3071,0.3753,0.3177
1528261800,0.2897,37.2,0.3477,76.4,0.0018,0.309,0.3709,0.32
1528262100,0.2931,34.9,0.3432,82.1,0.00136,0.313,0.3665,0.3204
1528262400,0.235,32.4,0.3425,76.8,0.00101,0.2678,0.3903,0.3419
1528262700,0.334,34.9,0.3417,89.9,0.0012,0.3423,0.3502,0.3075
1528263000,0.3038,36.5,0.3429,76.7,0.00169,0.3209,0.3622,0.3169
1528263300,0.2721,25.1,0.3444,71.6,0.00131,0.2969,0.3758,0.3273
1528263600,0.3066,35.9,0.3506,78.8,0.00158,0.3203,0.3663,0.3134
1528263900,0.318,32.4,0.3516,76.0,0.0019,0.328,0.3626,0.3094
1528264200,0.2907,39.0,0.3571,82.5,0.0011,0.3067,0.3768,0.3165
1528264500,0.3084,38.9,0.3577,73.9,0.0023,0.3192,0.3703,0.3105
1528264800,0.2513,34.0,0.3591,89.1,0.00172,0.276,0.3944,0.3295
1528265100,0.2296,35.6,0.3607,80.7,0.0042,0.2579,0.4051,0.337
1528265400,0.2151,27.2,0.3579,71.6,0.00149,0.2464,0.41,0.3436
1528265700,0.2025,34.4,0.3613,75.5,0.00104,0.2344,0.4183,0.3473
1528266000,0.1834,30.6,0.3623,58.5,0.00114,0.2169,0.4284,0.3547
1528266300,0.3016,35.4,0.3595,95.3,0.00298,0.3138,0.3741,0.3121
1528266600,0.2014,32.5,0.3653,66.6,0.00157,0.2324,0.4215,0.3461
1528266900,0.2462,28.9,0.3669,73.9,0.00153,0.2696,0.4018,0.3286
1528267200,0.2476,29.9,0.3632,63.6,0.00264,0.2718,0.3988,0.3294
1528267500,0.241,30.0,0.3427,77.0,0.00136,0.2727,0.3878,0.3395
1528267800,0.2066,27.9,0.3402,64.0,0.00149,0.244,0.4017,0.3543
1528268100,0.2465,29.1,0.3363,75.3,0.00179,0.2792,0.3809,0.3398
1528268400,0.2275,34.6,0.3389,69.5,0.0018,0.2626,0.3912,0.3463
1528268700,0.2088,28.8,0.3441,64.4,0.00281,0.2448,0.4034,0.3517
1528269000,0.1976,29.9,0.3506,64.9,0.00228,0.233,0.4133,0.3537
1528269300,0.1969,27.1,0.3573,71.0,0.00187,0.2305,0.4183,0.3512
1528269600,0.1725,21.6,0.3632,59.6,0.00114,0.2064,0.4346,0.359
1528269900,0.2436,32.9,0.3628,69.9,0.00151,0.2688,0.4003,0.331
1528270200,0.2066,23.7,0.3636,74.6,0.00101,0.2374,0.4178,0.3447
1528270500,0.1866,27.9,0.3654,84.3,0.00217,0.219,0.4289,0.3521
1528270800,0.1791,23.4,0.3633,70.8,0.001,0.2126,0.4313,0.3561
1528271100,0.1588,32.1,0.3578,60.4,0.00154,0.1945,0.4382,0.3674
1528271400,0.1885,30.9,0.3605,66.6,0.00185,0.222,0.4246,0.3534
1528271700,0.1983,29.2,0.3611,70.0,0.00162,0.2307,0.4202,0.3491
1528272000,0.16,30.0,0.3659,63.9,0.00135,0.1937,0.443,0.3632
1528272300,0.1487,22.9,0.3532,70.3,0.00289,0.1854,0.4405,0.3741
1528272600,0.1651,28.2,0.3402,67.8,0.00243,0.205,0.4225,0.3725
1528272900,0.137,25.2,0.3398,69.1,0.00158,0.1764,0.4374,0.3862
1528273200,0.1419,25.7,0.3454,62.3,0.00115,0.1802,0.4387,0.381
1528273500,0.2553,36.7,0.3536,83.5,0.0024,0.2809,0.389,0.3301
1528273800,0.2176,32.4,0.3684,70.8,0.00179,0.2456,0.4158,0.3386
1528274100,0.1933,29.4,0.3796,63.5,0.00329,0.2214,0.4349,0.3437
1528274400,0.2355,26.5,0.3805,86.6,0.00205,0.2571,0.4154,0.3275
1528274700,0.2394,28.9,0.3776,63.0,0.00134,0.2611,0.4118,0.3272
1528275000,0.202,28.8,0.3799,65.8,0.00279,0.2291,0.4308,0.3402
1528275300,0.2321,31.5,0.3797,69.4,0.0019,0.2546,0.4164,0.329
1528275600,0.2002,25.6,0.3598,85.1,0.0017,0.2328,0.4184,0.3488
1528275900,0.1734,34.4,0.3557,78.2,0.00126,0.2091,0.429,0.3618
1528276200,0.1855,32.5,0.3486,77.5,0.00129,0.2224,0.4179,0.3597
1528276500,0.1868,29.9,0.3477,66.7,0.00129,0.2238,0.4167,0.3595
1528276800,0.1963,29.0,0.356,84.2,0.00183,0.2303,0.4177,0.352
1528277100,0.2966,35.1,0.3674,81.9,0.00127,0.3077,0.3811,0.3112
1528277400,0.2405,29.0,0.3831,79.9,0.00138,0.2604,0.4148,0.3248
1528277700,0.2184,30.5,0.3902,72.9,0.00235,0.2404,0.4295,0.3302
1528278000,0.2448,32.9,0.387,74.2,0.00202,0.2627,0.4153,0.322
1528278300,0.228,27.2,0.384,71.3,0.00167,0.25,0.4211,0.3289
1528278600,0.2307,32.2,0.3844,71.8,0.00209,0.2521,0.4201,0.3278
1528278900,0.2992,35.5,0.3838,83.6,0.00121,0.3044,0.3904,0.3052
1528279200,0.2389,26.0,0.3861,76.1,0.00177,0.2583,0.4174,0.3243
1528279500,0.2381,29.1,0.3827,73.6,0.00153,0.2586,0.4156,0.3258
1528279800,0.2652,32.3,0.3852,85.6,0.00126,0.279,0.4053,0.3157
1528280100,0.2804,40.3,0.3806,60.2,0.00133,0.2918,0.396,0.3122
1528280400,0.2595,34.8,0.3878,79.0,0.00331,0.2739,0.4094,0.3167
1528280700,0.362,36.3,0.3855,90.5,0.00107,0.3456,0.368,0.2864
1528281000,0.2927,36.9,0.3935,86.2,0.00162,0.2968,0.399,0.3042
1528281300,0.2762,29.7,0.3938,77.2,0.00294,0.2847,0.406,0.3093
1528281600,0.31,39.9,0.3939,82.2,0.00186,0.3088,0.3924,0.2988
1528281900,0.3111,35.4,0.3933,87.0,0.00209,0.3097,0.3916,0.2987
1528282200,0.3105,36.5,0.394,90.0,0.00195,0.3091,0.3922,0.2987
1528282500,0.3403,42.8,0.3981,82.2,0.00142,0.3277,0.3834,0.2889
1528282800,0.3199,33.5,0.3917,83.6,0.00204,0.3162,0.3872,0.2966
1528283100,0.3372,34.4,0.3941,93.8,0.00134,0.327,0.3821,0.2909
1528283400,0.3657,38.8,0.3929,73.8,0.00123,0.3455,0.3712,0.2834
1528283700,0.3774,44.5,0.3897,83.6,0.00163,0.3537,0.3652,0.2811
1528284000,0.3967,38.2,0.3947,98.5,0.00211,0.3635,0.3616,0.2749
1528284300,0.482,40.2,0.3966,104.8,0.00307,0.409,0.3365,0.2545
1528284600,0.4591,45.8,0.3971,99.0,0.00114,0.3971,0.3435,0.2595
1528284900,0.4375,47.3,0.4013,91.1,0.00194,0.3842,0.3524,0.2634
1528285200,0.4443,49.7,0.4035,89.1,0.00134,0.3871,0.3515,0.2614
1528285500,0.3909,41.0,0.3955,85.5,0.00176,0.3598,0.364,0.2761
1528285800,0.3738,39.9,0.3907,96.7,0.00216,0.3512,0.367,0.2818
1528286100,0.4417,49.4,0.3922,90.4,0.00149,0.3895,0.3459,0.2646
1528286400,0.3727,35.5,0.3915,87.9,0.0014,0.3502,0.3679,0.2819
1528286700,0.3746,40.1,0.3916,82.9,0.00221,0.3513,0.3673,0.2814
1528287000,0.3798,42.2,0.3926,93.0,0.00182,0.3542,0.3661,0.2797
1528287300,0.3899,43.6,0.3917,85.8,0.00303,0.3605,0.3621,0.2774
1528287600,0.3857,40.5,0.3895,88.0,0.0015,0.3587,0.3623,0.279
1528287900,0.5021,50.3,0.391,90.1,0.00201,0.4208,0.3277,0.2514
1528288200,0.4591,39.7,0.3886,86.2,0.00258,0.4,0.3386,0.2614
1528288500,0.4549,44.9,0.3933,95.5,0.00218,0.3962,0.3425,0.2613
1528288800,0.4776,49.8,0.3983,89.8,0.00116,0.4062,0.3387,0.2551
1528289100,0.4701,45.0,0.399,109.6,0.00112,0.4021,0.3413,0.2566
1528289400,0.4541,47.0,0.3974,83.0,0.00159,0.3944,0.3451,0.2605
1528289700,0.4987,51.2,0.397,95.1,0.00223,0.4171,0.332,0.2509
1528290000,0.4533,45.7,0.3962,95.4,0.00132,0.3943,0.3447,0.261
1528290300,0.4538,47.3,0.3987,93.2,0.0022,0.3938,0.3459,0.2603
1528290600,0.4484,43.5,0.3989,88.2,0.00219,0.3908,0.3477,0.2615
1528290900,0.4506,45.9,0.3922,89.3,0.00248,0.3943,0.3432,0.2625
1528291200,0.4478,48.2,0.3936,88.8,0.00207,0.3923,0.3448,0.2628
1528291500,0.5879,56.6,0.3998,107.1,0.00185,0.4566,0.3105,0.233
1528291800,0.5038,48.5,0.4043,112.1,0.00137,0.417,0.3347,0.2483
1528292100,0.4861,49.7,0.4045,99.1,0.00214,0.4083,0.3397,0.252
1528292400,0.522,53.7,0.401,109.3,0.0015,0.4268,0.3279,0.2453
1528292700,0.5486,47.3,0.404,107.9,0.00154,0.438,0.3225,0.2395
1528293000,0.5182,54.8,0.4102,108.5,0.00101,0.4218,0.3339,0.2442
1528293300,0.5848,54.9,0.4136,91.7,0.00212,0.4504,0.3185,0.2311
1528293600,0.5257,53.1,0.416,100.7,0.00244,0.4234,0.335,0.2416
1528293900,0.5314,55.8,0.417,111.0,0.00218,0.4257,0.334,0.2403
1528294200,0.4866,44.9,0.4181,95.2,0.00226,0.4039,0.3471,0.249
1528294500,0.47,45.8,0.4174,107.6,0.0023,0.3958,0.3515,0.2527
1528294800,0.4875,48.3,0.4146,107.7,0.0019,0.4055,0.3449,0.2496
1528295100,0.5747,52.9,0.4146,104.7,0.0021,0.4457,0.3216,0.2327
1528295400,0.5256,57.0,0.4196,99.5,0.00156,0.4221,0.337,0.2409
1528295700,0.5586,51.5,0.4208,99.8,0.00155,0.4366,0.3289,0.2345
1528296000,0.5239,50.0,0.4216,98.6,0.00101,0.4206,0.3385,0.2409
1528296300,0.52,52.0,0.4198,94.6,0.0024,0.4194,0.3386,0.242
1528296600,0.5029,46.6,0.4248,102.9,0.00291,0.4096,0.346,0.2444
1528296900,0.5158,49.9,0.426,92.8,0.00126,0.4154,0.3431,0.2416
1528297200,0.5046,51.3,0.4277,104.1,0.00366,0.4095,0.3471,0.2434
1528297500,0.5895,55.3,0.4286,112.7,0.0013,0.4472,0.3252,0.2276
1528297800,0.5532,53.4,0.4289,95.4,0.00193,0.4315,0.3345,0.234
1528298100,0.4804,47.0,0.4292,107.3,0.00122,0.3972,0.3548,0.248
1528298400,0.4922,44.9,0.4308,102.3,0.00173,0.4025,0.3522,0.2453
1528298700,0.5409,53.8,0.4266,108.6,0.00136,0.4267,0.3366,0.2367
1528299000,0.4654,52.8,0.4246,92.0,0.00223,0.3911,0.3568,0.2521
1528299300,0.4624,47.4,0.4209,100.0,0.00189,0.3908,0.3557,0.2535
1528299600,0.5336,53.0,0.419,110.1,0.00132,0.426,0.3345,0.2395
1528299900,0.4862,51.1,0.4179,98.0,0.00207,0.4038,0.3471,0.2491
1528300200,0.4562,43.1,0.42,107.6,0.00177,0.3879,0.3571,0.2551
1528300500,0.508,55.7,0.4234,101.1,0.00146,0.4125,0.3438,0.2436
1528300800,0.4689,48.4,0.429,103.7,0.0013,0.3914,0.3581,0.2504
1528301100,0.4851,53.9,0.4301,100.3,0.00259,0.3992,0.3539,0.2469
1528301400,0.5364,50.3,0.4298,107.2,0.00104,0.4236,0.3394,0.2369
1528301700,0.4917,54.9,0.4319,89.1,0.00275,0.4018,0.353,0.2452
1528302000,0.4795,50.9,0.4324,100.2,0.00165,0.3957,0.3568,0.2475
1528302300,0.5719,56.7,0.4313,102.8,0.00314,0.4388,0.331,0.2302
1528302600,0.5338,53.1,0.4275,98.3,0.00171,0.4232,0.3389,0.2378
1528302900,0.5443,52.4,0.4247,114.9,0.00179,0.4289,0.3347,0.2364
1528303200,0.5912,60.0,0.4279,107.8,0.00208,0.4482,0.3244,0.2274
1528303500,0.5418,53.3,0.4268,98.2,0.00195,0.4271,0.3364,0.2365
1528303800,0.4946,43.7,0.4274,97.3,0.003,0.4047,0.3498,0.2455
1528304100,0.5324,48.9,0.4307,95.4,0.00133,0.4215,0.341,0.2375
1528304400,0.5249,51.2,0.4301,111.1,0.00166,0.4182,0.3427,0.239
1528304700,0.5623,55.3,0.4301,102.1,0.00116,0.4351,0.3328,0.2321
1528305000,0.5603,54.1,0.423,109.2,0.00132,0.4366,0.3296,0.2338
1528305300,0.5706,58.6,0.4222,115.2,0.00257,0.4414,0.3266,0.2321
1528305600,0.5437,47.2,0.4233,101.4,0.00201,0.4291,0.3341,0.2368
1528305900,0.6113,58.2,0.4268,114.3,0.00218,0.4568,0.319,0.2242
1528306200,0.5833,50.4,0.4313,102.1,0.00112,0.4437,0.3281,0.2282
1528306500,0.5703,57.2,0.4286,121.7,0.00221,0.4391,0.33,0.231
1528306800,0.5795,55.3,0.4327,113.6,0.00258,0.4416,0.3298,0.2286
1528307100,0.5575,55.3,0.4326,104.6,0.00108,0.4321,0.3353,0.2325
1528307400,0.5465,50.7,0.432,100.0,0.00132,0.4275,0.3379,0.2346
1528307700,0.5751,59.1,0.4297,106.8,0.00107,0.4408,0.3293,0.2299
1528308000,0.5603,57.3,0.4303,104.0,0.00109,0.4341,0.3334,0.2325
1528308300,0.6252,60.5,0.4315,124.2,0.00266,0.4608,0.3181,0.2211
1528308600,0.6212,58.1,0.4312,104.8,0.00255,0.4593,0.3188,0.2218
1528308900,0.6761,64.1,0.4394,118.4,0.00125,0.4776,0.3104,0.2119
1528309200,0.6437,57.9,0.4439,114.3,0.00216,0.4639,0.3199,0.2162
1528309500,0.6974,66.4,0.4438,119.0,0.00307,0.4839,0.3079,0.2082
1528309800,0.6536,65.7,0.442,114.7,0.00333,0.4683,0.3167,0.215
1528310100,0.5936,59.8,0.434,108.7,0.00177,0.4471,0.3269,0.226
1528310400,0.5775,53.2,0.4274,113.0,0.00162,0.4426,0.3275,0.2299
1528310700,0.5409,53.9,0.4225,107.7,0.00145,0.4281,0.3344,0.2375
1528311000,0.5304,48.2,0.4212,105.6,0.00149,0.4238,0.3365,0.2397
1528311300,0.5837,57.6,0.4237,90.2,0.00152,0.4465,0.3241,0.2295
1528311600,0.5737,56.5,0.4247,109.2,0.00155,0.4419,0.3271,0.2311
1528311900,0.577,49.8,0.4256,97.8,0.0011,0.443,0.3267,0.2303
1528312200,0.5622,50.9,0.4309,110.1,0.00108,0.4348,0.3332,0.232
1528312500,0.5342,51.5,0.4342,112.3,0.00257,0.4212,0.3423,0.2365
1528312800,0.5349,51.5,0.4378,97.9,0.00182,0.4203,0.344,0.2357
1528313100,0.6308,55.5,0.4369,111.5,0.0016,0.4612,0.3194,0.2193
1528313400,0.593,57.7,0.4374,105.7,0.00168,0.4457,0.3288,0.2255
1528313700,0.5648,55.3,0.4334,113.9,0.00221,0.4351,0.3338,0.2311
1528314000,0.5338,51.8,0.4326,104.0,0.00335,0.4215,0.3416,0.2369
1528314300,0.5346,50.2,0.4323,113.8,0.00166,0.422,0.3412,0.2368
1528314600,0.5118,54.0,0.4347,103.7,0.00249,0.4106,0.3487,0.2407
1528314900,0.5497,58.4,0.4322,106.4,0.00172,0.4288,0.3372,0.234
1528315200,0.5251,50.3,0.4291,102.9,0.00153,0.4187,0.3421,0.2392
1528315500,0.5357,50.7,0.4273,108.5,0.0012,0.4241,0.3383,0.2375
1528315800,0.5383,54.2,0.4273,93.4,0.00301,0.4253,0.3376,0.237
1528316100,0.5455,52.1,0.429,105.1,0.00152,0.428,0.3366,0.2354
1528316400,0.5401,52.4,0.4314,103.6,0.00204,0.4248,0.3393,0.2359
1528316700,0.6214,60.7,0.4317,116.5,0.00213,0.4592,0.319,0.2217
1528317000,0.5854,50.2,0.4349,107.4,0.00122,0.4434,0.3294,0.2272
1528317300,0.5767,59.3,0.4282,101.4,0.002,0.4419,0.3281,0.2299
1528317600,0.5612,54.5,0.4272,106.2,0.00267,0.4356,0.3316,0.2328
1528317900,0.5811,54.4,0.4265,101.6,0.00122,0.4444,0.3262,0.2294
1528318200,0.5651,54.3,0.4303,95.0,0.00197,0.4362,0.3322,0.2316
1528318500,0.5837,55.7,0.4307,112.7,0.0013,0.4441,0.3277,0.2282
1528318800,0.5767,50.2,0.4293,111.1,0.00214,0.4416,0.3287,0.2297
1528319100,0.5793,60.0,0.4304,110.7,0.00231,0.4423,0.3286,0.2291
1528319400,0.6004,57.2,0.4339,117.9,0.00191,0.45,0.3252,0.2248
1528319700,0.6196,59.7,0.4334,108.0,0.00135,0.4579,0.3203,0.2217
1528320000,0.5549,56.7,0.4405,96.9,0.00152,0.4284,0.34,0.2316
1528320300,0.6448,57.1,0.4384,114.1,0.0016,0.4662,0.3169,0.2169
1528320600,0.5997,58.4,0.4389,107.9,0.00249,0.448,0.3279,0.2241
1528320900,0.5823,55.0,0.4354,103.2,0.001,0.4419,0.3304,0.2277
1528321200,0.5879,58.7,0.4348,108.3,0.00203,0.4445,0.3287,0.2268
1528321500,0.6031,50.8,0.431,106.6,0.0014,0.4521,0.3231,0.2249
1528321800,0.5755,55.0,0.4304,96.5,0.00148,0.4407,0.3296,0.2297
1528322100,0.6045,55.5,0.433,107.8,0.00217,0.452,0.3237,0.2243
1528322400,0.5735,56.4,0.4397,100.5,0.00197,0.4367,0.3348,0.2284
1528322700,0.6227,60.0,0.4504,113.7,0.00334,0.4535,0.328,0.2185
1528323000,0.577,53.3,0.4643,103.8,0.00183,0.4302,0.3462,0.2237
1528323300,0.5506,51.4,0.465,111.7,0.00116,0.4185,0.3535,0.228
1528323600,0.542,52.6,0.4641,113.8,0.00132,0.415,0.3553,0.2297
1528323900,0.6397,57.1,0.4593,118.0,0.00121,0.4573,0.3283,0.2144
1528324200,0.6036,59.8,0.4541,101.1,0.00176,0.4446,0.3345,0.221
1528324500,0.6212,57.4,0.449,121.2,0.00125,0.4534,0.3277,0.2189
1528324800,0.6285,50.3,0.4481,122.3,0.00214,0.4566,0.3255,0.2179
1528325100,0.6309,58.0,0.4437,113.2,0.00289,0.459,0.3228,0.2182
1528325400,0.6115,54.7,0.4502,119.1,0.00122,0.4491,0.3306,0.2203
1528325700,0.6175,53.3,0.4546,108.4,0.00102,0.45,0.3313,0.2186
1528326000,0.5636,50.7,0.4558,95.2,0.00157,0.4272,0.3455,0.2274
1528326300,0.6014,57.4,0.4561,105.6,0.00228,0.443,0.336,0.221
1528326600,0.5847,59.9,0.4617,118.8,0.00129,0.4343,0.3429,0.2228
1528326900,0.5858,56.9,0.4668,99.6,0.00199,0.4331,0.3451,0.2218
1528327200,0.5509,51.7,0.4665,105.1,0.00114,0.4182,0.3541,0.2277
1528327500,0.6189,59.7,0.4678,112.1,0.00276,0.4463,0.3373,0.2163
1528327800,0.5632,53.0,0.472,103.2,0.00165,0.4218,0.3535,0.2247
1528328100,0.5748,53.2,0.4727,104.8,0.00237,0.4266,0.3508,0.2226
1528328400,0.5947,53.2,0.4742,109.9,0.00227,0.4344,0.3464,0.2192
1528328700,0.5953,51.4,0.4677,106.2,0.00115,0.4368,0.3431,0.2201
1528329000,0.539,51.6,0.462,95.4,0.00238,0.4143,0.3551,0.2306
1528329300,0.5844,56.4,0.4597,109.7,0.003,0.4348,0.342,0.2232
1528329600,0.5148,50.7,0.4573,107.9,0.00153,0.4047,0.3595,0.2358
1528329900,0.5081,49.3,0.4546,106.0,0.00132,0.4024,0.36,0.2376
1528330200,0.5221,48.7,0.4559,97.4,0.00145,0.4085,0.3567,0.2347
1528330500,0.5033,52.1,0.4568,92.8,0.00126,0.3994,0.3625,0.2381
1528330800,0.4773,44.5,0.4586,96.0,0.00107,0.3862,0.3711,0.2427
1528331100,0.5781,57.8,0.4578,117.2,0.00166,0.4327,0.3427,0.2246
1528331400,0.5279,48.9,0.4542,106.7,0.00152,0.4117,0.3543,0.234
1528331700,0.5088,48.4,0.4478,105.1,0.00253,0.4049,0.3564,0.2387
1528332000,0.5557,49.5,0.4286,110.9,0.0015,0.4327,0.3337,0.2336
1528332300,0.5368,51.1,0.4244,106.2,0.00202,0.4256,0.3365,0.2379
1528332600,0.5232,54.5,0.4229,103.0,0.00214,0.4199,0.3394,0.2408
1528332900,0.5662,56.2,0.4237,110.6,0.00187,0.4389,0.3285,0.2326
1528333200,0.565,57.5,0.4284,103.2,0.0012,0.4368,0.3312,0.2319
1528333500,0.5368,54.1,0.4354,95.2,0.00314,0.4219,0.3422,0.2358
1528333800,0.505,47.0,0.439,104.8,0.00144,0.4059,0.3529,0.2412
1528334100,0.4912,48.4,0.4361,106.5,0.00164,0.4002,0.3553,0.2444
1528334400,0.4557,44.6,0.4378,88.9,0.0028,0.3818,0.3668,0.2514
1528334700,0.5269,55.9,0.4323,107.6,0.00198,0.4184,0.3433,0.2382
1528335000,0.4638,43.9,0.4243,106.5,0.00108,0.3904,0.3571,0.2525
1528335300,0.4487,49.1,0.4198,94.9,0.00114,0.384,0.3593,0.2567
1528335600,0.467,50.4,0.421,91.8,0.00152,0.3931,0.3544,0.2525
1528335900,0.4733,53.6,0.4251,98.1,0.00114,0.3949,0.3547,0.2503
1528336200,0.4415,44.7,0.4232,90.8,0.00226,0.3791,0.3634,0.2576
1528336500,0.4947,51.8,0.4274,95.8,0.00132,0.4048,0.3497,0.2455
1528336800,0.4371,52.4,0.434,96.3,0.00198,0.3732,0.3706,0.2562
1528337100,0.4142,42.1,0.4323,81.8,0.00206,0.3613,0.3771,0.2617
1528337400,0.4051,38.8,0.4276,81.8,0.00174,0.3576,0.3775,0.2649
1528337700,0.394,36.9,0.4209,89.5,0.00103,0.3534,0.3775,0.2691
1528338000,0.395,44.8,0.4142,89.4,0.00163,0.3561,0.3734,0.2705
1528338300,0.4615,41.7,0.4154,98.2,0.00161,0.3921,0.353,0.2549
1528338600,0.4225,43.5,0.4185,103.5,0.00302,0.3703,0.3668,0.2629
1528338900,0.3953,44.0,0.4145,90.2,0.00214,0.3562,0.3735,0.2703
1528339200,0.4111,44.3,0.4124,94.7,0.00202,0.3659,0.3671,0.267
1528339500,0.3806,42.9,0.4119,82.2,0.00182,0.3484,0.377,0.2746
1528339800,0.3677,41.4,0.4061,91.4,0.00142,0.3424,0.3782,0.2794
1528340100,0.3688,44.7,0.411,83.7,0.002,0.3415,0.3806,0.2778
1528340400,0.3446,36.3,0.4161,84.9,0.0022,0.3249,0.3923,0.2828
1528340700,0.3322,36.2,0.4143,82.6,0.00129,0.3174,0.3959,0.2867
1528341000,0.3331,36.0,0.4121,89.5,0.00125,0.3187,0.3943,0.287
1528341300,0.3295,40.6,0.4079,75.1,0.00171,0.3176,0.3932,0.2892
1528341600,0.3285,40.7,0.4049,69.2,0.00109,0.3179,0.3918,0.2903
1528341900,0.388,43.5,0.4054,87.5,0.0012,0.3549,0.3708,0.2744
1528342200,0.3409,42.4,0.4068,86.9,0.00181,0.3254,0.3883,0.2863
1528342500,0.3161,33.6,0.4038,82.5,0.0018,0.3099,0.3959,0.2941
1528342800,0.3371,43.6,0.4023,91.1,0.0033,0.3243,0.3871,0.2886
1528343100,0.3198,42.0,0.3988,84.6,0.00115,0.314,0.3915,0.2945
1528343400,0.2795,36.8,0.3975,74.6,0.00238,0.2861,0.4069,0.3071
1528343700,0.2848,40.3,0.3984,64.5,0.00144,0.2897,0.4052,0.3051
1528344000,0.2599,28.2,0.3789,74.6,0.00214,0.2768,0.4036,0.3196
1528344300,0.2644,31.9,0.3735,82.6,0.00131,0.2819,0.3982,0.3199
1528344600,0.2777,32.2,0.3746,75.4,0.00117,0.2916,0.3934,0.315
1528344900,0.2538,34.9,0.3744,75.5,0.00214,0.2734,0.4034,0.3232
1528345200,0.2423,28.8,0.3795,76.8,0.0021,0.2629,0.4117,0.3255
1528345500,0.3504,41.8,0.3828,78.9,0.00173,0.3391,0.3705,0.2904
1528345800,0.3649,44.7,0.3899,90.2,0.00188,0.3459,0.3696,0.2844
1528346100,0.3723,43.1,0.3918,97.1,0.00103,0.3499,0.3682,0.2819
1528346400,0.3501,40.4,0.3914,84.0,0.00223,0.3361,0.3758,0.288
1528346700,0.3512,36.6,0.3739,78.3,0.00104,0.3426,0.3647,0.2927
1528347000,0.339,36.2,0.3672,83.5,0.00226,0.3369,0.3649,0.2982
1528347300,0.3703,44.7,0.3662,73.7,0.00274,0.3573,0.3533,0.2894
1528347600,0.3312,40.5,0.3654,85.1,0.00132,0.3323,0.3666,0.301
1528347900,0.3411,38.8,0.3697,86.8,0.00266,0.3375,0.3657,0.2968
1528348200,0.3898,41.0,0.3793,99.0,0.00184,0.3646,0.3548,0.2806
1528348500,0.3623,34.3,0.387,85.1,0.00128,0.3453,0.3688,0.2859
1528348800,0.3234,34.4,0.3905,84.8,0.00194,0.319,0.3851,0.2959
1528349100,0.394,48.3,0.3874,84.2,0.00128,0.3643,0.3582,0.2774
1528349400,0.328,34.1,0.3919,80.7,0.00188,0.3216,0.3843,0.2941
1528349700,0.3402,39.4,0.3918,74.9,0.00106,0.3297,0.3797,0.2907
1528350000,0.33,41.1,0.3903,81.8,0.00231,0.3234,0.3825,0.294
1528350300,0.3287,34.2,0.3875,81.0,0.00115,0.3235,0.3813,0.2952
1528350600,0.2739,34.7,0.3879,79.2,0.00203,0.2848,0.4033,0.3119
1528350900,0.3192,40.2,0.3896,78.2,0.00259,0.3164,0.3862,0.2974
1528351200,0.234,31.4,0.3896,73.9,0.00177,0.2534,0.4218,0.3248
1528351500,0.2235,39.3,0.3911,70.3,0.00141,0.2444,0.4276,0.328
1528351800,0.2298,26.1,0.3897,71.0,0.00182,0.2499,0.4238,0.3263
1528352100,0.2145,33.2,0.3737,71.9,0.00212,0.2415,0.4207,0.3378
1528352400,0.1953,28.2,0.3606,69.8,0.00255,0.2282,0.4213,0.3505
1528352700,0.2936,37.9,0.357,83.9,0.00234,0.3089,0.3756,0.3156
1528353000,0.2476,33.7,0.3602,74.0,0.00333,0.2727,0.3968,0.3305
1528353300,0.2136,27.8,0.3566,69.3,0.00273,0.2455,0.4098,0.3447
1528353600,0.2182,31.0,0.3496,70.7,0.00114,0.2514,0.4029,0.3457
1528353900,0.2167,24.6,0.347,67.4,0.00265,0.2509,0.4018,0.3473
1528354200,0.1979,30.7,0.3455,67.6,0.00106,0.2346,0.4097,0.3557
1528354500,0.2277,31.8,0.3462,85.0,0.00139,0.2606,0.3962,0.3433
1528354800,0.2092,31.6,0.3492,65.4,0.00227,0.2437,0.4068,0.3495
1528355100,0.2238,33.8,0.3533,70.7,0.00129,0.2552,0.4028,0.342
1528355400,0.2628,34.5,0.3534,74.0,0.00182,0.2868,0.3857,0.3274
1528355700,0.2281,31.4,0.3525,71.3,0.00171,0.259,0.4003,0.3407
1528356000,0.2264,28.2,0.3562,70.7,0.0012,0.2565,0.4036,0.3399
1528356300,0.3227,35.5,0.3568,83.9,0.00157,0.3295,0.3643,0.3063
1528356600,0.2303,34.7,0.3583,62.8,0.00308,0.2592,0.4032,0.3376
1528356900,0.1947,32.9,0.3554,75.7,0.00154,0.229,0.4181,0.3529
1528357200,0.2341,30.7,0.351,77.2,0.00144,0.2645,0.3966,0.3389
1528357500,0.2165,30.3,0.351,64.2,0.00115,0.2496,0.4046,0.3458
1528357800,0.1842,25.2,0.3501,54.8,0.00135,0.2208,0.4196,0.3596
1528358100,0.218,33.8,0.3412,65.9,0.00143,0.2537,0.3971,0.3492
1528358400,0.1723,29.1,0.3407,65.8,0.00188,0.2119,0.4191,0.369
1528358700,0.1827,33.6,0.3426,83.8,0.00127,0.2214,0.4151,0.3635
1528359000,0.2008,26.4,0.3433,73.3,0.00122,0.2379,0.4067,0.3554
1528359300,0.1935,27.4,0.344,58.5,0.00106,0.231,0.4107,0.3582
1528359600,0.2044,30.0,0.3459,66.3,0.00114,0.2404,0.4068,0.3528
1528359900,0.2941,37.5,0.3473,79.1,0.00191,0.3124,0.3689,0.3187
1528360200,0.2681,33.1,0.352,78.3,0.00106,0.2914,0.3826,0.3261
1528360500,0.2591,30.5,0.3535,68.0,0.00124,0.2839,0.3874,0.3287
1528360800,0.2869,37.7,0.3544,77.9,0.0014,0.3048,0.3765,0.3187
1528361100,0.2642,35.7,0.3567,72.1,0.00118,0.2869,0.3873,0.3258
1528361400,0.2346,28.7,0.3577,66.8,0.00123,0.2629,0.4009,0.3362
1528361700,0.269,37.9,0.3576,78.5,0.00106,0.2903,0.3859,0.3238
1528362000,0.2337,34.9,0.3562,78.0,0.00155,0.2626,0.4003,0.3371
1528362300,0.2322,31.7,0.3545,78.3,0.00131,0.2619,0.3998,0.3383
1528362600,0.2553,33.1,0.3547,79.0,0.00122,0.2805,0.3898,0.3297
1528362900,0.2411,33.5,0.3553,71.1,0.00118,0.269,0.3964,0.3347
1528363200,0.233,28.7,0.3553,77.6,0.002,0.2623,0.4,0.3377
1528363500,0.3445,39.2,0.3567,86.3,0.00171,0.3441,0.3563,0.2996
1528363800,0.2847,28.5,0.3609,79.3,0.0016,0.3011,0.3817,0.3173
1528364100,0.258,35.7,0.3609,72.1,0.00103,0.2808,0.3928,0.3265
1528364400,0.2887,30.5,0.3605,75.9,0.00302,0.3042,0.3798,0.3161
1528364700,0.3117,41.3,0.3627,81.6,0.00122,0.3199,0.3722,0.3079
1528365000,0.3591,39.1,0.3684,100.5,0.0017,0.3495,0.3585,0.292
1528365300,0.3992,42.3,0.3678,91.7,0.00102,0.3741,0.3447,0.2812
1528365600,0.3837,40.0,0.3687,84.7,0.00239,0.3646,0.3503,0.2851
1528365900,0.3661,39.8,0.3806,81.6,0.00152,0.3498,0.3636,0.2866
1528366200,0.502,54.4,0.3987,97.2,0.00188,0.4181,0.3321,0.2499
1528366500,0.7597,60.7,0.414,139.7,0.00192,0.5155,0.2809,0.2036
1528366800,0.6605,65.1,0.421,113.7,0.00322,0.4781,0.3047,0.2172
1528367100,0.6156,59.1,0.4235,117.0,0.00103,0.4597,0.3163,0.224
1528367400,0.3669,37.1,0.4298,84.4,0.00209,0.3345,0.3919,0.2735
1528367700,0.3523,36.4,0.4191,86.8,0.00113,0.3288,0.3912,0.28
1528368000,0.3715,46.0,0.4192,91.9,0.00255,0.3406,0.3843,0.2751
1528368300,0.3773,38.6,0.4208,84.3,0.00177,0.3436,0.3832,0.2732
1528368600,0.3719,37.6,0.4191,83.3,0.00254,0.3409,0.3841,0.275
1528368900,0.3868,45.5,0.3903,98.6,0.00156,0.3591,0.3624,0.2785
1528369200,0.3702,41.9,0.3802,92.9,0.00114,0.3524,0.362,0.2856
1528369500,0.3677,37.9,0.3718,91.5,0.00204,0.3537,0.3577,0.2886
1528369800,0.374,41.8,0.3702,92.1,0.00168,0.3582,0.3545,0.2873
1528370100,0.3585,37.0,0.3645,88.6,0.00193,0.3504,0.3563,0.2933
1528370400,0.3823,45.1,0.3639,100.3,0.00231,0.3654,0.3478,0.2868
1528370700,0.4772,51.6,0.365,98.0,0.00237,0.4178,0.3196,0.2627
1528371000,0.4285,46.6,0.3692,96.3,0.00309,0.3904,0.3363,0.2733
1528371300,0.4233,45.7,0.3725,83.6,0.00237,0.3863,0.3399,0.2738
1528371600,0.4298,50.4,0.3766,88.0,0.00225,0.3885,0.3404,0.2711
1528371900,0.4208,44.5,0.3744,84.9,0.0015,0.3842,0.3419,0.2739
1528372200,0.3853,38.4,0.3766,96.2,0.00211,0.3628,0.3546,0.2825
1528372500,0.4551,48.2,0.3799,80.2,0.00258,0.401,0.3347,0.2643
1528372800,0.4348,51.7,0.3807,91.1,0.00155,0.3898,0.3413,0.2689
1528373100,0.4219,41.5,0.3827,74.2,0.00163,0.3819,0.3465,0.2716
1528373400,0.4196,43.3,0.3843,87.0,0.001,0.3801,0.3481,0.2718
1528373700,0.3878,43.4,0.3835,85.8,0.00204,0.362,0.358,0.28
1528374000,0.3759,41.2,0.3801,95.9,0.00215,0.356,0.3599,0.2841
1528374300,0.4867,46.1,0.3688,101.0,0.00268,0.4212,0.3192,0.2596
1528374600,0.4389,49.1,0.3756,88.9,0.00123,0.3938,0.337,0.2692
1528374900,0.4487,53.4,0.3798,101.3,0.00111,0.3976,0.3366,0.2658
1528375200,0.4568,47.6,0.3826,95.8,0.00251,0.4009,0.3358,0.2633
1528375500,0.4503,43.8,0.3894,95.3,0.00141,0.3951,0.3417,0.2632
1528375800,0.4555,42.2,0.4005,88.3,0.00151,0.394,0.3465,0.2595
1528376100,0.5724,55.8,0.4054,101.3,0.00135,0.448,0.3173,0.2348
1528376400,0.4961,53.0,0.4019,94.7,0.00151,0.4141,0.3355,0.2504
1528376700,0.4755,49.7,0.3919,97.8,0.00127,0.4073,0.3357,0.257
1528377000,0.4781,48.5,0.3962,98.3,0.00145,0.4071,0.3374,0.2555
1528377300,0.4698,46.1,0.3949,106.2,0.00128,0.4034,0.3391,0.2576
1528377600,0.4882,45.9,0.3999,101.1,0.00142,0.4109,0.3366,0.2525
1528377900,0.6396,62.3,0.4038,97.7,0.00297,0.4761,0.3006,0.2233
1528378200,0.547,56.0,0.4033,106.3,0.00107,0.4375,0.3226,0.2399
1528378500,0.5404,48.2,0.4047,95.3,0.00135,0.434,0.325,0.2409
1528378800,0.5744,60.0,0.4054,101.6,0.00157,0.4488,0.3168,0.2344
1528379100,0.5768,57.1,0.4053,102.8,0.00148,0.4499,0.3161,0.234
1528379400,0.5457,57.4,0.4078,100.6,0.00145,0.4353,0.3253,0.2393
1528379700,0.5849,51.9,0.4122,100.2,0.00148,0.4509,0.3178,0.2313
1528380000,0.5572,49.9,0.4176,106.9,0.00101,0.4371,0.3276,0.2353
1528380300,0.5787,55.1,0.4299,99.4,0.00113,0.4422,0.3285,0.2293
1528380600,0.57,56.4,0.4353,109.1,0.0031,0.4367,0.3335,0.2298
1528380900,0.5307,57.5,0.4261,116.5,0.00165,0.4223,0.339,0.2387
1528381200,0.5291,54.2,0.4286,94.9,0.00129,0.4207,0.3408,0.2385
1528381500,0.6272,58.2,0.4235,111.0,0.00293,0.4644,0.3135,0.2221
1528381800,0.6077,54.5,0.4286,95.6,0.00219,0.4548,0.3207,0.2245
1528382100,0.5909,60.1,0.4309,107.3,0.00187,0.447,0.326,0.227
1528382400,0.6059,54.5,0.4359,114.4,0.0012,0.4516,0.3249,0.2236
1528382700,0.5834,60.7,0.4315,112.7,0.00141,0.4437,0.3282,0.2282
1528383000,0.569,54.0,0.4293,107.4,0.00295,0.4383,0.3307,0.2311
1528383300,0.6229,63.4,0.4187,117.6,0.00183,0.4643,0.3121,0.2236
1528383600,0.5917,58.5,0.4136,124.4,0.00159,0.4533,0.3169,0.2298
1528383900,0.5726,54.7,0.4177,117.5,0.00195,0.4438,0.3237,0.2325
1528384200,0.5855,54.4,0.4198,105.4,0.00237,0.4486,0.3216,0.2298
1528384500,0.5578,53.0,0.4237,97.1,0.00145,0.4353,0.3306,0.2341
1528384800,0.5473,54.6,0.4304,102.3,0.0019,0.4283,0.3369,0.2348
1528385100,0.6487,60.6,0.4357,109.2,0.00161,0.4686,0.3147,0.2167
1528385400,0.6143,56.2,0.4278,114.1,0.00261,0.4577,0.3188,0.2235
1528385700,0.5793,55.1,0.4277,100.8,0.00142,0.4432,0.3272,0.2295
1528386000,0.6067,57.7,0.4287,110.2,0.00226,0.4543,0.321,0.2247
1528386300,0.6011,50.7,0.4292,115.1,0.00268,0.4519,0.3226,0.2255
1528386600,0.6212,59.9,0.4294,111.5,0.00192,0.4599,0.3179,0.2221
1528386900,0.6406,56.9,0.4255,108.4,0.00194,0.4689,0.3115,0.2196
1528387200,0.6174,54.8,0.4215,118.8,0.00252,0.4611,0.3148,0.2241
1528387500,0.6407,54.8,0.4264,102.8,0.00142,0.4687,0.3119,0.2194
1528387800,0.6585,55.7,0.4288,113.9,0.00107,0.4747,0.3091,0.2162
1528388100,0.641,55.8,0.4372,113.9,0.00224,0.4651,0.3172,0.2177
1528388400,0.6023,55.0,0.4469,110.3,0.00217,0.4464,0.3312,0.2224
1528388700,0.76,74.1,0.4483,127.8,0.00207,0.5039,0.2972,0.1989
1528389000,0.7651,67.0,0.4506,131.0,0.00205,0.5048,0.2973,0.1979
1528389300,0.7582,68.6,0.4508,126.3,0.00192,0.5025,0.2987,0.1988
1528389600,0.7709,70.2,0.451,125.9,0.00211,0.5065,0.2963,0.1971
1528389900,0.7821,70.1,0.4516,127.1,0.00267,0.5099,0.2945,0.1956
1528390200,0.769,68.6,0.4565,124.2,0.00339,0.5041,0.2992,0.1967
1528390500,0.8023,67.6,0.463,137.0,0.00518,0.5126,0.2958,0.1917
1528390800,0.7049,68.7,0.4611,116.6,0.00114,0.4808,0.3145,0.2046
1528391100,0.6137,63.4,0.4589,116.5,0.00124,0.4471,0.3343,0.2186
1528391400,0.6579,56.0,0.4497,115.9,0.00108,0.4674,0.3195,0.2131
1528391700,0.6507,57.5,0.461,111.9,0.00261,0.4609,0.3266,0.2125
1528392000,0.6384,58.8,0.4666,117.6,0.00134,0.4544,0.3321,0.2135
1528392300,0.682,59.8,0.4716,113.8,0.0026,0.4692,0.3244,0.2064
1528392600,0.7029,65.7,0.4741,124.1,0.00175,0.4759,0.321,0.2031
1528392900,0.6355,57.3,0.4825,114.8,0.00311,0.4482,0.3403,0.2116
1528393200,0.6546,67.3,0.4833,111.9,0.00217,0.4552,0.3361,0.2086
1528393500,0.662,64.9,0.4854,119.4,0.0014,0.4574,0.3354,0.2073
1528393800,0.6432,60.7,0.4763,117.6,0.00156,0.4531,0.3355,0.2113
1528394100,0.6445,63.2,0.4757,121.4,0.00192,0.4538,0.335,0.2112
1528394400,0.6208,61.8,0.4767,117.9,0.00127,0.4442,0.3411,0.2147
1528394700,0.6057,55.7,0.4695,113.5,0.00244,0.4404,0.3414,0.2182
1528395000,0.5815,53.3,0.4729,101.4,0.00161,0.4293,0.3492,0.2215
1528395300,0.5511,53.8,0.4813,119.8,0.00206,0.4136,0.3612,0.2252
1528395600,0.5627,57.0,0.4887,97.8,0.00238,0.4164,0.3616,0.222
1528395900,0.66,61.6,0.4812,121.7,0.0022,0.458,0.3339,0.2082
1528396200,0.6169,53.5,0.4741,114.3,0.0029,0.4435,0.3408,0.2157
1528396500,0.5943,54.2,0.4668,102.4,0.00101,0.4366,0.343,0.2204
1528396800,0.6201,58.2,0.459,111.3,0.00154,0.4496,0.3328,0.2175
1528397100,0.6266,58.6,0.4572,112.2,0.00236,0.4528,0.3304,0.2168
1528397400,0.6282,64.9,0.4608,120.7,0.00225,0.4523,0.3317,0.216
1528397700,0.6635,57.3,0.4609,112.1,0.00192,0.4658,0.3236,0.2106
1528398000,0.6262,60.4,0.461,111.0,0.00157,0.4514,0.3323,0.2163
1528398300,0.5897,60.7,0.4601,95.0,0.00129,0.4369,0.3409,0.2223
1528398600,0.6051,64.2,0.4638,120.9,0.00131,0.442,0.3388,0.2192
1528398900,0.5702,53.7,0.4629,100.6,0.00169,0.4277,0.3472,0.225
1528399200,0.565,56.0,0.4526,108.5,0.00151,0.4288,0.3435,0.2277
1528399500,0.6577,62.7,0.4522,115.2,0.00117,0.4665,0.3207,0.2128
1528399800,0.6083,58.2,0.4536,110.2,0.00127,0.4467,0.3331,0.2203
1528400100,0.6037,57.0,0.4584,115.2,0.00229,0.4432,0.3365,0.2202
1528400400,0.6253,60.1,0.4625,122.6,0.00175,0.4506,0.3333,0.2162
1528400700,0.6142,50.4,0.4687,112.9,0.00251,0.4441,0.3389,0.2169
1528401000,0.5954,58.7,0.4689,113.5,0.00121,0.4364,0.3437,0.2199
1528401300,0.6674,62.1,0.4766,118.7,0.00193,0.4622,0.3301,0.2078
1528401600,0.6169,57.5,0.4783,117.8,0.00157,0.4422,0.3428,0.215
1528401900,0.6104,63.9,0.4858,108.3,0.00192,0.4372,0.3479,0.2149
1528402200,0.6287,57.0,0.4744,119.3,0.0011,0.4481,0.3381,0.2138
1528402500,0.6051,56.1,0.4667,117.2,0.00127,0.4411,0.3402,0.2187
1528402800,0.5965,62.7,0.4681,116.1,0.00107,0.4371,0.343,0.2198
1528403100,0.6891,60.7,0.4734,114.9,0.00121,0.4712,0.3237,0.2051
1528403400,0.6699,60.2,0.4786,116.0,0.00164,0.4625,0.3304,0.2071
1528403700,0.6163,57.7,0.4784,113.1,0.00222,0.4419,0.343,0.2151
1528404000,0.6086,60.1,0.4704,102.6,0.00305,0.4413,0.3411,0.2175
1528404300,0.6106,58.4,0.4641,120.6,0.00227,0.4442,0.3376,0.2182
1528404600,0.5742,51.3,0.4625,107.3,0.0015,0.4296,0.346,0.2244
1528404900,0.5983,55.3,0.4632,111.5,0.00136,0.4394,0.3402,0.2203
1528405200,0.5879,54.3,0.462,105.3,0.00227,0.4355,0.3422,0.2222
1528405500,0.5871,55.9,0.4604,100.7,0.00226,0.4357,0.3417,0.2226
1528405800,0.6472,61.6,0.4657,111.1,0.00274,0.4581,0.3296,0.2123
1528406100,0.5949,57.9,0.4694,110.8,0.00138,0.436,0.3441,0.2199
1528406400,0.5929,51.2,0.4715,113.3,0.00129,0.4345,0.3456,0.2199
1528406700,0.6704,65.1,0.4769,118.0,0.00273,0.4632,0.3295,0.2073
1528407000,0.6184,59.0,0.4781,113.9,0.00136,0.4428,0.3424,0.2148
1528407300,0.5811,59.8,0.4727,106.1,0.0014,0.4292,0.3492,0.2216
1528407600,0.5974,58.2,0.4728,112.7,0.00181,0.436,0.3451,0.2189
1528407900,0.6338,62.7,0.4737,122.3,0.00133,0.4503,0.3366,0.2131
1528408200,0.5701,56.3,0.4759,111.2,0.00344,0.4236,0.3536,0.2229
1528408500,0.6022,61.2,0.4786,115.1,0.00159,0.4361,0.3466,0.2173
1528408800,0.5988,58.5,0.4798,111.6,0.0017,0.4344,0.348,0.2176
1528409100,0.5596,53.9,0.4775,96.9,0.00156,0.4185,0.3571,0.2244
1528409400,0.5495,60.3,0.4762,98.7,0.00116,0.4145,0.3592,0.2263
1528409700,0.5436,55.7,0.4744,107.1,0.00164,0.4124,0.3599,0.2276
1528410000,0.5252,53.5,0.4714,102.5,0.00355,0.4051,0.3636,0.2314
1528410300,0.6136,54.1,0.4702,114.0,0.00184,0.4434,0.3398,0.2168
1528410600,0.5765,51.5,0.4689,117.7,0.00156,0.4285,0.3485,0.223
1528410900,0.545,54.0,0.4698,108.9,0.00131,0.4145,0.3573,0.2282
1528411200,0.5606,54.7,0.4659,113.6,0.00185,0.4226,0.3512,0.2262
1528411500,0.5487,51.6,0.4665,105.4,0.0028,0.4172,0.3547,0.2281
1528411800,0.5043,50.7,0.4641,95.6,0.00173,0.3976,0.3659,0.2365
1528412100,0.5505,58.3,0.4622,104.7,0.00164,0.4194,0.3521,0.2285
1528412400,0.5515,55.7,0.458,100.3,0.00174,0.4212,0.3498,0.2291
1528412700,0.5755,51.9,0.4577,116.9,0.00199,0.4317,0.3433,0.225
1528413000,0.5111,50.4,0.4579,105.9,0.00216,0.4028,0.3608,0.2364
1528413300,0.4841,46.5,0.4572,101.5,0.00203,0.39,0.3683,0.2417
1528413600,0.5094,49.5,0.4562,108.4,0.00304,0.4025,0.3605,0.237
1528413900,0.5573,52.8,0.4577,93.6,0.00227,0.4238,0.3481,0.2281
1528414200,0.5907,54.9,0.4579,112.6,0.0018,0.438,0.3395,0.2225
1528414500,0.654,57.0,0.4596,107.5,0.00114,0.4626,0.3251,0.2122
1528414800,0.6346,59.0,0.4549,113.4,0.00136,0.4567,0.3274,0.2159
1528415100,0.5458,51.5,0.4611,102.7,0.00303,0.4176,0.3528,0.2296
1528415400,0.5566,45.2,0.4695,109.6,0.0021,0.4197,0.354,0.2262
1528415700,0.5207,57.6,0.474,103.4,0.00119,0.4022,0.3661,0.2317
1528416000,0.4956,53.0,0.4685,107.6,0.00188,0.3921,0.3706,0.2373
1528416300,0.4943,48.5,0.4674,95.8,0.00223,0.3918,0.3705,0.2378
1528416600,0.5066,50.5,0.4589,104.9,0.00125,0.4003,0.3626,0.2371
1528416900,0.4789,45.0,0.4544,98.9,0.00194,0.3883,0.3684,0.2432
1528417200,0.4818,53.8,0.4558,88.4,0.00269,0.3893,0.3683,0.2424
1528417500,0.6143,63.7,0.4594,105.9,0.00178,0.4472,0.3344,0.2184
1528417800,0.5293,52.5,0.4653,102.0,0.00191,0.4089,0.3594,0.2317
1528418100,0.5214,54.6,0.4623,108.8,0.00146,0.4062,0.3601,0.2337
1528418400,0.5633,55.0,0.46,109.1,0.00118,0.4257,0.3476,0.2267
1528418700,0.5357,48.5,0.4599,96.6,0.00227,0.4135,0.355,0.2316
1528419000,0.5074,49.3,0.4608,99.9,0.00216,0.4001,0.3633,0.2366
1528419300,0.5538,54.2,0.4601,117.5,0.00197,0.4215,0.3502,0.2283
1528419600,0.5269,50.5,0.4598,103.4,0.00123,0.4095,0.3573,0.2332
1528419900,0.5021,49.5,0.4583,98.2,0.00208,0.3984,0.3636,0.238
1528420200,0.4886,48.9,0.4575,101.8,0.00206,0.3921,0.3671,0.2408
1528420500,0.4828,48.6,0.4483,102.9,0.00265,0.3922,0.3641,0.2437
1528420800,0.5085,50.8,0.444,98.1,0.00169,0.406,0.3545,0.2395
1528421100,0.5742,52.0,0.4453,110.4,0.00172,0.4352,0.3375,0.2274
1528421400,0.4914,47.2,0.4468,97.2,0.00353,0.3969,0.3608,0.2423
1528421700,0.4588,43.3,0.4452,100.2,0.00157,0.3811,0.3698,0.2492
1528422000,0.4896,52.2,0.4453,100.0,0.00125,0.3965,0.3606,0.2429
1528422300,0.5036,43.9,0.4424,103.3,0.00111,0.4042,0.3551,0.2408
1528422600,0.4376,49.1,0.4405,89.2,0.00235,0.3714,0.3739,0.2546
1528422900,0.4626,51.5,0.44,91.3,0.00109,0.3847,0.3659,0.2495
1528423200,0.4536,45.8,0.4362,101.0,0.00143,0.3812,0.3666,0.2521
1528423500,0.4561,39.1,0.4309,95.1,0.00157,0.3842,0.363,0.2527
1528423800,0.4606,46.2,0.4284,97.8,0.00206,0.3874,0.3603,0.2523
1528424100,0.4003,42.8,0.4278,88.2,0.0013,0.3548,0.3792,0.2659
1528424400,0.3655,37.6,0.4302,91.9,0.00169,0.3336,0.3926,0.2738
1528424700,0.4624,45.8,0.4298,92.6,0.00115,0.3879,0.3605,0.2516
1528425000,0.4019,47.7,0.4297,89.4,0.00108,0.3552,0.3797,0.2651
1528425300,0.366,42.6,0.4272,91.3,0.00111,0.3348,0.3908,0.2744
1528425600,0.4051,40.6,0.4277,97.5,0.00175,0.3576,0.3776,0.2648
1528425900,0.4155,39.3,0.4232,88.4,0.00157,0.3649,0.3717,0.2635
1528426200,0.3711,40.0,0.4209,98.9,0.00238,0.3398,0.3854,0.2747
1528426500,0.4107,43.1,0.4177,92.9,0.00301,0.364,0.3702,0.2659
1528426800,0.382,43.2,0.417,81.9,0.00259,0.3476,0.3794,0.273
1528427100,0.358,38.5,0.4159,88.0,0.00232,0.3334,0.3873,0.2794
1528427400,0.3412,40.4,0.4078,81.8,0.00242,0.3253,0.3888,0.286
1528427700,0.3056,42.2,0.4092,83.2,0.00219,0.3011,0.4032,0.2956
1528428000,0.2898,37.7,0.4107,78.7,0.00113,0.2897,0.4105,0.2999
1528428300,0.3723,40.9,0.4133,87.7,0.00381,0.3429,0.3807,0.2763
1528428600,0.3421,38.4,0.4188,78.7,0.00159,0.3225,0.3948,0.2828
1528428900,0.3319,37.2,0.4244,89.1,0.00241,0.3142,0.4018,0.284
1528429200,0.3135,40.5,0.4242,74.4,0.00198,0.3021,0.4088,0.2891
1528429500,0.3076,34.7,0.4225,74.1,0.00151,0.2986,0.4102,0.2912
1528429800,0.2898,35.4,0.4212,81.2,0.00143,0.2866,0.4166,0.2967
1528430100,0.3106,36.9,0.4204,90.7,0.00157,0.3013,0.4078,0.291
1528430400,0.2873,33.6,0.4207,76.6,0.00194,0.285,0.4174,0.2976
1528430700,0.2957,31.6,0.4106,83.8,0.00153,0.2938,0.408,0.2981
1528431000,0.2895,36.2,0.4079,85.4,0.00123,0.2903,0.409,0.3008
1528431300,0.2895,35.1,0.4134,83.8,0.00157,0.2887,0.4122,0.2991
1528431600,0.285,36.5,0.4171,76.6,0.00233,0.2844,0.4162,0.2994
1528431900,0.3915,40.8,0.4182,82.6,0.00122,0.3528,0.3769,0.2703
1528432200,0.423,48.3,0.4192,79.1,0.0013,0.3703,0.367,0.2627
1528432500,0.4142,41.4,0.4191,89.8,0.00226,0.3655,0.3698,0.2647
1528432800,0.3781,46.6,0.4178,94.9,0.00165,0.345,0.3812,0.2737
1528433100,0.3706,35.7,0.4176,80.3,0.00148,0.3406,0.3838,0.2757
1528433400,0.3838,43.2,0.4144,92.6,0.0017,0.3495,0.3773,0.2732
1528433700,0.386,43.4,0.4113,82.9,0.00177,0.3518,0.3748,0.2734
1528434000,0.34,36.4,0.4048,84.6,0.00298,0.3254,0.3874,0.2871
1528434300,0.3317,39.5,0.4047,87.4,0.00147,0.3201,0.3905,0.2895
1528434600,0.3414,42.7,0.4043,80.2,0.00166,0.3265,0.3866,0.2869
1528434900,0.326,31.2,0.4066,83.6,0.00189,0.3157,0.3938,0.2905
1528435200,0.3122,38.4,0.4077,78.7,0.00226,0.3061,0.3997,0.2941
1528435500,0.4189,36.8,0.4091,96.1,0.00128,0.3714,0.3627,0.266
1528435800,0.3771,38.5,0.3916,89.1,0.00258,0.3529,0.3664,0.2807
1528436100,0.3603,45.1,0.3888,86.4,0.00151,0.3434,0.3706,0.286
1528436400,0.3798,39.8,0.3846,97.3,0.00209,0.3568,0.3613,0.2818
1528436700,0.3497,36.0,0.3848,88.9,0.00165,0.338,0.372,0.29
1528437000,0.3025,35.6,0.3833,76.1,0.00117,0.3069,0.3888,0.3043
1528437300,0.3417,45.1,0.3826,83.7,0.00312,0.3336,0.3735,0.2929
1528437600,0.2861,29.5,0.3754,78.2,0.00166,0.2976,0.3904,0.312
1528437900,0.2668,30.5,0.3737,77.2,0.00313,0.2837,0.3973,0.319
1528438200,0.2804,39.1,0.373,93.2,0.0036,0.2941,0.3912,0.3147
1528438500,0.2671,39.3,0.3756,78.9,0.00224,0.2833,0.3984,0.3182
1528438800,0.2187,30.0,0.3795,59.7,0.00385,0.2435,0.4225,0.334
1528439100,0.2831,31.1,0.3804,75.1,0.00108,0.2938,0.3948,0.3114
1528439400,0.2329,37.6,0.3819,61.7,0.00199,0.2546,0.4175,0.3279
1528439700,0.2236,35.4,0.3803,70.4,0.00111,0.2474,0.4207,0.3319
1528440000,0.2307,33.2,0.3769,61.1,0.00239,0.2542,0.4153,0.3305
1528440300,0.2532,30.3,0.3712,70.1,0.00183,0.2739,0.4016,0.3245
1528440600,0.2466,32.1,0.3709,65.5,0.0027,0.2688,0.4043,0.327
1528440900,0.3105,36.3,0.3692,83.4,0.00216,0.3169,0.3769,0.3062
1528441200,0.279,35.5,0.3673,77.9,0.0014,0.2948,0.3881,0.317
1528441500,0.2633,37.8,0.3647,78.1,0.00107,0.2837,0.393,0.3233
1528441800,0.2688,36.5,0.3636,76.3,0.00187,0.2883,0.39,0.3218
1528442100,0.2413,28.7,0.3663,65.8,0.00123,0.2659,0.4036,0.3305
1528442400,0.219,34.5,0.3707,75.0,0.00106,0.2462,0.4167,0.3372
1528442700,0.307,37.4,0.3773,92.2,0.00108,0.3119,0.3833,0.3048
1528443000,0.3247,39.8,0.3838,84.9,0.00234,0.322,0.3806,0.2975
1528443300,0.3162,41.5,0.3898,79.1,0.00133,0.3143,0.3875,0.2982
1528443600,0.4575,43.7,0.4009,87.2,0.00193,0.3949,0.3461,0.259
1528443900,0.5681,54.7,0.4119,101.4,0.00187,0.4438,0.3218,0.2344
1528444200,0.6177,56.6,0.4264,114.5,0.00166,0.4596,0.3172,0.2232
1528444500,0.5186,46.6,0.4326,108.3,0.0024,0.4145,0.3457,0.2398
1528444800,0.4221,45.6,0.4362,93.8,0.0012,0.3644,0.3766,0.259
1528445100,0.2631,41.0,0.4327,81.1,0.00233,0.2642,0.4345,0.3013
1528445400,0.2284,25.5,0.4227,77.1,0.00129,0.2401,0.4444,0.3154
1528445700,0.2543,32.7,0.4225,78.5,0.00107,0.2603,0.4325,0.3071
1528446000,0.2408,33.8,0.4183,70.1,0.00104,0.2511,0.4361,0.3128
1528446300,0.321,37.8,0.4184,83.1,0.00203,0.3088,0.4025,0.2886
1528446600,0.2182,29.9,0.3978,66.7,0.00186,0.2382,0.4343,0.3275
1528446900,0.2271,27.0,0.3951,72.8,0.0012,0.2463,0.4284,0.3253
1528447200,0.2358,32.2,0.3903,75.6,0.00127,0.2546,0.4214,0.3239
1528447500,0.2227,28.3,0.3893,82.3,0.00195,0.2442,0.4269,0.3289
1528447800,0.1911,21.8,0.3748,61.3,0.00109,0.2207,0.4328,0.3465
1528448100,0.2303,34.7,0.3671,75.9,0.00235,0.2566,0.4091,0.3343
1528448400,0.2043,32.2,0.3597,79.3,0.00261,0.2365,0.4163,0.3472
1528448700,0.2027,29.3,0.3551,74.8,0.0018,0.2363,0.414,0.3497
1528449000,0.2106,30.4,0.3572,76.1,0.00222,0.2427,0.4116,0.3457
1528449300,0.1905,31.6,0.3595,72.6,0.00199,0.2241,0.4229,0.3529
1528449600,0.1634,27.1,0.3646,74.1,0.00215,0.1973,0.4403,0.3623
1528449900,0.245,34.9,0.3473,68.0,0.00152,0.2746,0.3892,0.3362
1528450200,0.1925,27.6,0.353,60.9,0.00234,0.2277,0.4175,0.3548
1528450500,0.1917,32.4,0.357,69.1,0.00129,0.2259,0.4206,0.3535
1528450800,0.2439,33.0,0.3522,61.4,0.00177,0.2722,0.393,0.3348
1528451100,0.249,33.0,0.3508,82.3,0.00241,0.2767,0.3899,0.3334
1528451400,0.226,27.0,0.3539,79.9,0.00125,0.2568,0.4022,0.3409
1528451700,0.2645,34.4,0.3533,73.8,0.00165,0.2882,0.3849,0.3269
1528452000,0.2521,30.2,0.3548,73.0,0.00132,0.278,0.3912,0.3308
1528452300,0.2462,30.3,0.3564,74.2,0.00207,0.2728,0.3949,0.3324
1528452600,0.2611,30.8,0.3556,76.4,0.00117,0.2848,0.3879,0.3273
1528452900,0.2454,29.0,0.357,75.3,0.00101,0.2719,0.3956,0.3324
1528453200,0.2254,37.2,0.3574,75.9,0.00103,0.2553,0.4048,0.3398
1528453500,0.3764,45.3,0.3573,86.6,0.00109,0.3641,0.3457,0.2902
1528453800,0.325,43.5,0.3633,88.2,0.00183,0.3288,0.3676,0.3036
1528454100,0.296,32.1,0.3703,82.3,0.00173,0.3063,0.3832,0.3105
1528454400,0.328,38.2,0.3707,79.2,0.00175,0.3284,0.3712,0.3004
1528454700,0.3283,34.1,0.3665,90.8,0.00262,0.33,0.3684,0.3016
1528455000,0.3066,34.4,0.3635,72.5,0.00134,0.316,0.3747,0.3092
1528455300,0.3274,35.2,0.3636,82.2,0.00189,0.3304,0.3669,0.3027
1528455600,0.2988,39.6,0.3639,85.7,0.0018,0.3104,0.378,0.3116
1528455900,0.2932,34.3,0.3664,75.0,0.00126,0.3055,0.3818,0.3126
1528456200,0.3094,39.9,0.3715,82.8,0.00181,0.3154,0.3787,0.3058
1528456500,0.3068,38.3,0.374,83.9,0.00174,0.3128,0.3813,0.3059
1528456800,0.2964,42.7,0.374,74.5,0.00164,0.3054,0.3854,0.3092
1528457100,0.4109,39.3,0.3738,90.7,0.00122,0.3788,0.3446,0.2766
1528457400,0.3943,46.4,0.3822,88.5,0.00274,0.3663,0.355,0.2787
1528457700,0.351,43.0,0.3859,81.8,0.00103,0.3385,0.3722,0.2893
1528458000,0.3808,38.7,0.3881,101.9,0.00126,0.3563,0.3631,0.2807
1528458300,0.3927,45.5,0.3819,84.7,0.0014,0.3654,0.3554,0.2792
1528458600,0.3574,41.0,0.3842,91.8,0.00256,0.3431,0.3689,0.288
1528458900,0.4183,43.6,0.3869,89.5,0.00166,0.3785,0.3501,0.2714
1528459200,0.4217,42.0,0.3858,85.7,0.00111,0.3808,0.3484,0.2709
1528459500,0.4249,42.6,0.3888,93.1,0.00151,0.3815,0.3491,0.2694
1528459800,0.4226,50.7,0.3893,96.2,0.00284,0.3801,0.3501,0.2698
1528460100,0.4128,43.9,0.3882,96.8,0.00139,0.3749,0.3526,0.2725
1528460400,0.4137,46.3,0.3903,100.7,0.00334,0.3747,0.3535,0.2717
1528460700,0.5224,49.2,0.3921,119.9,0.00148,0.4301,0.3228,0.247
1528461000,0.4665,45.3,0.3948,98.2,0.00117,0.4017,0.34,0.2583
1528461300,0.4838,52.1,0.3981,94.4,0.00173,0.4093,0.3368,0.2538
1528461600,0.5065,46.4,0.3993,103.4,0.0014,0.4201,0.3311,0.2488
1528461900,0.5326,51.0,0.4089,101.7,0.00179,0.429,0.3294,0.2416
1528462200,0.5346,52.5,0.4134,109.0,0.00195,0.4284,0.3312,0.2404
1528462500,0.573,55.4,0.4164,99.5,0.0013,0.4444,0.3229,0.2327
1528462800,0.4907,48.8,0.4185,113.3,0.00248,0.4058,0.3461,0.2481
1528463100,0.4874,50.3,0.4144,103.9,0.00172,0.4056,0.3448,0.2496
1528463400,0.5066,52.5,0.413,90.6,0.00107,0.4154,0.3386,0.246
1528463700,0.4829,51.0,0.4119,94.0,0.00362,0.4042,0.3447,0.2511
1528464000,0.4801,45.6,0.3988,102.9,0.00248,0.4072,0.3383,0.2545
1528464300,0.6323,58.4,0.3977,120.3,0.00116,0.4754,0.299,0.2256
1528464600,0.5372,56.2,0.3972,96.1,0.00223,0.4352,0.3218,0.243
1528464900,0.5149,53.7,0.4047,105.8,0.00236,0.4222,0.3318,0.246
1528465200,0.5297,48.0,0.4124,91.3,0.00107,0.4265,0.332,0.2415
1528465500,0.5198,52.4,0.4088,101.4,0.00138,0.4231,0.3327,0.2442
1528465800,0.5395,46.8,0.4163,110.6,0.00195,0.4296,0.3315,0.2389
1528466100,0.6315,59.3,0.4204,109.8,0.00222,0.4671,0.311,0.2219
1528466400,0.6274,64.6,0.423,103.7,0.00143,0.4646,0.3132,0.2222
1528466700,0.6184,55.4,0.4249,112.7,0.00165,0.4604,0.3163,0.2233
1528467000,0.6291,56.5,0.4249,109.3,0.00122,0.4646,0.3138,0.2216
1528467300,0.5326,54.6,0.4277,107.0,0.00107,0.4226,0.3394,0.238
1528467600,0.4706,43.3,0.431,91.7,0.00125,0.3916,0.3587,0.2497
1528467900,0.5863,54.1,0.4428,104.0,0.00148,0.4411,0.3332,0.2257
1528468200,0.5127,52.7,0.4514,89.1,0.00104,0.4056,0.3571,0.2373
1528468500,0.4909,47.5,0.4524,100.1,0.00113,0.3948,0.3639,0.2413
1528468800,0.5051,49.6,0.4507,99.5,0.00136,0.4022,0.3589,0.2389
1528469100,0.4936,51.8,0.4499,92.2,0.00108,0.3969,0.3618,0.2413
1528469400,0.4686,49.1,0.4319,98.0,0.00122,0.3903,0.3598,0.2499
1528469700,0.5031,51.0,0.4287,106.5,0.00199,0.4084,0.348,0.2435
1528470000,0.4965,48.7,0.4307,98.4,0.00135,0.4046,0.351,0.2445
1528470300,0.4933,50.6,0.4312,100.9,0.00206,0.4029,0.3521,0.245
1528470600,0.5345,52.0,0.435,105.1,0.00104,0.421,0.3427,0.2363
1528470900,0.5159,52.5,0.4369,94.4,0.00159,0.4118,0.3487,0.2395
1528471200,0.4932,48.0,0.4397,111.7,0.00177,0.4,0.3566,0.2433
1528471500,0.5892,55.7,0.4444,106.1,0.00167,0.4418,0.3332,0.225
1528471800,0.5321,49.3,0.4504,107.1,0.00192,0.4149,0.3512,0.2339
1528472100,0.4893,49.1,0.4503,103.5,0.001,0.3947,0.3633,0.242
1528472400,0.5549,51.4,0.4525,104.7,0.00164,0.4244,0.3461,0.2295
1528472700,0.5233,48.3,0.4476,106.0,0.00118,0.4118,0.3522,0.2361
1528473000,0.456,47.7,0.4497,97.1,0.00173,0.3782,0.373,0.2488
1528473300,0.5425,53.6,0.4498,95.7,0.00209,0.4198,0.3481,0.2321
1528473600,0.5289,54.4,0.4543,100.9,0.00185,0.4122,0.354,0.2338
1528473900,0.5963,55.4,0.4584,106.0,0.0019,0.4402,0.3384,0.2215
1528474200,0.5614,55.5,0.4599,103.4,0.00121,0.4249,0.3481,0.227
1528474500,0.566,56.3,0.4609,98.8,0.00177,0.4266,0.3474,0.2261
1528474800,0.5456,54.5,0.458,111.3,0.00397,0.4185,0.3513,0.2301
1528475100,0.6716,59.5,0.4512,126.8,0.00233,0.472,0.3171,0.2109
1528475400,0.6963,64.2,0.4498,125.5,0.00116,0.4815,0.311,0.2075
1528475700,0.6558,62.0,0.4506,123.2,0.00114,0.4663,0.3204,0.2133
1528476000,0.6353,59.5,0.4571,111.5,0.00132,0.4563,0.3283,0.2155
1528476300,0.6008,50.8,0.4596,106.3,0.0024,0.4416,0.3378,0.2205
1528476600,0.5817,56.2,0.4607,103.5,0.00206,0.4333,0.3432,0.2235
1528476900,0.6453,66.8,0.4599,118.4,0.00247,0.4592,0.3273,0.2135
1528477200,0.6374,58.5,0.4624,115.1,0.0014,0.4554,0.3303,0.2143
1528477500,0.6383,57.5,0.4636,113.4,0.00162,0.4553,0.3307,0.214
1528477800,0.6382,60.8,0.4636,121.6,0.00133,0.4553,0.3307,0.214
1528478100,0.6239,59.6,0.4637,114.8,0.00231,0.4496,0.3342,0.2162
1528478400,0.6061,61.0,0.4631,105.6,0.00193,0.4427,0.3382,0.2191
1528478700,0.7042,60.5,0.4687,116.3,0.00131,0.4781,0.3182,0.2037
1528479000,0.651,62.8,0.4716,119.2,0.00236,0.4576,0.3315,0.2109
1528479300,0.5911,58.1,0.4731,115.4,0.00119,0.4333,0.3468,0.2199
1528479600,0.5311,51.8,0.4723,106.4,0.00142,0.4075,0.3624,0.2302
1528479900,0.5556,54.9,0.4725,116.9,0.00239,0.4183,0.3558,0.2259
1528480200,0.5569,57.1,0.4665,115.5,0.00291,0.4208,0.3525,0.2267
1528480500,0.6198,61.0,0.4667,114.6,0.00101,0.447,0.3366,0.2164
1528480800,0.5602,50.8,0.4711,101.0,0.00175,0.4208,0.3539,0.2253
1528481100,0.5558,56.4,0.4708,97.7,0.00181,0.419,0.3549,0.2261
1528481400,0.5285,51.8,0.4683,100.5,0.00125,0.4075,0.3611,0.2313
1528481700,0.5407,53.1,0.4648,108.6,0.0016,0.4142,0.356,0.2298
1528482000,0.5629,54.6,0.4653,117.2,0.00126,0.4238,0.3503,0.2259
1528482300,0.632,58.8,0.4663,115.7,0.00256,0.452,0.3335,0.2145
1528482600,0.6211,62.1,0.47,119.1,0.0017,0.4465,0.3379,0.2157
1528482900,0.5834,55.6,0.4644,106.9,0.00148,0.4329,0.3446,0.2226
1528483200,0.5932,53.2,0.4661,113.1,0.00149,0.4364,0.3429,0.2207
1528483500,0.6239,57.5,0.4672,117.3,0.00128,0.4485,0.3358,0.2157
1528483800,0.5839,56.4,0.4677,96.5,0.00141,0.432,0.346,0.222
1528484100,0.5642,58.2,0.4663,103.9,0.00174,0.4241,0.3505,0.2255
1528484400,0.5186,53.1,0.4643,107.6,0.00192,0.4042,0.3619,0.2338
1528484700,0.5228,49.0,0.457,103.9,0.00156,0.4085,0.3571,0.2344
1528485000,0.523,59.1,0.447,95.1,0.00111,0.4118,0.352,0.2362
1528485300,0.512,51.6,0.4447,86.6,0.00114,0.4074,0.3539,0.2387
1528485600,0.4969,53.6,0.4461,97.5,0.0019,0.3998,0.3589,0.2414
1528485900,0.6387,59.3,0.45,113.4,0.00193,0.4599,0.324,0.216
1528486200,0.5877,57.7,0.4547,103.5,0.00369,0.4378,0.3387,0.2235
1528486500,0.529,54.5,0.4504,103.8,0.00127,0.4135,0.352,0.2345
1528486800,0.513,54.6,0.4449,104.3,0.00122,0.4078,0.3537,0.2385
1528487100,0.4939,52.7,0.4462,103.4,0.00167,0.3983,0.3598,0.2419
1528487400,0.4775,51.0,0.4482,83.6,0.00107,0.3896,0.3657,0.2448
1528487700,0.5698,53.9,0.4445,99.1,0.00172,0.4335,0.3382,0.2283
1528488000,0.5738,53.5,0.4445,105.6,0.00208,0.4353,0.3372,0.2276
1528488300,0.5578,55.0,0.4448,109.2,0.00126,0.4282,0.3415,0.2303
1528488600,0.4987,52.7,0.4388,102.8,0.0019,0.403,0.3546,0.2424
1528488900,0.451,45.9,0.4379,97.9,0.00247,0.3793,0.3683,0.2523
1528489200,0.4551,50.1,0.4388,93.2,0.00351,0.3812,0.3675,0.2513
1528489500,0.5205,55.8,0.4379,100.1,0.00219,0.4136,0.348,0.2384
1528489800,0.4893,46.5,0.4382,94.6,0.001,0.3986,0.357,0.2444
1528490100,0.4753,45.8,0.4332,102.1,0.00183,0.3933,0.3585,0.2482
1528490400,0.5269,51.5,0.4322,97.2,0.00118,0.4185,0.3433,0.2383
1528490700,0.5253,52.7,0.433,107.6,0.00108,0.4175,0.3441,0.2384
1528491000,0.4844,47.3,0.4332,99.7,0.00144,0.3978,0.3558,0.2464
1528491300,0.5284,56.0,0.4379,102.6,0.0025,0.4173,0.3458,0.2369
1528491600,0.5078,51.8,0.4378,96.8,0.00148,0.4077,0.3515,0.2408
1528491900,0.5108,50.9,0.4356,92.9,0.00156,0.4098,0.3495,0.2407
1528492200,0.4478,42.0,0.4385,90.9,0.00229,0.3775,0.3696,0.2529
1528492500,0.4331,41.4,0.4399,91.3,0.00141,0.3692,0.375,0.2558
1528492800,0.4268,45.7,0.441,78.5,0.00138,0.3655,0.3776,0.2569
1528493100,0.5136,44.6,0.4396,100.2,0.00169,0.4098,0.3508,0.2394
1528493400,0.4702,51.0,0.4434,102.6,0.00175,0.3874,0.3654,0.2472
1528493700,0.5,49.5,0.4417,103.4,0.00144,0.4027,0.3557,0.2416
1528494000,0.5712,64.7,0.4464,104.1,0.00246,0.4335,0.3388,0.2277
1528494300,0.5586,61.0,0.4402,106.1,0.00216,0.4301,0.3389,0.231
1528494600,0.4623,46.8,0.4364,92.9,0.00121,0.3857,0.3641,0.2503
1528494900,0.4947,49.3,0.432,100.4,0.00324,0.4033,0.3522,0.2446
1528495200,0.4687,50.8,0.4255,106.1,0.00351,0.3925,0.3563,0.2512
1528495500,0.4546,51.9,0.4263,101.3,0.00102,0.385,0.361,0.254
1528495800,0.4667,42.8,0.4253,99.8,0.00131,0.3915,0.3568,0.2517
1528496100,0.476,43.0,0.4261,94.6,0.00152,0.396,0.3545,0.2496
1528496400,0.4282,43.1,0.428,97.3,0.00138,0.3704,0.3702,0.2595
1528496700,0.5621,56.1,0.4284,96.1,0.00139,0.4356,0.332,0.2325
1528497000,0.4819,50.2,0.4319,96.7,0.00195,0.397,0.3558,0.2472
1528497300,0.4833,52.0,0.4356,101.8,0.00193,0.3965,0.3574,0.2461
1528497600,0.4989,46.3,0.4376,104.3,0.00131,0.4035,0.3539,0.2426
1528497900,0.4983,42.9,0.4373,103.8,0.00303,0.4033,0.3539,0.2428
1528498200,0.4372,48.2,0.4316,95.5,0.00122,0.3741,0.3693,0.2567
1528498500,0.5058,47.9,0.4322,99.4,0.00117,0.4086,0.3491,0.2423
1528498800,0.4386,39.6,0.4339,97.1,0.00194,0.3741,0.3701,0.2559
1528499100,0.4853,49.4,0.4361,92.8,0.00151,0.3973,0.357,0.2456
1528499400,0.4915,51.8,0.4358,94.1,0.00203,0.4005,0.3551,0.2444
1528499700,0.4516,46.2,0.4386,95.5,0.00187,0.3794,0.3685,0.2521
1528500000,0.4167,42.8,0.4431,92.7,0.00126,0.3593,0.382,0.2587
1528500300,0.4808,48.2,0.4404,87.1,0.00136,0.3937,0.3606,0.2457
1528500600,0.421,43.4,0.4419,94.8,0.00267,0.362,0.38,0.258
1528500900,0.3745,37.2,0.4385,92.1,0.00207,0.3365,0.394,0.2695
1528501200,0.4148,41.9,0.4356,91.0,0.00178,0.3606,0.3787,0.2608
1528501500,0.3621,41.9,0.4301,100.5,0.00355,0.3315,0.3938,0.2747
1528501800,0.3581,41.0,0.4232,81.7,0.0013,0.3312,0.3914,0.2774
1528502100,0.416,44.6,0.4223,89.4,0.0018,0.3655,0.371,0.2636
1528502400,0.3621,37.4,0.4251,83.8,0.00209,0.3331,0.391,0.2759
1528502700,0.3616,39.8,0.4283,85.7,0.00101,0.3318,0.393,0.2753
1528503000,0.3659,34.1,0.4284,84.6,0.00126,0.3344,0.3915,0.2741
1528503300,0.3452,39.7,0.427,76.1,0.0011,0.322,0.3982,0.2798
1528503600,0.3319,42.5,0.4248,79.9,0.00154,0.3141,0.402,0.2839
1528503900,0.4415,41.5,0.4222,93.6,0.00229,0.3794,0.3628,0.2578
1528504200,0.37,39.1,0.4231,94.4,0.00115,0.3385,0.3871,0.2744
1528504500,0.3558,40.9,0.4212,98.8,0.00188,0.3304,0.3911,0.2786
1528504800,0.4072,47.3,0.4205,98.7,0.00192,0.3611,0.3729,0.266
1528505100,0.389,40.9,0.421,84.2,0.00226,0.3505,0.3793,0.2703
1528505400,0.3755,39.2,0.4219,83.4,0.00228,0.3422,0.3845,0.2734
1528505700,0.4444,40.2,0.4208,93.5,0.00199,0.3814,0.3611,0.2575
1528506000,0.4265,45.2,0.4195,103.4,0.00239,0.3722,0.3661,0.2618
1528506300,0.4065,49.6,0.4199,89.7,0.00116,0.3609,0.3728,0.2663
1528506600,0.3937,43.4,0.4202,81.4,0.0015,0.3534,0.3772,0.2693
1528506900,0.3645,40.4,0.4199,83.4,0.00108,0.3361,0.3872,0.2767
1528507200,0.394,43.5,0.425,93.9,0.00108,0.3521,0.3798,0.2681
1528507500,0.4822,48.7,0.426,102.4,0.00165,0.3991,0.3526,0.2483
1528507800,0.4137,41.5,0.4216,90.2,0.00155,0.3644,0.3714,0.2642
1528508100,0.3879,44.6,0.4164,92.9,0.00137,0.3513,0.3771,0.2717
1528508400,0.4059,44.1,0.4132,77.0,0.00217,0.3627,0.3692,0.2681
1528508700,0.4624,47.4,0.4102,96.9,0.00168,0.3943,0.3498,0.2558
1528509000,0.4069,40.6,0.4108,95.9,0.00105,0.3641,0.3675,0.2684
1528509300,0.3932,46.4,0.4127,84.3,0.00131,0.3555,0.3732,0.2713
1528509600,0.3661,42.6,0.412,81.6,0.00211,0.3396,0.3822,0.2783
1528509900,0.365,38.9,0.4083,75.3,0.00216,0.3401,0.3804,0.2795
1528510200,0.3466,42.3,0.4067,94.2,0.00294,0.3291,0.3861,0.2848
1528510500,0.3339,36.9,0.4072,79.1,0.00163,0.3207,0.3911,0.2882
1528510800,0.3058,34.1,0.4047,82.0,0.00161,0.3026,0.4005,0.2969
1528511100,0.4052,41.1,0.4021,94.1,0.00116,0.3659,0.3631,0.2709
1528511400,0.3615,35.0,0.4002,95.2,0.00378,0.3405,0.3769,0.2826
1528511700,0.3109,38.2,0.3916,80.2,0.00279,0.3101,0.3906,0.2993
1528512000,0.3197,31.9,0.3901,78.7,0.00168,0.3166,0.3863,0.2971
1528512300,0.2934,31.9,0.3864,80.4,0.00177,0.2994,0.3944,0.3062
1528512600,0.2742,28.0,0.3824,85.1,0.00103,0.2866,0.3997,0.3136
1528512900,0.3904,42.1,0.3831,88.0,0.00215,0.3637,0.3569,0.2795
1528513200,0.3266,37.4,0.3802,76.9,0.00283,0.3244,0.3776,0.298
1528513500,0.2733,33.2,0.3768,68.1,0.00191,0.2877,0.3966,0.3158
1528513800,0.2846,31.8,0.3788,71.1,0.00152,0.2954,0.3932,0.3114
1528514100,0.2935,32.0,0.3835,84.5,0.00173,0.3004,0.3925,0.3071
1528514400,0.2718,35.4,0.3876,75.3,0.00108,0.2833,0.404,0.3127
1528514700,0.3577,38.4,0.3887,82.1,0.00237,0.3418,0.3715,0.2867
1528515000,0.3477,40.3,0.3914,80.5,0.00279,0.3346,0.3767,0.2887
1528515300,0.3599,37.5,0.3915,86.5,0.0014,0.3423,0.3724,0.2853
1528515600,0.3618,40.9,0.3883,84.7,0.00138,0.3445,0.3698,0.2857
1528515900,0.335,42.4,0.3896,81.9,0.00108,0.327,0.3802,0.2928
1528516200,0.278,36.2,0.3877,85.9,0.00198,0.2879,0.4015,0.3107
1528516500,0.3123,35.6,0.3863,90.5,0.00342,0.3127,0.3868,0.3004
1528516800,0.3096,37.4,0.3854,71.3,0.00236,0.3112,0.3873,0.3015
1528517100,0.3591,39.4,0.3896,87.9,0.00119,0.3424,0.3715,0.2861
1528517400,0.3242,37.7,0.3957,77.8,0.00258,0.3179,0.388,0.2941
1528517700,0.2881,34.2,0.395,77.3,0.00221,0.2931,0.4018,0.3052
1528518000,0.2595,32.7,0.3952,77.8,0.00108,0.2718,0.414,0.3142
1528518300,0.3395,39.4,0.3981,82.7,0.00133,0.3272,0.3837,0.2891
1528518600,0.2944,32.6,0.4036,80.8,0.00251,0.295,0.4044,0.3006
1528518900,0.3753,38.2,0.4004,91.6,0.00195,0.3489,0.3722,0.2789
1528519200,0.3401,34.6,0.3983,85.8,0.00267,0.3275,0.3836,0.2889
1528519500,0.3662,35.8,0.3986,82.7,0.00123,0.3439,0.3743,0.2817
1528519800,0.3876,38.5,0.3975,85.0,0.00252,0.3572,0.3663,0.2765
1528520100,0.4304,45.6,0.3993,84.4,0.00101,0.381,0.3535,0.2656
1528520400,0.3706,38.3,0.4015,81.9,0.00134,0.3457,0.3745,0.2798
1528520700,0.3497,41.0,0.3977,96.7,0.00103,0.3339,0.3797,0.2864
1528521000,0.3318,38.3,0.3977,78.4,0.00153,0.3223,0.3863,0.2914
1528521300,0.2739,28.3,0.4,70.2,0.00127,0.2812,0.4107,0.308
1528521600,0.2799,36.6,0.3992,79.9,0.00238,0.2859,0.4077,0.3064
1528521900,0.3834,44.3,0.401,87.7,0.00331,0.3536,0.3698,0.2767
1528522200,0.3281,35.0,0.4039,81.6,0.00224,0.3179,0.3914,0.2907
1528522500,0.3245,39.0,0.4048,90.9,0.00173,0.3153,0.3933,0.2915
1528522800,0.3303,35.6,0.4036,86.3,0.00208,0.3195,0.3904,0.2902
1528523100,0.2932,35.8,0.3996,76.1,0.00251,0.2953,0.4025,0.3022
1528523400,0.2627,29.6,0.3976,73.7,0.00226,0.2736,0.414,0.3124
1528523700,0.3094,31.3,0.3956,77.9,0.00159,0.3079,0.3936,0.2985
1528524000,0.247,31.1,0.3918,79.9,0.00164,0.2631,0.4173,0.3196
1528524300,0.2354,31.1,0.3932,71.7,0.00234,0.2535,0.4234,0.3231
1528524600,0.2767,33.2,0.3912,66.9,0.00259,0.2859,0.4042,0.3099
1528524900,0.2674,30.2,0.3854,76.5,0.00314,0.2806,0.4045,0.3149
1528525200,0.215,28.9,0.3876,62.3,0.00168,0.2382,0.4294,0.3324
1528525500,0.2948,36.4,0.3929,92.6,0.00126,0.2985,0.3978,0.3037
1528525800,0.2478,32.2,0.3967,69.0,0.00143,0.2624,0.42,0.3176
1528526100,0.24,32.3,0.3987,73.0,0.00207,0.2557,0.4247,0.3196
1528526400,0.2495,30.5,0.3908,76.5,0.00293,0.2653,0.4156,0.319
1528526700,0.243,35.5,0.3705,72.6,0.00179,0.266,0.4056,0.3284
1528527000,0.2353,27.9,0.3649,71.8,0.00222,0.2614,0.4054,0.3333
1528527300,0.2627,34.9,0.3639,78.8,0.00222,0.2835,0.3927,0.3238
1528527600,0.2343,34.9,0.3615,82.6,0.00118,0.2616,0.4035,0.3349
1528527900,0.2428,33.4,0.3602,78.9,0.00152,0.2689,0.3989,0.3322
1528528200,0.2731,33.5,0.3609,86.2,0.00127,0.2924,0.3864,0.3212
1528528500,0.2746,32.6,0.3586,71.2,0.00216,0.2943,0.3843,0.3215
1528528800,0.2416,35.0,0.3593,76.1,0.00208,0.2682,0.3988,0.333
1528529100,0.3385,34.4,0.3645,84.8,0.00112,0.3375,0.3634,0.2991
1528529400,0.282,31.8,0.3687,80.3,0.00195,0.2966,0.3878,0.3156
1528529700,0.2672,32.5,0.3721,85.0,0.00286,0.2845,0.3961,0.3194
1528530000,0.2846,38.6,0.3681,77.1,0.00161,0.2987,0.3864,0.3149
1528530300,0.2992,37.1,0.3676,77.5,0.00345,0.3095,0.3802,0.3103
1528530600,0.2467,29.4,0.3695,77.9,0.00202,0.2693,0.4033,0.3274
1528530900,0.2946,34.7,0.3679,68.8,0.00117,0.3061,0.3822,0.3117
1528531200,0.2785,32.7,0.368,76.4,0.00211,0.2942,0.3888,0.317
1528531500,0.2834,32.7,0.3679,77.5,0.00227,0.2979,0.3867,0.3154
1528531800,0.2805,37.6,0.3691,72.5,0.00148,0.2954,0.3887,0.3159
1528532100,0.2571,28.9,0.3665,82.1,0.00186,0.2784,0.3968,0.3248
1528532400,0.2235,35.5,0.3678,66.0,0.00198,0.2508,0.4127,0.3366
1528532700,0.2948,38.1,0.3735,78.7,0.00233,0.3045,0.3857,0.3098
1528533000,0.2338,34.6,0.3727,75.1,0.00116,0.2579,0.4111,0.3309
1528533300,0.23,29.7,0.3775,81.1,0.00184,0.2534,0.416,0.3306
1528533600,0.2273,30.5,0.3756,72.7,0.00144,0.2517,0.416,0.3323
1528533900,0.2349,27.1,0.3778,79.1,0.00163,0.2574,0.4139,0.3287
1528534200,0.2224,29.0,0.3818,76.4,0.00198,0.246,0.4223,0.3318
1528534500,0.2586,34.6,0.3849,76.6,0.0011,0.2741,0.4079,0.318
1528534800,0.2259,34.7,0.3853,66.1,0.00157,0.2479,0.4228,0.3292
1528535100,0.2128,26.6,0.3765,62.7,0.00149,0.2393,0.4234,0.3373
1528535400,0.2269,29.8,0.362,73.3,0.00101,0.2553,0.4072,0.3375
1528535700,0.1929,28.0,0.3575,66.0,0.00106,0.2268,0.4204,0.3528
1528536000,0.1797,23.4,0.3587,73.5,0.00108,0.2143,0.4278,0.3578
1528536300,0.2649,35.3,0.3622,81.0,0.0023,0.2857,0.3907,0.3236
1528536600,0.2389,29.6,0.3684,72.8,0.00116,0.2633,0.406,0.3307
1528536900,0.2435,31.5,0.3714,67.4,0.00158,0.2661,0.4059,0.3279
1528537200,0.2604,31.9,0.3724,79.1,0.00235,0.2792,0.3992,0.3216
1528537500,0.2756,31.9,0.3701,71.5,0.00137,0.2914,0.3914,0.3172
1528537800,0.2508,32.5,0.3701,70.5,0.00161,0.2723,0.4019,0.3258
1528538100,0.2853,34.3,0.3687,72.7,0.00123,0.2991,0.3865,0.3145
1528538400,0.2637,32.3,0.3688,75.5,0.00185,0.2828,0.3955,0.3217
1528538700,0.2724,31.9,0.3672,84.3,0.00195,0.2899,0.3908,0.3193
1528539000,0.2843,35.9,0.3653,78.4,0.00109,0.2994,0.3847,0.3159
1528539300,0.2913,40.4,0.3645,76.5,0.00281,0.3048,0.3814,0.3139
1528539600,0.2425,32.4,0.3681,65.1,0.00253,0.2663,0.4042,0.3295
1528539900,0.3463,42.2,0.3707,87.9,0.00236,0.3405,0.3645,0.295
1528540200,0.2949,31.5,0.3749,74.8,0.00151,0.3041,0.3866,0.3093
1528540500,0.3195,37.8,0.377,82.7,0.00234,0.3206,0.3783,0.3011
1528540800,0.2841,31.6,0.3777,76.3,0.00123,0.2954,0.3927,0.3119
1528541100,0.2597,28.7,0.371,81.0,0.0022,0.279,0.3986,0.3223
1528541400,0.2656,31.4,0.3699,75.6,0.00171,0.2839,0.3954,0.3207
1528541700,0.3269,41.5,0.3735,82.3,0.00169,0.3268,0.3734,0.2999
1528542000,0.3136,39.8,0.378,84.3,0.00163,0.3163,0.3812,0.3025
1528542300,0.3224,38.3,0.3777,94.9,0.00152,0.3224,0.3777,0.3
1528542600,0.3393,34.2,0.379,89.3,0.00144,0.3332,0.3722,0.2946
1528542900,0.3169,36.6,0.3873,81.2,0.00121,0.3156,0.3857,0.2987
1528543200,0.3246,38.6,0.3903,82.5,0.00289,0.3198,0.3846,0.2956
1528543500,0.4397,46.3,0.3928,90.8,0.00118,0.3883,0.3468,0.2649
1528543800,0.3921,36.9,0.402,83.5,0.00278,0.3584,0.3674,0.2742
1528544100,0.384,39.2,0.413,85.1,0.0019,0.35,0.3765,0.2735
1528544400,0.4135,43.8,0.4141,86.7,0.00158,0.3667,0.3672,0.2661
1528544700,0.4369,47.2,0.4134,97.6,0.00218,0.3798,0.3594,0.2608
1528545000,0.357,33.4,0.4114,79.3,0.00161,0.3341,0.3851,0.2808
1528545300,0.4384,45.2,0.4125,101.8,0.0022,0.3809,0.3584,0.2607
1528545600,0.4296,45.5,0.4141,97.5,0.00218,0.3756,0.3621,0.2623
1528545900,0.4331,47.9,0.4166,93.4,0.00225,0.3767,0.3624,0.2609
1528546200,0.5061,52.5,0.4165,100.6,0.0015,0.414,0.3407,0.2454
1528546500,0.4866,50.8,0.4168,95.3,0.00243,0.4044,0.3464,0.2493
1528546800,0.4301,42.7,0.4226,94.6,0.00151,0.3731,0.3666,0.2603
1528547100,0.5348,46.7,0.4287,110.0,0.00148,0.4233,0.3393,0.2374
1528547400,0.496,48.5,0.4328,95.4,0.00147,0.4036,0.3522,0.2441
1528547700,0.4788,51.5,0.4324,88.7,0.00122,0.3953,0.357,0.2477
1528548000,0.5009,54.2,0.4324,104.3,0.00224,0.4061,0.3506,0.2432
1528548300,0.5198,53.5,0.4335,103.9,0.00133,0.4147,0.3459,0.2394
1528548600,0.4824,50.1,0.4363,91.5,0.00225,0.3958,0.358,0.2462
1528548900,0.5749,56.4,0.4382,103.1,0.00146,0.4378,0.3337,0.2285
1528549200,0.5102,49.0,0.4406,95.9,0.00221,0.4079,0.3523,0.2398
1528549500,0.466,47.2,0.4387,92.3,0.00132,0.3868,0.3642,0.249
1528549800,0.4679,52.8,0.4358,94.8,0.00112,0.3887,0.3621,0.2492
1528550100,0.4605,44.4,0.4333,94.5,0.00155,0.3857,0.363,0.2513
1528550400,0.4706,52.8,0.4316,93.2,0.00219,0.3914,0.359,0.2495
1528550700,0.6212,57.5,0.4343,107.6,0.00266,0.4583,0.3204,0.2213
1528551000,0.5272,55.9,0.439,101.3,0.00226,0.4164,0.3467,0.2369
1528551300,0.5593,49.9,0.441,106.9,0.00244,0.4301,0.3392,0.2307
1528551600,0.5677,56.5,0.4382,104.9,0.00136,0.4347,0.3356,0.2297
1528551900,0.5768,53.2,0.4391,114.6,0.0015,0.4383,0.3337,0.228
1528552200,0.508,46.3,0.4457,103.8,0.00116,0.4052,0.3555,0.2393
1528552500,0.549,54.1,0.4526,95.4,0.00104,0.4218,0.3477,0.2305
1528552800,0.5161,54.2,0.4547,104.8,0.00243,0.4061,0.3578,0.2361
1528553100,0.5087,48.1,0.4525,104.5,0.00217,0.4033,0.3588,0.2379
1528553400,0.5187,46.8,0.4492,99.3,0.00154,0.4091,0.3543,0.2366
1528553700,0.5061,50.2,0.4427,91.6,0.00243,0.4053,0.3545,0.2402
1528554000,0.489,49.0,0.4426,98.9,0.00269,0.397,0.3594,0.2436
1528554300,0.6009,58.7,0.444,110.0,0.00124,0.4468,0.3301,0.2231
1528554600,0.5868,58.9,0.4469,102.0,0.00188,0.44,0.3351,0.2249
1528554900,0.5228,51.4,0.4444,93.6,0.00108,0.4126,0.3507,0.2367
1528555200,0.5508,59.1,0.4451,104.6,0.00291,0.425,0.3435,0.2315
1528555500,0.5297,52.8,0.4474,101.6,0.00208,0.4148,0.3503,0.2349
1528555800,0.4956,48.7,0.4486,97.1,0.00221,0.3983,0.3606,0.2411
1528556100,0.5447,48.3,0.4487,104.0,0.00166,0.4211,0.3469,0.2319
1528556400,0.5291,51.2,0.4474,96.3,0.0017,0.4145,0.3505,0.235
1528556700,0.5434,52.0,0.4414,101.7,0.00153,0.4229,0.3436,0.2335
1528557000,0.5553,56.8,0.4363,108.7,0.00142,0.4299,0.3378,0.2323
1528557300,0.5188,52.7,0.4314,99.8,0.00255,0.415,0.3451,0.24
1528557600,0.5493,49.9,0.4328,94.9,0.00189,0.4284,0.3376,0.234
1528557900,0.7383,67.2,0.4337,121.3,0.00276,0.5016,0.2946,0.2038
1528558200,0.6197,60.4,0.4386,105.5,0.00207,0.4562,0.3229,0.2209
1528558500,0.5415,57.5,0.4442,105.8,0.00262,0.4212,0.3455,0.2333
1528558800,0.5566,56.6,0.4425,107.6,0.00121,0.4285,0.3406,0.2309
1528559100,0.5243,54.0,0.4495,92.5,0.00119,0.4116,0.3529,0.2355
1528559400,0.5079,50.7,0.4497,105.3,0.00292,0.4039,0.3576,0.2385
1528559700,0.5531,54.9,0.4509,98.6,0.00191,0.4242,0.3458,0.2301
1528560000,0.5398,56.5,0.4505,113.3,0.00244,0.4184,0.3491,0.2325
1528560300,0.5364,48.5,0.4453,103.3,0.00129,0.4185,0.3474,0.2341
1528560600,0.5439,52.0,0.4452,96.9,0.00198,0.4219,0.3454,0.2327
1528560900,0.5403,50.5,0.441,97.2,0.00113,0.4217,0.3442,0.2341
1528561200,0.5831,57.0,0.4369,110.4,0.00159,0.4417,0.331,0.2273
1528561500,0.703,67.9,0.4436,118.0,0.0017,0.486,0.3067,0.2074
1528561800,0.658,59.3,0.4552,115.2,0.00147,0.4656,0.3221,0.2123
1528562100,0.6152,50.9,0.4583,121.2,0.00149,0.4479,0.3337,0.2184
1528562400,0.6325,58.0,0.461,109.1,0.00193,0.4539,0.3308,0.2153
1528562700,0.624,61.4,0.4684,112.8,0.00204,0.4481,0.3364,0.2155
1528563000,0.5933,58.1,0.4717,117.8,0.00212,0.4347,0.3456,0.2198
1528563300,0.6047,58.6,0.4711,112.1,0.00102,0.4395,0.3424,0.2181
1528563600,0.5317,51.4,0.4669,93.5,0.00218,0.4094,0.3595,0.231
1528563900,0.5878,52.3,0.4588,111.8,0.00142,0.4365,0.3407,0.2228
1528564200,0.6205,60.0,0.4601,105.1,0.0019,0.4494,0.3333,0.2173
1528564500,0.5496,51.0,0.4612,113.4,0.00203,0.4193,0.3518,0.2289
1528564800,0.495,56.2,0.4617,94.6,0.0015,0.3939,0.3674,0.2387
1528565100,0.629,60.7,0.4634,130.7,0.00107,0.4517,0.3328,0.2155
1528565400,0.5787,53.8,0.4656,116.7,0.00125,0.4305,0.3464,0.2232
1528565700,0.5038,48.4,0.4692,95.6,0.0015,0.3958,0.3686,0.2357
1528566000,0.5444,52.8,0.4709,104.6,0.00179,0.4139,0.358,0.2281
1528566300,0.5375,51.9,0.4709,108.3,0.00159,0.4108,0.3599,0.2293
1528566600,0.4981,53.2,0.4739,104.5,0.00214,0.3916,0.3726,0.2358
1528566900,0.5476,53.9,0.4715,107.4,0.00108,0.4151,0.3574,0.2274
1528567200,0.5281,49.8,0.4753,110.3,0.00151,0.4052,0.3647,0.2302
1528567500,0.5139,56.6,0.4745,100.7,0.00168,0.3989,0.3683,0.2328
1528567800,0.5278,52.1,0.4748,100.6,0.00131,0.4052,0.3645,0.2303
1528568100,0.4761,50.6,0.4731,95.5,0.00138,0.3811,0.3787,0.2402
1528568400,0.516,49.3,0.4736,106.8,0.00157,0.4001,0.3672,0.2326
1528568700,0.5911,57.5,0.4691,111.3,0.00145,0.4346,0.3449,0.2206
1528569000,0.5503,54.5,0.4688,106.8,0.00168,0.4172,0.3554,0.2274
1528569300,0.5487,47.7,0.4632,109.6,0.0012,0.4182,0.3531,0.2287
1528569600,0.5711,61.0,0.4608,94.8,0.00241,0.4288,0.346,0.2252
1528569900,0.5641,58.4,0.4641,108.3,0.0013,0.4247,0.3494,0.2259
1528570200,0.5275,50.7,0.4649,104.1,0.00168,0.4082,0.3597,0.2321
1528570500,0.5379,49.3,0.4585,113.8,0.00158,0.4149,0.3537,0.2314
1528570800,0.5122,51.9,0.4575,92.0,0.00292,0.4034,0.3603,0.2363
1528571100,0.5126,51.1,0.4608,110.6,0.00102,0.4025,0.3619,0.2356
1528571400,0.5247,52.8,0.4656,102.9,0.00256,0.4066,0.3608,0.2325
1528571700,0.4969,50.4,0.4628,102.6,0.00128,0.3945,0.3674,0.2382
1528572000,0.5197,52.9,0.4579,112.0,0.00106,0.4068,0.3584,0.2348
1528572300,0.57,59.2,0.4589,110.4,0.00145,0.4289,0.3453,0.2258
1528572600,0.5361,54.2,0.4625,106.0,0.00126,0.4128,0.3562,0.231
1528572900,0.5304,49.0,0.4605,104.5,0.00201,0.4109,0.3567,0.2324
1528573200,0.5224,55.7,0.457,99.3,0.00209,0.4083,0.3572,0.2345
1528573500,0.5344,57.3,0.4579,103.3,0.00165,0.4135,0.3543,0.2321
1528573800,0.4753,57.7,0.4427,93.2,0.00156,0.3902,0.3635,0.2463
1528574100,0.5068,47.1,0.4399,100.4,0.00213,0.4065,0.3529,0.2406
1528574400,0.5041,51.0,0.437,86.4,0.00173,0.4062,0.3521,0.2417
1528574700,0.5351,46.2,0.4392,106.1,0.00166,0.4199,0.3447,0.2354
1528575000,0.5053,52.0,0.4392,99.8,0.00265,0.406,0.3529,0.2411
1528575300,0.4781,46.8,0.4326,95.8,0.00176,0.3949,0.3573,0.2478
1528575600,0.463,53.2,0.4336,97.6,0.00231,0.3869,0.3624,0.2507
1528575900,0.5747,52.9,0.4358,98.9,0.00197,0.4385,0.3325,0.2289
1528576200,0.5247,46.7,0.4381,114.0,0.00183,0.4155,0.3469,0.2376
1528576500,0.5009,48.6,0.4346,99.5,0.00134,0.4054,0.3518,0.2428
1528576800,0.4778,42.5,0.4357,96.9,0.00114,0.3937,0.359,0.2472
1528577100,0.4573,49.3,0.4341,89.9,0.00142,0.3838,0.3644,0.2518
1528577400,0.4559,40.7,0.4288,95.7,0.00122,0.3848,0.3619,0.2532
1528577700,0.4986,50.0,0.4302,108.2,0.00107,0.4058,0.3501,0.2441
1528578000,0.4581,40.8,0.4319,102.0,0.00171,0.385,0.3629,0.2521
1528578300,0.516,50.2,0.4288,106.7,0.00142,0.4145,0.3445,0.241
1528578600,0.4853,53.9,0.4296,101.8,0.00116,0.3995,0.3536,0.2469
1528578900,0.493,50.6,0.4221,97.1,0.00106,0.4057,0.3474,0.2469
1528579200,0.4141,41.4,0.4235,82.7,0.00143,0.364,0.3723,0.2637
1528579500,0.5478,53.3,0.4319,103.6,0.00167,0.4281,0.3375,0.2344
1528579800,0.4403,45.9,0.4379,92.6,0.00252,0.3737,0.3717,0.2546
1528580100,0.4035,44.7,0.434,96.6,0.00208,0.3547,0.3815,0.2637
1528580400,0.4224,40.5,0.4326,94.1,0.00211,0.3657,0.3745,0.2597
1528580700,0.4931,51.3,0.4331,109.0,0.00106,0.4021,0.3532,0.2447
1528581000,0.4174,36.1,0.4311,98.9,0.00142,0.3634,0.3754,0.2612
1528581300,0.4481,44.5,0.4279,92.1,0.00126,0.381,0.3639,0.2551
1528581600,0.4227,43.1,0.4302,81.5,0.00126,0.3666,0.3731,0.2602
1528581900,0.4215,46.4,0.4282,100.5,0.00156,0.3666,0.3724,0.2609
1528582200,0.3897,42.3,0.4248,97.1,0.00211,0.3497,0.3812,0.2692
1528582500,0.4258,40.6,0.4253,84.4,0.00102,0.3699,0.3695,0.2606
1528582800,0.3613,37.3,0.4263,95.2,0.00125,0.3322,0.392,0.2758
1528583100,0.4792,49.1,0.4245,100.2,0.0014,0.3981,0.3527,0.2492
1528583400,0.4484,46.2,0.4254,95.8,0.00122,0.382,0.3624,0.2556
1528583700,0.3944,40.9,0.4262,99.1,0.00152,0.352,0.3803,0.2677
1528584000,0.416,42.7,0.4239,99.7,0.00157,0.3649,0.3719,0.2632
1528584300,0.4183,46.4,0.4234,95.7,0.00194,0.3664,0.3709,0.2628
1528584600,0.395,41.1,0.4212,92.3,0.00346,0.3539,0.3774,0.2688
1528584900,0.4221,44.3,0.4222,95.9,0.0013,0.3689,0.369,0.2622
1528585200,0.4413,52.4,0.4261,91.7,0.00118,0.378,0.365,0.257
1528585500,0.4331,41.0,0.4199,93.0,0.00168,0.3756,0.3642,0.2602
1528585800,0.4128,38.3,0.4151,85.9,0.0026,0.366,0.368,0.266
1528586100,0.4023,45.5,0.413,88.2,0.00154,0.3607,0.3703,0.269
1528586400,0.3666,38.6,0.4116,84.5,0.002,0.34,0.3817,0.2782
1528586700,0.4379,44.7,0.4112,90.0,0.00224,0.3811,0.3578,0.2611
1528587000,0.3658,38.3,0.4126,87.4,0.00259,0.3392,0.3826,0.2782
1528587300,0.3943,41.8,0.4123,87.5,0.00204,0.3563,0.3726,0.2711
1528587600,0.3905,47.1,0.4091,92.1,0.00103,0.3551,0.372,0.2728
1528587900,0.3779,43.9,0.4071,78.1,0.00198,0.3483,0.3752,0.2765
1528588200,0.3742,43.8,0.4072,86.7,0.00245,0.346,0.3765,0.2774
1528588500,0.4194,40.1,0.411,92.7,0.00129,0.371,0.3636,0.2654
1528588800,0.4144,40.6,0.4122,89.6,0.00194,0.3678,0.3659,0.2663
1528589100,0.3928,34.0,0.4139,88.2,0.00169,0.3549,0.374,0.2711
1528589400,0.4032,40.8,0.4151,80.8,0.00301,0.3605,0.3712,0.2683
1528589700,0.3964,45.6,0.4147,91.8,0.00142,0.3568,0.3732,0.27
1528590000,0.3595,41.7,0.4145,89.8,0.00193,0.3347,0.3859,0.2793
1528590300,0.445,45.5,0.4173,97.5,0.00182,0.3829,0.359,0.2581
1528590600,0.4087,43.5,0.4199,97.1,0.0011,0.3621,0.3721,0.2658
1528590900,0.3968,40.7,0.4204,90.9,0.00144,0.3552,0.3763,0.2685
1528591200,0.4305,45.7,0.4201,95.9,0.00125,0.3742,0.3651,0.2607
1528591500,0.4546,49.1,0.4195,96.4,0.00117,0.3872,0.3573,0.2555
1528591800,0.4197,39.5,0.4173,96.1,0.00157,0.3691,0.367,0.2639
1528592100,0.4388,46.6,0.416,84.4,0.00113,0.38,0.3602,0.2598
1528592400,0.4246,47.5,0.4107,87.1,0.00171,0.374,0.3618,0.2642
1528592700,0.4017,41.9,0.4139,99.7,0.00117,0.3601,0.371,0.2689
1528593000,0.3878,44.2,0.4192,74.0,0.00134,0.3503,0.3787,0.271
1528593300,0.3598,48.6,0.4164,85.1,0.00227,0.3343,0.3869,0.2788
1528593600,0.3635,40.1,0.4116,93.4,0.00335,0.3381,0.3828,0.279
1528593900,0.4353,46.7,0.4103,93.0,0.00194,0.38,0.3582,0.2619
1528594200,0.3853,39.8,0.4067,86.1,0.0028,0.3528,0.3724,0.2747
1528594500,0.3648,41.1,0.3973,87.3,0.00131,0.3435,0.3741,0.2825
1528594800,0.3954,44.1,0.3921,87.4,0.00178,0.3636,0.3606,0.2759
1528595100,0.3931,43.1,0.3956,89.5,0.00312,0.3611,0.3634,0.2756
1528595400,0.3779,38.4,0.397,83.7,0.00201,0.3516,0.3693,0.2791
1528595700,0.4079,44.2,0.398,97.4,0.00235,0.3688,0.3599,0.2713
1528596000,0.3565,44.3,0.3975,94.2,0.0012,0.3382,0.3771,0.2846
1528596300,0.3517,41.0,0.3958,84.4,0.00342,0.3358,0.3779,0.2864
1528596600,0.3436,41.9,0.3899,76.0,0.00146,0.3325,0.3773,0.2903
1528596900,0.3083,35.9,0.3845,77.7,0.0027,0.3105,0.3873,0.3022
1528597200,0.3322,40.5,0.3833,82.1,0.00125,0.3271,0.3774,0.2954
1528597500,0.3838,42.7,0.3863,91.4,0.00236,0.3587,0.361,0.2803
1528597800,0.3368,35.7,0.3726,77.6,0.00307,0.3337,0.3691,0.2972
1528598100,0.3215,38.5,0.3702,77.5,0.00111,0.3242,0.3733,0.3025
1528598400,0.348,36.4,0.3622,87.9,0.00154,0.3445,0.3585,0.297
1528598700,0.3454,37.3,0.3618,90.2,0.00232,0.3429,0.3592,0.2979
1528599000,0.3288,38.6,0.3656,79.2,0.00131,0.3307,0.3677,0.3017
1528599300,0.3514,40.5,0.3688,77.1,0.00108,0.3444,0.3615,0.2941
1528599600,0.3112,33.2,0.3727,100.8,0.00303,0.3163,0.3788,0.3049
1528599900,0.3164,40.3,0.3757,86.3,0.00229,0.3189,0.3787,0.3024
1528600200,0.3508,41.3,0.3783,83.5,0.00106,0.3409,0.3676,0.2915
1528600500,0.3124,34.8,0.3787,86.5,0.00281,0.3152,0.3821,0.3027
1528600800,0.243,27.4,0.3798,73.6,0.00143,0.2633,0.4116,0.3251
1528601100,0.3411,38.4,0.383,89.3,0.00131,0.3331,0.374,0.2929
1528601400,0.2971,34.5,0.385,80.7,0.00151,0.3025,0.392,0.3055
1528601700,0.2707,34.3,0.3849,77.6,0.00159,0.2833,0.4028,0.3139
1528602000,0.3078,35.5,0.3827,80.1,0.0014,0.3108,0.3864,0.3029
1528602300,0.3347,32.4,0.3826,74.8,0.00158,0.329,0.3761,0.2949
1528602600,0.2959,34.5,0.3787,91.2,0.00105,0.3036,0.3886,0.3078
1528602900,0.2731,33.2,0.3773,71.7,0.00205,0.2874,0.397,0.3157
1528603200,0.247,34.2,0.3802,66.5,0.00285,0.2664,0.4101,0.3236
1528603500,0.253,30.6,0.3816,74.0,0.00155,0.2707,0.4083,0.321
1528603800,0.2624,38.4,0.3745,70.5,0.00113,0.2801,0.3997,0.3202
1528604100,0.2262,25.1,0.3565,72.3,0.00225,0.2563,0.4039,0.3399
1528604400,0.2156,34.0,0.3536,75.7,0.0011,0.248,0.4068,0.3451
1528604700,0.3125,36.2,0.3565,87.2,0.0012,0.3225,0.3679,0.3096
1528605000,0.2825,37.4,0.3601,83.1,0.00139,0.2997,0.382,0.3183
1528605300,0.3629,40.6,0.3604,84.5,0.00127,0.3546,0.3522,0.2932
1528605600,0.334,41.8,0.3545,83.7,0.00181,0.3379,0.3586,0.3035
1528605900,0.3145,35.9,0.3522,83.9,0.00298,0.3253,0.3643,0.3103
1528606200,0.3402,35.5,0.3526,73.5,0.00319,0.3427,0.3552,0.3022
1528606500,0.3556,44.2,0.3488,89.0,0.0011,0.354,0.3473,0.2987
1528606800,0.2877,34.8,0.3485,70.0,0.00134,0.3073,0.3722,0.3204
1528607100,0.2847,35.6,0.3489,90.7,0.00258,0.3049,0.3737,0.3213
1528607400,0.3105,40.4,0.3497,78.6,0.00115,0.3234,0.3642,0.3124
1528607700,0.3014,33.0,0.352,79.0,0.00168,0.3161,0.3692,0.3147
1528608000,0.2706,35.7,0.3529,72.4,0.00214,0.293,0.3821,0.3249
1528608300,0.3424,37.2,0.356,80.5,0.00131,0.3429,0.3566,0.3005
1528608600,0.2986,35.5,0.3575,93.5,0.00216,0.3123,0.3739,0.3138
1528608900,0.2694,34.1,0.3555,82.6,0.00172,0.2913,0.3844,0.3244
1528609200,0.2984,31.4,0.3539,70.5,0.00113,0.3133,0.3716,0.315
1528609500,0.2513,30.3,0.351,84.2,0.00257,0.2785,0.389,0.3325
1528609800,0.2475,36.4,0.3494,81.9,0.00301,0.276,0.3896,0.3345
1528610100,0.2761,37.0,0.3476,75.9,0.00226,0.2989,0.3763,0.3248
1528610400,0.2446,31.9,0.3481,76.3,0.00119,0.274,0.3899,0.3361
1528610700,0.222,31.3,0.3476,72.1,0.00151,0.2553,0.3997,0.345
1528611000,0.235,30.6,0.3473,85.3,0.0014,0.2663,0.3936,0.34
1528611300,0.2133,34.0,0.3497,66.6,0.00238,0.2472,0.4052,0.3476
1528611600,0.1925,27.9,0.3496,70.1,0.00152,0.2286,0.4152,0.3563
1528611900,0.2815,35.4,0.3488,75.6,0.00173,0.3026,0.3749,0.3225
1528612200,0.2269,34.3,0.3474,64.1,0.00208,0.2595,0.3973,0.3431
1528612500,0.2109,27.4,0.3435,84.2,0.00222,0.2468,0.402,0.3511
1528612800,0.2311,35.9,0.3418,66.0,0.00326,0.2647,0.3916,0.3437
1528613100,0.2221,26.0,0.3418,73.5,0.0016,0.2571,0.3956,0.3473
1528613400,0.2074,34.4,0.3399,60.3,0.00202,0.2448,0.4012,0.3541
1528613700,0.2149,28.9,0.3364,69.1,0.00115,0.2524,0.3952,0.3524
1528614000,0.1873,27.4,0.336,71.3,0.00302,0.2275,0.4081,0.3644
1528614300,0.209,24.0,0.3352,66.0,0.00305,0.2476,0.3971,0.3554
1528614600,0.2287,29.6,0.3307,76.4,0.00317,0.2661,0.3848,0.3491
1528614900,0.2076,26.4,0.3289,69.1,0.00162,0.2482,0.3932,0.3586
1528615200,0.174,25.4,0.3298,74.4,0.00112,0.2165,0.4103,0.3732
1528615500,0.2816,34.3,0.3319,86.3,0.00136,0.3083,0.3633,0.3284
1528615800,0.2305,34.0,0.3372,69.5,0.00115,0.2656,0.3886,0.3457
1528616100,0.2115,30.4,0.3398,71.6,0.002,0.2484,0.3992,0.3524
1528616400,0.2326,32.2,0.3439,74.4,0.00163,0.2654,0.3924,0.3423
1528616700,0.2139,26.7,0.3421,75.1,0.00119,0.2499,0.3996,0.3505
1528617000,0.1873,25.5,0.3408,68.8,0.00123,0.2262,0.4115,0.3623
1528617300,0.2216,35.9,0.3375,73.3,0.00205,0.2579,0.3929,0.3492
1528617600,0.1925,26.3,0.3349,67.8,0.00228,0.2327,0.4048,0.3626
1528617900,0.1923,33.4,0.3336,69.9,0.00145,0.2328,0.4039,0.3632
1528618200,0.2053,28.6,0.338,78.3,0.00202,0.2434,0.4008,0.3557
1528618500,0.1691,26.8,0.3391,70.8,0.00111,0.2092,0.4196,0.3712
1528618800,0.1493,28.7,0.3302,69.1,0.00263,0.1915,0.4236,0.3849
1528619100,0.2455,36.0,0.3293,78.9,0.00204,0.2806,0.3764,0.3429
1528619400,0.1993,28.6,0.3317,69.0,0.00208,0.2398,0.3992,0.361
1528619700,0.1937,27.4,0.3316,71.3,0.00191,0.2347,0.4018,0.3635
1528620000,0.2199,30.2,0.3367,65.5,0.00113,0.2567,0.3931,0.3502
1528620300,0.2315,32.2,0.3408,80.8,0.00254,0.2654,0.3907,0.3439
1528620600,0.212,32.5,0.3446,54.5,0.00259,0.2475,0.4023,0.3502
1528620900,0.216,30.1,0.3419,71.1,0.00331,0.2518,0.3985,0.3497
1528621200,0.1751,29.1,0.344,74.4,0.00125,0.2138,0.42,0.3663
1528621500,0.1743,32.1,0.3419,59.2,0.00421,0.2136,0.4189,0.3676
1528621800,0.2011,30.2,0.337,72.5,0.0018,0.2399,0.4021,0.358
1528622100,0.1946,29.6,0.3374,65.4,0.00212,0.2339,0.4055,0.3606
1528622400,0.2037,24.7,0.3373,68.2,0.00104,0.2422,0.4011,0.3567
1528622700,0.3034,28.3,0.3305,86.0,0.00108,0.3249,0.3539,0.3212
1528623000,0.2574,34.2,0.3332,76.9,0.00107,0.289,0.3741,0.3369
1528623300,0.2334,31.1,0.3298,61.1,0.00178,0.2704,0.3821,0.3475
1528623600,0.2497,30.9,0.3286,69.1,0.00143,0.2843,0.3741,0.3416
1528623900,0.2354,32.2,0.3296,79.4,0.00123,0.2721,0.381,0.3468
1528624200,0.2066,29.3,0.3316,73.4,0.00193,0.2465,0.3956,0.3579
1528624500,0.2518,36.0,0.3328,85.7,0.00111,0.2846,0.3762,0.3391
1528624800,0.2231,30.9,0.3306,82.4,0.00186,0.2613,0.3873,0.3514
1528625100,0.2429,29.8,0.3314,72.2,0.00254,0.2778,0.379,0.3431
1528625400,0.2511,35.5,0.3296,90.1,0.00286,0.2851,0.3742,0.3406
1528625700,0.2384,31.0,0.3301,74.0,0.00231,0.2745,0.3801,0.3454
1528626000,0.2402,33.4,0.3346,68.2,0.00146,0.2746,0.3825,0.3429
1528626300,0.3403,37.4,0.3394,80.2,0.00134,0.3474,0.3464,0.3062
1528626600,0.2914,33.4,0.3427,65.6,0.00278,0.312,0.3669,0.3212
1528626900,0.2932,35.8,0.3427,89.0,0.00156,0.3133,0.3662,0.3205
1528627200,0.309,36.7,0.3407,90.5,0.00163,0.3254,0.3587,0.3159
1528627500,0.2896,36.7,0.3398,72.9,0.00113,0.3116,0.3656,0.3228
1528627800,0.2759,33.5,0.3421,76.2,0.00103,0.3005,0.3727,0.3268
1528628100,0.3168,31.7,0.3455,82.3,0.00289,0.3292,0.359,0.3118
1528628400,0.2828,33.5,0.346,72.5,0.00257,0.3045,0.3725,0.323
1528628700,0.2709,36.3,0.341,66.6,0.00162,0.2971,0.3739,0.329
1528629000,0.2843,34.0,0.3363,77.2,0.00245,0.3088,0.3653,0.3259
1528629300,0.2649,32.8,0.3365,74.6,0.00118,0.2939,0.3733,0.3328
1528629600,0.2626,36.3,0.337,73.9,0.0013,0.2919,0.3746,0.3335
1528629900,0.3788,39.4,0.3392,89.2,0.0013,0.3721,0.3332,0.2947
1528630200,0.3737,36.5,0.3432,95.9,0.00229,0.3675,0.3375,0.295
1528630500,0.3481,38.9,0.35,83.0,0.0022,0.3488,0.3507,0.3006
1528630800,0.3473,37.9,0.3499,85.8,0.00153,0.3483,0.3509,0.3008
1528631100,0.3381,35.8,0.3488,88.2,0.00102,0.3426,0.3534,0.304
1528631400,0.326,37.3,0.3507,85.9,0.001,0.3338,0.3591,0.3072
1528631700,0.3538,41.2,0.3519,81.7,0.00251,0.3518,0.3499,0.2983
1528632000,0.3238,37.6,0.3549,83.0,0.00198,0.3308,0.3626,0.3065
1528632300,0.3347,39.3,0.3574,86.8,0.00134,0.3374,0.3602,0.3024
1528632600,0.3702,46.4,0.3597,80.2,0.00153,0.3595,0.3493,0.2913
1528632900,0.3545,38.8,0.3654,93.0,0.00122,0.3476,0.3583,0.2941
1528633200,0.3219,38.4,0.3713,90.8,0.0011,0.3241,0.3738,0.3021
1528633500,0.4144,42.5,0.3746,87.1,0.00168,0.3805,0.344,0.2755
1528633800,0.3771,38.9,0.3732,88.9,0.00197,0.359,0.3553,0.2856
1528634100,0.3842,40.1,0.3703,92.3,0.00261,0.3643,0.3512,0.2845
1528634400,0.414,42.5,0.3722,88.1,0.00115,0.3811,0.3427,0.2762
1528634700,0.4226,45.7,0.3721,95.1,0.00162,0.386,0.3399,0.274
1528635000,0.3868,49.1,0.3702,89.7,0.00264,0.3659,0.3502,0.2838
1528635300,0.4294,42.9,0.3675,84.1,0.00102,0.3915,0.335,0.2735
1528635600,0.3825,40.5,0.3672,91.0,0.00128,0.3644,0.3498,0.2858
1528635900,0.384,41.7,0.3659,81.8,0.00199,0.3657,0.3485,0.2857
1528636200,0.418,45.4,0.3633,97.4,0.00242,0.3866,0.336,0.2774
1528636500,0.3921,43.2,0.3603,85.2,0.00139,0.3726,0.3424,0.2851
1528636800,0.3569,43.8,0.3671,84.7,0.0011,0.3485,0.3585,0.293
1528637100,0.5147,43.7,0.3753,109.7,0.00116,0.4325,0.3154,0.2521
1528637400,0.4614,40.1,0.3793,99.1,0.00277,0.4045,0.3325,0.263
1528637700,0.4766,46.9,0.384,91.2,0.00201,0.4106,0.3309,0.2585
1528638000,0.4845,52.2,0.3875,92.4,0.00196,0.4134,0.3306,0.256
1528638300,0.4623,42.7,0.3878,92.6,0.00124,0.402,0.3372,0.2608
1528638600,0.4246,35.7,0.3914,94.8,0.0016,0.3805,0.3507,0.2688
1528638900,0.4632,49.1,0.3948,98.5,0.00246,0.4,0.3409,0.2591
1528639200,0.4018,43.9,0.3952,85.1,0.00208,0.3663,0.3603,0.2735
1528639500,0.3971,39.5,0.399,82.7,0.00145,0.3623,0.364,0.2737
1528639800,0.4182,41.3,0.3963,93.5,0.00238,0.3752,0.3556,0.2692
1528640100,0.4245,41.8,0.3949,91.4,0.00146,0.3792,0.3528,0.268
1528640400,0.4061,43.8,0.3901,103.6,0.00167,0.3705,0.3559,0.2737
1528640700,0.5209,49.6,0.3924,102.3,0.00205,0.4293,0.3234,0.2473
1528641000,0.509,52.1,0.3988,111.8,0.00138,0.4214,0.3302,0.2484
1528641300,0.496,41.2,0.4034,92.6,0.00117,0.4135,0.3363,0.2501
1528641600,0.513,48.3,0.4066,91.9,0.00186,0.4206,0.3334,0.246
1528641900,0.5118,47.4,0.4077,94.5,0.00267,0.4197,0.3343,0.246
1528642200,0.5181,50.5,0.4077,108.9,0.00151,0.4227,0.3326,0.2447
1528642500,0.5242,50.1,0.405,113.0,0.00235,0.4265,0.3295,0.2441
1528642800,0.5006,52.4,0.4061,95.4,0.00106,0.4149,0.3365,0.2486
1528643100,0.433,39.7,0.4054,90.5,0.00237,0.3804,0.3561,0.2635
1528643400,0.4313,45.3,0.3971,86.1,0.00118,0.3822,0.3519,0.2659
1528643700,0.4194,46.0,0.3978,81.1,0.00176,0.3754,0.3561,0.2685
1528644000,0.4651,53.1,0.3988,100.8,0.00228,0.3996,0.3426,0.2578
1528644300,0.5586,52.7,0.4007,107.2,0.00121,0.4436,0.3182,0.2382
1528644600,0.5243,52.7,0.4048,102.5,0.00196,0.4266,0.3293,0.2441
1528644900,0.4447,40.7,0.4073,86.1,0.00207,0.386,0.3536,0.2604
1528645200,0.4444,38.9,0.4081,104.3,0.00204,0.3856,0.3541,0.2603
1528645500,0.4597,49.7,0.4095,92.9,0.00207,0.3932,0.3502,0.2566
1528645800,0.4341,45.4,0.4068,96.6,0.00129,0.3805,0.3566,0.263
1528646100,0.4729,51.6,0.4096,88.6,0.00181,0.3999,0.3464,0.2537
1528646400,0.4573,42.9,0.4091,94.6,0.00105,0.3921,0.3507,0.2572
1528646700,0.5037,51.8,0.4086,102.1,0.00161,0.4155,0.337,0.2475
1528647000,0.5149,56.6,0.4069,103.5,0.00123,0.4214,0.333,0.2455
1528647300,0.4959,51.0,0.4073,100.5,0.0016,0.4122,0.3385,0.2493
1528647600,0.4729,48.9,0.408,100.3,0.00201,0.4005,0.3455,0.254
1528647900,0.5158,51.1,0.4081,94.8,0.00165,0.4214,0.3334,0.2451
1528648200,0.4668,43.0,0.4078,97.9,0.00216,0.3974,0.3472,0.2554
1528648500,0.4613,51.4,0.4061,96.8,0.00104,0.3952,0.3479,0.257
1528648800,0.4627,45.6,0.4056,97.7,0.00133,0.396,0.3472,0.2568
1528649100,0.4661,49.1,0.4082,97.0,0.00179,0.3969,0.3476,0.2555
1528649400,0.4808,44.0,0.4107,90.4,0.00207,0.4035,0.3447,0.2518
1528649700,0.4922,45.9,0.4069,91.3,0.00202,0.4105,0.3393,0.2502
1528650000,0.4524,51.0,0.401,82.0,0.00235,0.3922,0.3477,0.2601
1528650300,0.4427,44.9,0.4025,99.2,0.001,0.3866,0.3515,0.262
1528650600,0.5394,57.1,0.3995,108.9,0.00106,0.4354,0.3225,0.2422
1528650900,0.4641,47.3,0.3982,101.5,0.00177,0.3993,0.3426,0.2581
1528651200,0.4278,39.4,0.3978,94.6,0.00154,0.3801,0.3534,0.2665
1528651500,0.5089,53.3,0.3994,88.1,0.00141,0.4212,0.3305,0.2483
1528651800,0.4734,46.4,0.4011,91.2,0.00244,0.4031,0.3415,0.2554
1528652100,0.4501,48.6,0.4026,96.0,0.00107,0.3905,0.3493,0.2603
1528652400,0.4777,48.5,0.403,98.6,0.00232,0.4046,0.3413,0.2541
1528652700,0.4735,43.5,0.4021,96.0,0.00126,0.4028,0.342,0.2552
1528653000,0.506,50.9,0.3992,102.8,0.00183,0.4198,0.3312,0.2489
1528653300,0.5023,56.7,0.4026,100.3,0.00103,0.4169,0.3341,0.249
1528653600,0.4813,50.2,0.4078,98.9,0.00247,0.4048,0.3429,0.2523
1528653900,0.4617,47.1,0.4103,92.3,0.00178,0.3939,0.3501,0.256
1528654200,0.455,50.1,0.4108,101.4,0.00205,0.3903,0.3524,0.2573
1528654500,0.4323,45.9,0.4107,90.6,0.00155,0.3782,0.3593,0.2625
1528654800,0.4333,46.0,0.4079,85.3,0.00123,0.3797,0.3574,0.2629
1528655100,0.5938,53.3,0.4065,104.8,0.00267,0.4567,0.3126,0.2307
1528655400,0.5439,53.8,0.4114,102.3,0.00134,0.4333,0.3277,0.239
1528655700,0.5435,56.2,0.4128,110.3,0.00276,0.4326,0.3286,0.2388
1528656000,0.5824,53.3,0.4111,108.0,0.00202,0.4503,0.3178,0.2319
1528656300,0.6183,62.6,0.4131,110.7,0.00191,0.4644,0.3103,0.2253
1528656600,0.6016,56.8,0.4115,102.7,0.0015,0.4582,0.3134,0.2285
1528656900,0.6252,56.1,0.4073,117.2,0.00168,0.4692,0.3057,0.2251
1528657200,0.6294,62.1,0.4052,109.0,0.00117,0.4716,0.3036,0.2248
1528657500,0.6032,56.4,0.4042,109.7,0.00151,0.4614,0.3092,0.2295
1528657800,0.6145,60.3,0.4087,120.3,0.00203,0.4644,0.3089,0.2267
1528658100,0.5984,56.0,0.4085,112.9,0.00134,0.4579,0.3126,0.2296
1528658400,0.5844,55.7,0.4109,98.7,0.0017,0.4512,0.3172,0.2316
1528658700,0.6427,61.5,0.4152,103.7,0.00104,0.4733,0.3058,0.2209
1528659000,0.5963,57.6,0.4166,109.2,0.00245,0.4542,0.3173,0.2285
1528659300,0.5754,49.3,0.4151,100.3,0.00177,0.4459,0.3217,0.2325
1528659600,0.5786,52.1,0.4127,111.8,0.00166,0.4481,0.3196,0.2323
1528659900,0.5766,58.2,0.4151,107.9,0.00261,0.4464,0.3214,0.2323
1528660200,0.5524,53.3,0.4151,106.2,0.00129,0.4358,0.3275,0.2367
1528660500,0.5789,54.0,0.4169,103.6,0.00206,0.4468,0.3217,0.2315
1528660800,0.5407,48.8,0.4157,114.5,0.00118,0.4304,0.3309,0.2388
1528661100,0.5321,49.0,0.415,120.3,0.00169,0.4267,0.3328,0.2406
1528661400,0.555,47.8,0.4151,103.8,0.00138,0.437,0.3268,0.2362
1528661700,0.5425,52.7,0.4188,106.4,0.00206,0.4301,0.332,0.2378
1528662000,0.5001,48.2,0.4172,100.6,0.00148,0.4108,0.3427,0.2464
1528662300,0.547,50.4,0.4127,103.1,0.00201,0.4342,0.3276,0.2382
1528662600,0.4858,48.8,0.4195,93.6,0.0026,0.4031,0.348,0.2489
1528662900,0.4518,47.7,0.416,88.7,0.00106,0.3869,0.3562,0.2569
1528663200,0.4834,55.1,0.4145,91.5,0.00197,0.4035,0.346,0.2504
1528663500,0.4669,43.1,0.4124,99.1,0.00251,0.3959,0.3497,0.2544
1528663800,0.4551,50.3,0.4116,92.4,0.00255,0.3901,0.3528,0.2571
1528664100,0.474,51.1,0.4091,81.9,0.00135,0.4006,0.3458,0.2536
1528664400,0.4923,47.1,0.4109,101.9,0.00203,0.4092,0.3415,0.2493
1528664700,0.5102,51.3,0.4104,100.8,0.00119,0.418,0.3362,0.2458
1528665000,0.5167,49.8,0.4101,109.8,0.00191,0.4212,0.3343,0.2445
1528665300,0.4862,49.6,0.4094,100.9,0.00255,0.4067,0.3424,0.2509
1528665600,0.485,53.5,0.4128,89.6,0.00195,0.4049,0.3446,0.2505
1528665900,0.5313,54.0,0.4134,89.8,0.00269,0.4268,0.3321,0.241
1528666200,0.496,51.2,0.4137,95.3,0.00106,0.41,0.342,0.248
1528666500,0.474,46.9,0.4109,93.6,0.0019,0.4,0.3468,0.2532
1528666800,0.4835,44.4,0.4125,104.0,0.00226,0.4043,0.3449,0.2508
1528667100,0.5329,51.7,0.4126,103.2,0.00126,0.4279,0.3313,0.2409
1528667400,0.4914,53.0,0.4154,105.9,0.00185,0.4072,0.3442,0.2486
1528667700,0.4926,44.9,0.4069,91.3,0.001,0.4107,0.3392,0.2501
1528668000,0.4744,45.0,0.4065,103.2,0.00261,0.4017,0.3442,0.254
1528668300,0.4859,49.4,0.4067,102.9,0.00139,0.4074,0.341,0.2516
1528668600,0.4761,45.4,0.4074,85.5,0.00105,0.4023,0.3442,0.2535
1528668900,0.4314,42.8,0.4001,101.1,0.00116,0.3813,0.3536,0.2651
1528669200,0.4044,42.0,0.3977,91.0,0.00155,0.3669,0.3609,0.2722
1528669500,0.5126,46.8,0.3996,103.6,0.00109,0.4229,0.3296,0.2475
1528669800,0.4705,45.0,0.4009,91.9,0.00151,0.4017,0.3422,0.2561
1528670100,0.445,48.3,0.4041,102.2,0.00339,0.3873,0.3517,0.2611
1528670400,0.4453,42.2,0.4043,87.4,0.00111,0.3874,0.3517,0.261
1528670700,0.4532,41.9,0.4026,100.3,0.00251,0.3921,0.3483,0.2596
1528671000,0.4401,43.9,0.4042,98.9,0.00136,0.3846,0.3532,0.2622
1528671300,0.4731,50.3,0.4033,91.5,0.0011,0.4022,0.3428,0.255
1528671600,0.4404,45.2,0.4027,105.9,0.00115,0.3853,0.3523,0.2624
1528671900,0.4421,44.6,0.4044,95.6,0.00222,0.3856,0.3527,0.2617
1528672200,0.4385,45.8,0.4069,97.8,0.00131,0.3828,0.3552,0.2619
1528672500,0.404,38.0,0.4053,81.2,0.00299,0.3642,0.3654,0.2704
1528672800,0.4102,45.2,0.4039,103.7,0.00186,0.3682,0.3625,0.2693
1528673100,0.4814,49.8,0.4049,90.8,0.00111,0.4058,0.3413,0.2529
1528673400,0.4401,44.6,0.4053,100.2,0.00219,0.3842,0.3539,0.2619
1528673700,0.4213,47.5,0.4026,86.2,0.00243,0.3749,0.3582,0.2669
1528674000,0.4318,41.8,0.4049,89.5,0.00124,0.3799,0.3562,0.2639
1528674300,0.4321,48.6,0.4035,97.9,0.00116,0.3805,0.3553,0.2642
1528674600,0.4217,45.0,0.4003,98.3,0.00198,0.3758,0.3568,0.2674
1528674900,0.4726,47.1,0.4008,89.6,0.00233,0.4028,0.3416,0.2557
1528675200,0.4736,48.1,0.4001,103.9,0.0014,0.4035,0.3409,0.2556
1528675500,0.4801,48.3,0.401,104.3,0.00183,0.4065,0.3395,0.254
1528675800,0.4904,53.0,0.3989,93.4,0.00117,0.4123,0.3354,0.2522
1528676100,0.4637,44.2,0.3987,106.0,0.00146,0.3989,0.343,0.2581
1528676400,0.4137,41.7,0.4039,82.6,0.00144,0.3702,0.3614,0.2684
1528676700,0.5694,58.0,0.4075,103.2,0.00155,0.4459,0.3191,0.2349
1528677000,0.5195,49.6,0.4089,104.8,0.00189,0.4229,0.3329,0.2442
1528677300,0.4811,51.4,0.4054,93.0,0.00135,0.4055,0.3417,0.2528
1528677600,0.5053,55.5,0.4042,102.1,0.00117,0.4178,0.3342,0.248
1528677900,0.4929,48.3,0.4002,100.7,0.00285,0.4131,0.3354,0.2514
1528678200,0.4724,50.1,0.4006,96.1,0.00252,0.4027,0.3415,0.2558
1528678500,0.4881,45.7,0.4027,103.8,0.0027,0.4099,0.3382,0.2519
1528678800,0.4515,48.9,0.4046,93.8,0.00129,0.3905,0.35,0.2595
1528679100,0.4517,47.2,0.4014,96.6,0.00157,0.3917,0.3481,0.2602
1528679400,0.4432,47.4,0.4027,101.2,0.00133,0.3868,0.3514,0.2618
1528679700,0.4642,45.6,0.4024,101.2,0.0017,0.3979,0.3449,0.2572
1528680000,0.4445,41.1,0.402,99.2,0.00148,0.3877,0.3506,0.2617
1528680300,0.5058,51.9,0.4018,93.7,0.00204,0.4188,0.3327,0.2484
1528680600,0.4761,42.1,0.4022,100.8,0.00147,0.4041,0.3413,0.2546
1528680900,0.4539,45.8,0.4014,90.1,0.00154,0.3929,0.3474,0.2597
1528681200,0.4556,49.7,0.3989,87.9,0.00461,0.3946,0.3455,0.2599
1528681500,0.453,47.3,0.397,94.9,0.0022,0.3939,0.3452,0.2609
1528681800,0.397,48.6,0.3945,84.3,0.00193,0.3637,0.3614,0.2749
1528682100,0.4388,48.8,0.3883,98.6,0.00135,0.3893,0.3445,0.2662
1528682400,0.4167,42.2,0.386,96.6,0.00163,0.3779,0.35,0.2721
1528682700,0.4217,44.6,0.3862,80.8,0.00128,0.3806,0.3486,0.2708
1528683000,0.4297,44.9,0.3885,88.0,0.00208,0.3843,0.3474,0.2683
1528683300,0.4134,39.2,0.3853,82.6,0.00199,0.3763,0.3507,0.273
1528683600,0.3892,39.4,0.3842,86.1,0.00207,0.3626,0.3579,0.2795
1528683900,0.4469,44.6,0.3842,97.4,0.00154,0.3951,0.3397,0.2652
1528684200,0.4119,37.7,0.3858,89.7,0.00132,0.3752,0.3515,0.2733
1528684500,0.4032,43.4,0.381,86.8,0.00177,0.3719,0.3514,0.2767
1528684800,0.4214,43.8,0.3802,99.9,0.00209,0.3825,0.3451,0.2723
1528685100,0.4077,38.5,0.3733,76.9,0.00244,0.3772,0.3453,0.2775
1528685400,0.3761,42.5,0.3688,95.0,0.00136,0.3599,0.353,0.2871
1528685700,0.3979,45.0,0.3667,86.5,0.00236,0.3738,0.3444,0.2818
1528686000,0.3787,42.2,0.3656,87.4,0.00229,0.3626,0.3501,0.2873
1528686300,0.3794,40.6,0.3666,84.8,0.00136,0.3627,0.3505,0.2868
1528686600,0.352,41.4,0.3659,94.5,0.00173,0.3458,0.3595,0.2947
1528686900,0.3482,41.4,0.3645,77.4,0.0016,0.3438,0.3599,0.2962
1528687200,0.3421,39.9,0.3645,84.3,0.00213,0.3399,0.3621,0.298
1528687500,0.41,41.2,0.3659,94.2,0.00249,0.3811,0.3401,0.2788
1528687800,0.3732,42.0,0.3681,77.7,0.00122,0.3584,0.3535,0.2881
1528688100,0.3547,43.4,0.3672,80.0,0.00243,0.3471,0.3593,0.2936
1528688400,0.3662,38.8,0.3668,85.7,0.00233,0.3545,0.3551,0.2904
1528688700,0.3691,47.1,0.3661,81.6,0.00136,0.3565,0.3537,0.2898
1528689000,0.349,37.9,0.3639,80.0,0.00335,0.3446,0.3593,0.2962
1528689300,0.3467,39.4,0.3561,82.6,0.00161,0.3457,0.3551,0.2992
1528689600,0.3314,36.2,0.3556,87.0,0.00204,0.3358,0.3603,0.304
1528689900,0.3331,39.0,0.3547,81.3,0.00104,0.3372,0.3591,0.3037
1528690200,0.3318,33.0,0.358,89.7,0.00178,0.3352,0.3617,0.3031
1528690500,0.3131,35.3,0.359,75.3,0.00188,0.3221,0.3693,0.3086
1528690800,0.3168,33.9,0.3599,74.2,0.00118,0.3244,0.3685,0.3072
1528691100,0.4,43.4,0.3606,101.6,0.00121,0.3771,0.34,0.2829
1528691400,0.4066,46.4,0.3621,86.7,0.00277,0.3805,0.3388,0.2807
1528691700,0.3883,44.1,0.3588,81.0,0.00203,0.3708,0.3427,0.2865
1528692000,0.3918,35.3,0.3576,78.7,0.00132,0.3734,0.3408,0.2859
1528692300,0.4329,51.4,0.3575,99.7,0.00173,0.397,0.3279,0.2751
1528692600,0.4338,46.3,0.3586,91.3,0.00102,0.3971,0.3283,0.2746
1528692900,0.4001,40.7,0.3608,88.5,0.00107,0.3771,0.3401,0.2828
1528693200,0.3626,40.9,0.3578,85.3,0.00199,0.3554,0.3506,0.294
1528693500,0.3767,41.9,0.3553,93.7,0.00102,0.365,0.3443,0.2907
1528693800,0.3866,40.1,0.3544,87.6,0.00232,0.3714,0.3404,0.2882
1528694100,0.3876,42.7,0.3539,102.8,0.00116,0.3722,0.3398,0.288
1528694400,0.3551,38.0,0.3574,86.3,0.00251,0.3507,0.353,0.2963
1528694700,0.4201,43.2,0.3598,98.4,0.00225,0.389,0.3332,0.2778
1528695000,0.4028,41.1,0.3652,95.1,0.00159,0.3772,0.3419,0.2809
1528695300,0.3936,38.3,0.3656,89.1,0.00122,0.3716,0.3452,0.2832
1528695600,0.4186,44.7,0.3669,88.3,0.00107,0.3856,0.338,0.2764
1528695900,0.3541,41.5,0.3662,87.4,0.00161,0.3471,0.3589,0.294
1528696200,0.358,41.6,0.3635,88.9,0.0015,0.3505,0.3558,0.2937
1528696500,0.3255,40.2,0.3623,79.1,0.0013,0.3295,0.3668,0.3037
1528696800,0.2726,35.1,0.3629,78.3,0.00119,0.2914,0.3879,0.3207
1528697100,0.2864,33.4,0.3595,86.1,0.00185,0.3028,0.3801,0.3172
1528697400,0.2805,37.2,0.3578,90.5,0.00192,0.2989,0.3813,0.3197
1528697700,0.2517,28.5,0.3583,80.3,0.00122,0.2766,0.3937,0.3297
1528698000,0.2436,29.3,0.36,85.5,0.00161,0.2696,0.3984,0.332
1528698300,0.324,34.8,0.3615,78.6,0.00219,0.3288,0.3668,0.3044
1528698600,0.2696,37.1,0.3648,81.2,0.00273,0.2885,0.3904,0.3211
1528698900,0.2586,35.9,0.3605,83.9,0.00228,0.2814,0.3922,0.3264
1528699200,0.2559,34.4,0.3589,70.2,0.00291,0.2797,0.3923,0.3279
1528699500,0.2618,36.5,0.3569,73.3,0.0018,0.285,0.3885,0.3265
1528699800,0.2312,28.5,0.352,83.5,0.00148,0.2618,0.3986,0.3397
1528700100,0.2516,33.7,0.352,69.3,0.00232,0.2784,0.3896,0.332
1528700400,0.2236,30.3,0.351,64.3,0.00113,0.2557,0.4013,0.343
1528700700,0.2183,32.8,0.3514,81.0,0.00143,0.251,0.404,0.3449
1528701000,0.2066,29.1,0.3504,77.8,0.00118,0.2411,0.4089,0.3501
1528701300,0.1914,27.2,0.3482,71.7,0.00154,0.228,0.4147,0.3573
1528701600,0.1747,28.9,0.3478,67.2,0.00169,0.2124,0.4229,0.3647
1528701900,0.2645,36.1,0.3487,73.8,0.00324,0.2896,0.3818,0.3285
1528702200,0.2241,28.7,0.3515,74.1,0.00198,0.2559,0.4014,0.3426
1528702500,0.2243,30.5,0.3561,81.9,0.00198,0.2548,0.4045,0.3408
1528702800,0.2246,27.5,0.3569,73.9,0.0035,0.2548,0.4049,0.3403
1528703100,0.22,22.9,0.3514,85.0,0.00321,0.2525,0.4033,0.3443
1528703400,0.2064,30.0,0.3472,65.3,0.00175,0.2418,0.4067,0.3515
1528703700,0.2254,32.6,0.3455,72.4,0.00297,0.2588,0.3967,0.3445
1528704000,0.1861,28.8,0.3449,66.4,0.00276,0.2239,0.415,0.361
1528704300,0.1879,22.3,0.3452,62.3,0.00149,0.2255,0.4144,0.3601
1528704600,0.1846,26.9,0.3448,67.5,0.00195,0.2226,0.4157,0.3617
1528704900,0.1737,20.5,0.3425,69.9,0.00178,0.2128,0.4196,0.3676
1528705200,0.1601,30.3,0.3398,69.2,0.00155,0.2002,0.4248,0.375
1528705500,0.2187,27.1,0.34,84.9,0.0013,0.2547,0.3959,0.3494
1528705800,0.1695,30.6,0.3354,69.7,0.00121,0.2106,0.4167,0.3727
1528706100,0.1458,28.0,0.3355,71.5,0.00274,0.1866,0.4294,0.384
1528706400,0.1781,24.8,0.336,68.2,0.00281,0.2188,0.4127,0.3685
1528706700,0.1934,25.1,0.3348,79.4,0.0016,0.2335,0.4043,0.3622
1528707000,0.1855,29.0,0.3337,82.9,0.00206,0.2264,0.4073,0.3662
1528707300,0.2011,26.5,0.3341,73.3,0.00135,0.2408,0.4,0.3592
1528707600,0.1648,26.8,0.335,60.5,0.00241,0.2061,0.4189,0.3751
1528707900,0.1587,24.7,0.3321,62.6,0.0017,0.2007,0.42,0.3794
1528708200,0.1689,21.5,0.3288,68.6,0.00334,0.2117,0.4122,0.3761
1528708500,0.144,18.4,0.3265,67.1,0.00136,0.1869,0.4238,0.3894
1528708800,0.1309,24.8,0.3278,67.3,0.002,0.1725,0.4321,0.3954
1528709100,0.2041,27.6,0.328,73.2,0.00121,0.2453,0.3942,0.3605
1528709400,0.1579,24.4,0.3312,65.8,0.00154,0.2001,0.4197,0.3802
1528709700,0.1611,28.4,0.3308,62.3,0.00103,0.2034,0.4177,0.3788
1528710000,0.1696,30.4,0.3291,69.4,0.00127,0.2123,0.412,0.3756
1528710300,0.1665,25.8,0.3264,77.8,0.00249,0.21,0.4117,0.3784
1528710600,0.1432,24.0,0.3271,70.4,0.002,0.1859,0.4246,0.3895
1528710900,0.1657,28.1,0.3278,69.8,0.00171,0.2088,0.4131,0.3781
1528711200,0.1301,20.0,0.3254,69.2,0.00138,0.1722,0.4307,0.3971
1528711500,0.1363,25.2,0.325,61.4,0.00103,0.179,0.4269,0.3941
1528711800,0.1494,27.1,0.3246,61.9,0.00123,0.193,0.4194,0.3876
1528712100,0.132,26.3,0.3259,58.7,0.00131,0.1742,0.43,0.3958
1528712400,0.1313,18.4,0.3281,62.4,0.00215,0.1729,0.4321,0.395
1528712700,0.2254,28.5,0.3274,70.0,0.0021,0.2643,0.3839,0.3518
1528713000,0.1935,25.9,0.3335,76.6,0.00157,0.234,0.4033,0.3628
1528713300,0.1789,27.8,0.3359,65.0,0.00176,0.2196,0.4122,0.3682
1528713600,0.176,28.8,0.3348,62.8,0.00199,0.2171,0.4129,0.37
1528713900,0.1847,32.4,0.336,80.1,0.00241,0.2251,0.4094,0.3655
1528714200,0.1636,25.0,0.3353,63.7,0.00125,0.2048,0.4197,0.3755
1528714500,0.1955,27.2,0.3374,70.5,0.00272,0.2347,0.4051,0.3602
1528714800,0.2034,32.7,0.3391,73.0,0.0011,0.2414,0.4025,0.3561
1528715100,0.1967,29.7,0.3412,62.8,0.00148,0.2348,0.4072,0.358
1528715400,0.2108,33.6,0.3408,78.5,0.00178,0.2475,0.4002,0.3523
1528715700,0.2033,30.1,0.3404,74.2,0.00203,0.241,0.4035,0.3556
1528716000,0.1656,23.1,0.3401,75.9,0.00283,0.2055,0.4221,0.3723
1528716300,0.195,24.7,0.3384,65.4,0.0015,0.234,0.406,0.36
1528716600,0.1512,20.9,0.343,65.7,0.00152,0.1904,0.4319,0.3777
1528716900,0.1424,27.0,0.3454,64.5,0.00266,0.1808,0.4384,0.3808
1528717200,0.1708,30.5,0.3402,68.7,0.00179,0.2106,0.4195,0.3699
1528717500,0.1785,33.0,0.3424,59.1,0.00151,0.2174,0.4171,0.3655
1528717800,0.1621,28.9,0.3446,66.9,0.00262,0.2009,0.4272,0.3719
1528718100,0.1918,31.9,0.3451,60.6,0.00131,0.2292,0.4124,0.3585
1528718400,0.1695,25.1,0.3443,69.1,0.00199,0.2083,0.4231,0.3686
1528718700,0.1759,23.8,0.3464,54.8,0.00168,0.2139,0.4213,0.3648
1528719000,0.2012,31.6,0.3467,59.0,0.0015,0.2373,0.4089,0.3538
1528719300,0.1929,29.8,0.3442,74.2,0.00212,0.2304,0.4112,0.3584
1528719600,0.1814,28.0,0.3442,64.9,0.00229,0.2197,0.4169,0.3634
1528719900,0.2662,34.8,0.3473,70.7,0.00233,0.2914,0.3802,0.3284
1528720200,0.2268,31.8,0.3514,80.3,0.0012,0.2583,0.4001,0.3416
1528720500,0.212,33.7,0.3556,73.2,0.00139,0.2444,0.4099,0.3458
1528720800,0.2317,35.1,0.358,78.4,0.00282,0.2604,0.4024,0.3372
1528721100,0.2289,32.7,0.3565,71.9,0.0017,0.2585,0.4026,0.3388
1528721400,0.2008,31.6,0.3588,86.2,0.00265,0.2336,0.4174,0.349
1528721700,0.2294,32.6,0.3618,69.3,0.00164,0.2574,0.406,0.3366
1528722000,0.1985,27.5,0.3561,80.3,0.00112,0.2323,0.4167,0.351
1528722300,0.2039,31.5,0.3581,70.0,0.00143,0.2365,0.4154,0.348
1528722600,0.211,25.6,0.3595,61.2,0.00272,0.2424,0.413,0.3446
1528722900,0.2132,33.1,0.3594,74.2,0.0012,0.2443,0.4119,0.3438
1528723200,0.2049,25.8,0.3601,72.4,0.0012,0.2369,0.4163,0.3468
1528723500,0.3167,38.0,0.3577,75.4,0.00118,0.325,0.3671,0.3079
1528723800,0.2411,29.3,0.3638,68.6,0.00243,0.2664,0.402,0.3315
1528724100,0.2319,32.9,0.368,73.0,0.00245,0.2577,0.4089,0.3334
1528724400,0.2328,31.2,0.3686,75.4,0.00181,0.2583,0.4089,0.3328
1528724700,0.237,26.8,0.3667,58.9,0.00201,0.2623,0.4058,0.332
1528725000,0.2058,30.7,0.3675,76.9,0.00134,0.2357,0.4208,0.3435
1528725300,0.2362,29.8,0.3671,70.7,0.00153,0.2615,0.4064,0.3321
1528725600,0.2279,33.6,0.3681,64.8,0.00155,0.2544,0.4108,0.3348
1528725900,0.2556,32.9,0.3699,81.2,0.00114,0.2762,0.3997,0.3241
1528726200,0.2604,34.4,0.3676,75.9,0.0027,0.2806,0.3961,0.3233
1528726500,0.2448,29.3,0.3672,81.8,0.00115,0.2684,0.4026,0.3289
1528726800,0.2136,28.2,0.3716,74.0,0.00179,0.2413,0.4198,0.3389
1528727100,0.2999,34.6,0.3799,80.0,0.00103,0.3061,0.3877,0.3062
1528727400,0.2452,34.7,0.3815,73.6,0.00276,0.2646,0.4117,0.3237
1528727700,0.2339,36.4,0.3784,76.3,0.0015,0.2564,0.4148,0.3288
1528728000,0.2302,28.7,0.3753,70.5,0.00218,0.2542,0.4145,0.3313
1528728300,0.2166,33.4,0.3731,66.5,0.0015,0.2435,0.4194,0.3372
1528728600,0.1459,18.7,0.372,68.2,0.00113,0.1784,0.4548,0.3668
1528728900,0.1736,23.6,0.3676,66.5,0.00169,0.2064,0.437,0.3566
1528729200,0.1537,22.9,0.3665,65.6,0.00201,0.1874,0.4468,0.3658
1528729500,0.1564,21.9,0.3644,72.2,0.00205,0.1905,0.444,0.3655
1528729800,0.1651,21.8,0.3662,65.8,0.00195,0.1986,0.4405,0.3609
1528730100,0.1483,26.6,0.368,64.9,0.00132,0.1817,0.4508,0.3675
1528730400,0.1187,22.7,0.3654,58.3,0.00168,0.1514,0.466,0.3826
1528730700,0.2103,30.9,0.365,73.6,0.00226,0.2403,0.417,0.3427
1528731000,0.1671,28.8,0.3454,68.8,0.00161,0.2057,0.4251,0.3692
1528731300,0.184,28.7,0.343,73.8,0.00159,0.2225,0.4148,0.3628
1528731600,0.1857,30.0,0.3437,65.1,0.00194,0.2239,0.4144,0.3617
1528731900,0.1741,27.0,0.3461,64.7,0.00153,0.2123,0.422,0.3658
1528732200,0.1658,23.0,0.3502,71.3,0.0019,0.2032,0.4292,0.3676
1528732500,0.2026,32.4,0.3585,71.8,0.00234,0.2353,0.4163,0.3484
1528732800,0.1636,24.7,0.3651,60.9,0.00131,0.1974,0.4406,0.362
1528733100,0.1896,25.5,0.3664,76.8,0.00219,0.2215,0.428,0.3505
1528733400,0.2036,28.7,0.3704,60.2,0.00218,0.233,0.4238,0.3432
1528733700,0.2131,27.2,0.3729,76.0,0.00284,0.2405,0.4209,0.3386
1528734000,0.2188,29.1,0.3757,64.3,0.00146,0.2446,0.42,0.3354
1528734300,0.2648,34.6,0.3726,87.8,0.00138,0.2825,0.3975,0.32
1528734600,0.2392,32.8,0.375,64.7,0.00179,0.2616,0.4102,0.3282
1528734900,0.22,27.7,0.3747,78.9,0.00102,0.2459,0.4188,0.3353
1528735200,0.234,29.9,0.3783,72.9,0.00149,0.2565,0.4147,0.3288
1528735500,0.2723,37.3,0.3792,75.0,0.00112,0.2862,0.3985,0.3153
1528735800,0.2657,35.1,0.377,77.7,0.00204,0.2819,0.3999,0.3182
1528736100,0.3204,43.7,0.3775,85.8,0.00203,0.3211,0.3783,0.3006
1528736400,0.2661,37.2,0.3773,71.2,0.00179,0.2821,0.3999,0.318
1528736700,0.3299,41.5,0.378,78.1,0.00214,0.3273,0.375,0.2976
1528737000,0.2942,31.4,0.3782,83.3,0.00182,0.3026,0.3889,0.3085
1528737300,0.2326,33.6,0.3754,63.0,0.00157,0.2562,0.4134,0.3304
1528737600,0.2142,29.8,0.3718,67.9,0.00272,0.2418,0.4196,0.3386
1528737900,0.2592,31.5,0.3692,94.2,0.00186,0.2792,0.3977,0.3231
1528738200,0.2878,35.7,0.3741,73.0,0.00174,0.2992,0.3889,0.3119
1528738500,0.2647,36.4,0.3739,83.4,0.00137,0.282,0.3984,0.3196
1528738800,0.2608,34.8,0.3764,72.6,0.00119,0.2783,0.4016,0.3201
1528739100,0.2801,32.0,0.3787,81.1,0.00159,0.2921,0.395,0.3129
1528739400,0.2272,33.1,0.3782,76.6,0.00145,0.2509,0.4177,0.3313
1528739700,0.2256,28.9,0.3771,79.3,0.00105,0.2499,0.4177,0.3323
1528740000,0.1735,27.8,0.3762,66.1,0.00142,0.2042,0.4427,0.3531
1528740300,0.1826,26.9,0.3747,80.2,0.00141,0.213,0.4371,0.3499
1528740600,0.1756,26.6,0.3709,64.0,0.00112,0.2074,0.4382,0.3544
1528740900,0.1684,29.1,0.3745,68.2,0.00281,0.1998,0.4443,0.3559
1528741200,0.1445,22.0,0.377,65.9,0.00159,0.1759,0.4589,0.3652
1528741500,0.2156,35.9,0.3757,64.8,0.00192,0.2419,0.4215,0.3366
1528741800,0.1769,21.9,0.375,66.0,0.00148,0.2077,0.4402,0.3522
1528742100,0.1786,25.7,0.3626,68.8,0.00105,0.2123,0.4311,0.3566
1528742400,0.1825,28.9,0.3594,65.7,0.0023,0.2168,0.4269,0.3563
1528742700,0.2015,30.9,0.3583,84.8,0.00241,0.2344,0.4167,0.3489
1528743000,0.1786,27.2,0.3581,62.8,0.0014,0.2135,0.428,0.3586
1528743300,0.2075,29.4,0.3587,77.8,0.00193,0.2396,0.4141,0.3463
1528743600,0.1851,29.2,0.3582,73.6,0.00206,0.2195,0.4248,0.3557
1528743900,0.1764,26.7,0.3576,67.6,0.00125,0.2115,0.4288,0.3597
1528744200,0.1758,31.5,0.3545,62.4,0.0033,0.2117,0.427,0.3613
1528744500,0.1474,27.8,0.3557,60.1,0.00154,0.1835,0.4429,0.3736
1528744800,0.1174,25.8,0.3473,58.6,0.00259,0.1535,0.4542,0.3923
1528745100,0.2029,26.3,0.3495,59.6,0.00173,0.238,0.41,0.3519
1528745400,0.177,27.2,0.3538,61.7,0.00162,0.213,0.4259,0.3611
1528745700,0.1706,26.0,0.3555,58.2,0.00182,0.2065,0.4303,0.3632
1528746000,0.183,24.8,0.3568,76.4,0.00139,0.2179,0.4249,0.3572
1528746300,0.1977,29.9,0.3586,73.5,0.00137,0.2309,0.4188,0.3503
1528746600,0.1747,25.6,0.3558,72.2,0.00168,0.2104,0.4284,0.3612
1528746900,0.211,31.7,0.3529,74.6,0.00209,0.2442,0.4085,0.3473
1528747200,0.1713,23.8,0.3521,68.1,0.00152,0.208,0.4276,0.3643
1528747500,0.1742,32.4,0.3468,76.2,0.00295,0.2122,0.4224,0.3654
1528747800,0.1797,24.9,0.3458,64.3,0.00206,0.2177,0.4189,0.3634
1528748100,0.1571,26.7,0.3461,66.4,0.00116,0.1956,0.4309,0.3735
1528748400,0.1371,27.0,0.346,68.2,0.00115,0.1751,0.4418,0.3831
1528748700,0.2084,27.9,0.3473,62.9,0.00186,0.2435,0.4059,0.3506
1528749000,0.1692,29.4,0.3494,85.5,0.00104,0.2067,0.4268,0.3665
1528749300,0.1646,22.8,0.3493,66.6,0.00105,0.2022,0.4292,0.3686
1528749600,0.191,32.7,0.3507,70.0,0.00124,0.2269,0.4167,0.3564
1528749900,0.1855,28.0,0.3504,76.1,0.00126,0.2219,0.4192,0.3589
1528750200,0.1651,24.8,0.3447,72.0,0.00109,0.2039,0.4257,0.3705
1528750500,0.1863,27.1,0.3413,68.9,0.00213,0.2251,0.4124,0.3625
1528750800,0.1509,28.0,0.3403,65.9,0.00108,0.1907,0.4301,0.3792
1528751100,0.1729,25.3,0.3406,58.3,0.00103,0.2125,0.4187,0.3688
1528751400,0.1712,24.7,0.3387,63.8,0.00103,0.2114,0.4182,0.3704
1528751700,0.1516,24.9,0.3373,68.3,0.0023,0.1922,0.4276,0.3803
1528752000,0.1398,21.3,0.3328,66.6,0.00211,0.1809,0.4308,0.3883
1528752300,0.2193,35.8,0.3357,79.3,0.00278,0.2565,0.3926,0.3509
1528752600,0.1879,26.5,0.3384,68.1,0.00218,0.2274,0.4095,0.3631
1528752900,0.1921,30.9,0.3416,60.9,0.00165,0.2304,0.4097,0.3598
1528753200,0.2141,30.6,0.3404,77.8,0.00174,0.2506,0.3984,0.3511
1528753500,0.2089,26.7,0.3386,79.5,0.00203,0.2465,0.3995,0.354
1528753800,0.1731,27.1,0.3369,72.7,0.0024,0.2137,0.4159,0.3704
1528754100,0.1899,30.6,0.3367,68.0,0.00209,0.2297,0.4073,0.3629
1528754400,0.1451,24.6,0.3378,70.8,0.00128,0.1853,0.4315,0.3832
1528754700,0.1556,29.5,0.3358,86.1,0.00334,0.1966,0.4243,0.3791
1528755000,0.1592,29.2,0.3336,66.6,0.00225,0.2008,0.4208,0.3784
1528755300,0.1498,28.2,0.3349,57.1,0.00125,0.1909,0.4268,0.3823
1528755600,0.1368,23.2,0.3342,60.2,0.00342,0.1774,0.4335,0.3891
1528755900,0.2558,29.7,0.3344,79.3,0.00108,0.2874,0.3756,0.337
1528756200,0.2275,29.1,0.3381,63.1,0.00136,0.2628,0.3906,0.3466
1528756500,0.2306,31.7,0.3436,74.1,0.00138,0.2638,0.393,0.3432
1528756800,0.2329,32.9,0.3432,75.6,0.00185,0.2658,0.3917,0.3424
1528757100,0.2432,25.5,0.3437,83.5,0.00116,0.2742,0.3875,0.3383
1528757400,0.2189,30.3,0.342,79.8,0.00194,0.2543,0.3973,0.3485
1528757700,0.2423,32.4,0.3391,79.4,0.00287,0.2749,0.3847,0.3404
1528758000,0.2149,29.2,0.3372,58.5,0.00252,0.2522,0.3957,0.3521
1528758300,0.2248,34.6,0.3378,78.0,0.00166,0.2606,0.3916,0.3478
1528758600,0.2363,32.8,0.3379,77.9,0.00109,0.2703,0.3865,0.3432
1528758900,0.1896,32.2,0.3368,70.5,0.00166,0.2294,0.4076,0.363
1528759200,0.1623,25.7,0.3307,55.8,0.00102,0.2047,0.417,0.3783
1528759500,0.2354,34.3,0.3318,68.9,0.00264,0.2714,0.3826,0.3459
1528759800,0.1958,33.6,0.337,62.6,0.00187,0.2351,0.4047,0.3602
1528760100,0.2002,32.9,0.3408,57.9,0.0012,0.238,0.4052,0.3567
1528760400,0.233,28.0,0.3401,73.3,0.00192,0.2669,0.3895,0.3436
1528760700,0.22,29.6,0.3388,67.2,0.00155,0.2562,0.3945,0.3493
1528761000,0.1997,27.9,0.3382,85.7,0.0014,0.2383,0.4036,0.358
1528761300,0.2064,30.9,0.3403,69.6,0.00198,0.2438,0.4019,0.3543
1528761600,0.1692,28.9,0.3402,74.7,0.00152,0.209,0.4203,0.3706
1528761900,0.1768,24.9,0.34,58.3,0.00186,0.2165,0.4163,0.3673
1528762200,0.186,28.2,0.3402,65.4,0.00116,0.2251,0.4118,0.3631
1528762500,0.1887,22.1,0.3419,69.5,0.00125,0.2272,0.4116,0.3612
1528762800,0.1765,31.7,0.3437,62.2,0.00155,0.2152,0.419,0.3658
1528763100,0.2818,33.2,0.3454,75.6,0.00167,0.3039,0.3725,0.3236
1528763400,0.2409,32.0,0.3475,72.8,0.00261,0.2712,0.3912,0.3377
1528763700,0.2362,30.6,0.3453,72.2,0.00191,0.268,0.3917,0.3403
1528764000,0.2657,37.0,0.3463,87.7,0.00194,0.2913,0.3797,0.3289
1528764300,0.2763,25.8,0.3518,79.9,0.00151,0.2977,0.3791,0.3232
1528764600,0.2785,34.4,0.358,80.7,0.00256,0.2974,0.3823,0.3203
1528764900,0.3181,36.9,0.3592,85.0,0.00116,0.3255,0.3675,0.307
1528765200,0.2862,33.7,0.3622,82.3,0.00124,0.3018,0.3819,0.3163
1528765500,0.2844,40.1,0.367,77.9,0.00127,0.2989,0.3857,0.3153
1528765800,0.3039,33.6,0.3708,78.5,0.00259,0.3118,0.3804,0.3078
1528766100,0.2267,33.2,0.3754,73.7,0.00158,0.2513,0.4161,0.3326
1528766400,0.2085,30.7,0.3737,77.8,0.00122,0.2363,0.4236,0.3401
1528766700,0.2987,39.7,0.3734,86.6,0.00111,0.3073,0.3841,0.3086
1528767000,0.2606,31.2,0.374,74.6,0.00214,0.2788,0.4002,0.321
1528767300,0.2541,30.6,0.3705,80.0,0.00234,0.2748,0.4007,0.3245
1528767600,0.2702,37.2,0.3719,75.9,0.00147,0.2868,0.3948,0.3184
1528767900,0.2642,34.8,0.3692,76.6,0.00223,0.2831,0.3955,0.3214
1528768200,0.2475,27.7,0.3667,71.9,0.00118,0.2707,0.4011,0.3282
1528768500,0.2702,32.3,0.3651,75.9,0.00117,0.2889,0.3904,0.3208
1528768800,0.228,32.1,0.3617,80.8,0.00218,0.2563,0.4065,0.3372
1528769100,0.2103,32.2,0.361,71.6,0.00149,0.2414,0.4143,0.3443
1528769400,0.2102,27.7,0.3569,71.8,0.00174,0.2424,0.4116,0.346
1528769700,0.2072,20.8,0.3591,62.0,0.002,0.2392,0.4145,0.3463
1528770000,0.1938,30.1,0.3588,67.5,0.00121,0.2273,0.4208,0.3519
1528770300,0.2848,31.3,0.3588,77.0,0.00133,0.3018,0.3802,0.3179
1528770600,0.2278,24.9,0.3599,67.8,0.00189,0.2566,0.4054,0.338
1528770900,0.2132,21.4,0.3555,71.4,0.00109,0.2454,0.4092,0.3453
1528771200,0.2212,32.9,0.3383,69.5,0.00139,0.2574,0.3936,0.349
1528771500,0.2344,31.8,0.3366,73.9,0.00166,0.2691,0.3865,0.3444
1528771800,0.2213,29.8,0.3345,72.9,0.00178,0.2586,0.3909,0.3505
1528772100,0.2498,36.7,0.3364,69.2,0.00138,0.2819,0.3796,0.3385
1528772400,0.2064,31.4,0.336,68.2,0.00235,0.245,0.3989,0.3561
1528772700,0.2059,34.3,0.3335,71.1,0.00196,0.2453,0.3973,0.3574
1528773000,0.2141,25.8,0.3324,78.5,0.00145,0.2529,0.3927,0.3544
1528773300,0.2033,29.1,0.332,71.9,0.00183,0.2434,0.3975,0.3592
1528773600,0.1885,23.3,0.3322,64.9,0.00202,0.2297,0.4048,0.3655
1528773900,0.252,32.0,0.3357,77.6,0.00201,0.2839,0.3782,0.338
1528774200,0.2093,28.9,0.3356,81.2,0.00135,0.2477,0.3972,0.3551
1528774500,0.1862,29.9,0.3352,74.1,0.00321,0.2267,0.4081,0.3652
1528774800,0.1934,28.7,0.3314,72.6,0.00211,0.2345,0.4018,0.3637
1528775100,0.1885,30.1,0.3325,73.2,0.00171,0.2296,0.405,0.3654
1528775400,0.1671,28.8,0.3314,75.3,0.00165,0.2093,0.415,0.3757
1528775700,0.189,34.7,0.3321,75.4,0.00198,0.2302,0.4045,0.3654
1528776000,0.165,25.6,0.33,69.9,0.002,0.2075,0.4151,0.3774
1528776300,0.1658,23.8,0.3285,73.0,0.00119,0.2087,0.4136,0.3777
1528776600,0.1713,27.7,0.33,60.6,0.00138,0.2138,0.4118,0.3744
1528776900,0.1592,23.7,0.3282,56.9,0.0014,0.2022,0.4168,0.381
1528777200,0.1468,29.7,0.3292,65.6,0.00146,0.1892,0.4242,0.3866
1528777500,0.2283,30.1,0.328,73.2,0.00223,0.2666,0.383,0.3503
1528777800,0.2717,32.3,0.3301,73.9,0.00142,0.3013,0.366,0.3327
1528778100,0.2896,33.9,0.3277,83.9,0.00105,0.3157,0.3572,0.327
1528778400,0.2965,37.9,0.3285,68.5,0.00182,0.3205,0.3551,0.3243
1528778700,0.2804,34.2,0.3278,74.8,0.00279,0.3087,0.3609,0.3303
1528779000,0.3025,34.2,0.3273,77.3,0.00178,0.3253,0.352,0.3227
1528779300,0.2903,40.3,0.3279,69.2,0.00103,0.3162,0.3571,0.3267
1528779600,0.2237,28.1,0.3268,81.3,0.00105,0.263,0.3842,0.3527
1528779900,0.2077,29.6,0.3216,62.6,0.00199,0.2505,0.3878,0.3618
1528780200,0.2348,33.4,0.3202,69.9,0.00119,0.2746,0.3745,0.3509
1528780500,0.2138,25.1,0.3227,76.8,0.0021,0.2556,0.3858,0.3586
1528780800,0.1947,30.1,0.3197,73.3,0.001,0.2391,0.3926,0.3684
1528781100,0.267,30.5,0.3186,70.1,0.00103,0.3015,0.3598,0.3388
1528781400,0.2499,35.0,0.3188,79.1,0.00121,0.2877,0.367,0.3453
1528781700,0.2406,29.0,0.3196,75.8,0.00224,0.2797,0.3715,0.3488
1528782000,0.2487,34.5,0.3191,88.9,0.00162,0.2866,0.3677,0.3457
1528782300,0.2251,34.1,0.3197,74.9,0.00226,0.2665,0.3784,0.3551
1528782600,0.1882,30.8,0.3207,68.0,0.00194,0.2327,0.3965,0.3709
1528782900,0.203,30.0,0.3161,65.2,0.00205,0.2478,0.3859,0.3663
1528783200,0.1691,26.1,0.3152,62.4,0.00118,0.2156,0.4019,0.3825
1528783500,0.1699,25.2,0.315,62.0,0.00135,0.2165,0.4013,0.3822
1528783800,0.1579,30.5,0.3167,74.0,0.001,0.2038,0.4089,0.3873
1528784100,0.1424,22.9,0.318,64.3,0.00191,0.1873,0.4182,0.3945
1528784400,0.1258,20.7,0.3192,66.0,0.00201,0.1689,0.4285,0.4027
1528784700,0.1991,30.9,0.3192,79.0,0.00183,0.2433,0.3901,0.3666
1528785000,0.1735,24.8,0.3206,53.2,0.00117,0.2185,0.4037,0.3778
1528785300,0.1588,23.3,0.3206,73.6,0.00148,0.2037,0.4113,0.3849
1528785600,0.162,22.0,0.3214,66.5,0.00158,0.2068,0.4103,0.3829
1528785900,0.1679,25.3,0.3193,69.4,0.00131,0.2133,0.4056,0.3811
1528786200,0.1378,24.4,0.3166,58.8,0.0024,0.1827,0.4197,0.3977
1528786500,0.1652,27.3,0.3159,62.0,0.00196,0.2115,0.4044,0.3841
1528786800,0.1151,25.9,0.3139,64.4,0.00186,0.1579,0.4306,0.4115
1528787100,0.113,24.5,0.313,75.6,0.0013,0.1556,0.4311,0.4132
1528787400,0.1239,23.1,0.3123,68.4,0.00263,0.1683,0.4242,0.4075
1528787700,0.1139,22.4,0.3129,69.0,0.0013,0.1567,0.4305,0.4128
1528788000,0.0873,22.6,0.3132,57.6,0.00136,0.1246,0.4471,0.4283
1528788300,0.1669,30.5,0.3111,63.1,0.00141,0.2145,0.3999,0.3856
1528788600,0.1437,25.4,0.3142,59.7,0.00132,0.1896,0.4146,0.3958
1528788900,0.1331,22.9,0.3158,60.4,0.00166,0.1777,0.4217,0.4006
1528789200,0.1457,22.2,0.3152,52.3,0.00127,0.1915,0.4142,0.3943
1528789500,0.1409,20.5,0.3102,59.7,0.00103,0.1876,0.413,0.3994
1528789800,0.0919,23.4,0.3076,55.8,0.00151,0.1314,0.4397,0.4289
1528790100,0.1052,24.1,0.3042,59.5,0.00225,0.1483,0.4288,0.4229
1528790400,0.0698,21.6,0.3069,57.8,0.0029,0.1031,0.4535,0.4433
1528790700,0.0756,19.9,0.3094,59.7,0.00217,0.1104,0.4517,0.438
1528791000,0.0759,24.5,0.3083,57.5,0.00156,0.1109,0.4506,0.4385
1528791300,0.0577,17.6,0.3079,52.3,0.00176,0.0867,0.4626,0.4507
1528791600,0.0454,21.0,0.306,42.8,0.00286,0.0697,0.4698,0.4605
1528791900,0.1271,23.8,0.3082,59.3,0.00176,0.1729,0.4191,0.408
1528792200,0.0866,19.2,0.3083,52.8,0.00159,0.1246,0.4437,0.4317
1528792500,0.0953,23.4,0.3068,62.3,0.00139,0.1357,0.437,0.4273
1528792800,0.1235,24.9,0.3097,67.8,0.00163,0.1684,0.4224,0.4092
1528793100,0.1406,25.9,0.3105,69.7,0.00199,0.1872,0.4134,0.3994
1528793400,0.1338,24.6,0.3165,67.9,0.00128,0.1783,0.4218,0.3998
1528793700,0.158,25.9,0.3245,65.0,0.0021,0.2019,0.4147,0.3834
1528794000,0.0963,28.9,0.3266,56.5,0.00282,0.1332,0.4518,0.415
1528794300,0.1178,26.8,0.3301,57.3,0.00225,0.1575,0.4414,0.4011
1528794600,0.1532,27.9,0.3337,56.3,0.00118,0.1947,0.4241,0.3812
1528794900,0.118,23.6,0.3375,67.8,0.00135,0.1562,0.4467,0.3971
1528795200,0.1271,26.9,0.3393,61.7,0.00236,0.1658,0.4427,0.3914
1528795500,0.16,27.8,0.3405,58.5,0.00113,0.1999,0.4254,0.3748
1528795800,0.0841,21.0,0.3367,53.5,0.00215,0.1167,0.4671,0.4162
1528796100,0.0911,20.5,0.3397,53.9,0.00107,0.1247,0.4648,0.4105
1528796400,0.109,22.4,0.3379,61.2,0.00194,0.1459,0.4524,0.4017
1528796700,0.1006,12.5,0.3359,66.5,0.00159,0.1366,0.4561,0.4073
1528797000,0.1069,23.1,0.3359,58.6,0.00181,0.1439,0.4522,0.4039
1528797300,0.1776,26.0,0.3376,54.2,0.00185,0.2179,0.4141,0.368
1528797600,0.1255,28.6,0.3425,61.4,0.00137,0.1634,0.446,0.3906
1528797900,0.1602,26.3,0.3398,65.1,0.00219,0.2002,0.4248,0.375
1528798200,0.1552,22.3,0.3373,64.2,0.0018,0.1958,0.4256,0.3785
1528798500,0.1046,22.2,0.3399,56.7,0.00256,0.1405,0.4565,0.403
1528798800,0.0694,16.7,0.3384,58.2,0.00192,0.0981,0.4781,0.4238
1528799100,0.1489,26.8,0.3398,65.3,0.00193,0.1888,0.4308,0.3804
1528799400,0.1464,26.1,0.3428,64.5,0.00148,0.1855,0.4344,0.3801
1528799700,0.1321,27.1,0.3413,65.7,0.001,0.1708,0.4413,0.3879
1528800000,0.1492,23.1,0.3442,62.3,0.00129,0.1881,0.4338,0.3781
1528800300,0.1359,24.6,0.3441,60.7,0.0031,0.1742,0.4412,0.3846
1528800600,0.0999,17.9,0.3435,68.3,0.00246,0.1344,0.4621,0.4036
1528800900,0.1144,25.1,0.3414,64.8,0.00109,0.1514,0.4517,0.3969
1528801200,0.0833,22.4,0.3409,63.3,0.00172,0.115,0.4707,0.4143
1528801500,0.0887,22.7,0.3429,66.2,0.002,0.1212,0.4687,0.4101
1528801800,0.101,22.1,0.3414,63.3,0.00261,0.136,0.4599,0.4041
1528802100,0.0879,22.4,0.3448,64.4,0.00157,0.12,0.4706,0.4094
1528802400,0.0745,25.0,0.3453,48.0,0.00238,0.1035,0.4797,0.4168
1528802700,0.1621,25.5,0.3447,67.4,0.00135,0.2009,0.4272,0.3718
1528803000,0.112,23.3,0.3475,60.1,0.00206,0.1475,0.4575,0.395
1528803300,0.1051,19.1,0.342,70.6,0.0029,0.1407,0.4578,0.4016
1528803600,0.1061,19.8,0.3424,66.2,0.00234,0.1418,0.4574,0.4008
1528803900,0.1101,23.0,0.3418,57.2,0.00112,0.1464,0.4546,0.399
1528804200,0.0757,23.6,0.3437,59.8,0.00273,0.1052,0.4778,0.417
1528804500,0.0849,20.2,0.34,59.5,0.0026,0.1171,0.469,0.4139
1528804800,0.0529,18.0,0.3386,58.0,0.0014,0.0765,0.4897,0.4338
1528805100,0.0687,18.6,0.3331,50.8,0.00114,0.0979,0.4746,0.4275
1528805400,0.0898,19.7,0.3339,61.1,0.00247,0.1241,0.4614,0.4145
1528805700,0.137,25.5,0.336,62.3,0.00115,0.1772,0.4347,0.3881
1528806000,0.1189,18.8,0.3418,63.6,0.00122,0.1563,0.4493,0.3944
1528806300,0.1736,31.0,0.3513,63.0,0.00113,0.2104,0.4259,0.3637
1528806600,0.0826,18.8,0.3615,54.7,0.00156,0.111,0.4858,0.4032
1528806900,0.0782,22.6,0.366,64.9,0.00149,0.1051,0.4918,0.4031
1528807200,0.0785,16.7,0.3656,51.5,0.00121,0.1055,0.4913,0.4032
1528807500,0.0893,23.3,0.3641,53.1,0.00181,0.1185,0.4833,0.3982
1528807800,0.0786,22.5,0.3578,57.6,0.00128,0.1067,0.4859,0.4074
1528808100,0.1096,23.8,0.3567,56.3,0.00111,0.143,0.4655,0.3915
1528808400,0.0813,17.7,0.3582,52.8,0.0024,0.1099,0.4844,0.4057
1528808700,0.0929,22.3,0.3605,59.9,0.0025,0.1233,0.4785,0.3982
1528809000,0.2222,27.0,0.3637,63.2,0.00166,0.2508,0.4105,0.3386
1528809300,0.1094,21.9,0.3697,54.9,0.00199,0.1404,0.4745,0.3851
1528809600,0.0823,23.8,0.3706,70.6,0.00118,0.1093,0.4922,0.3985
1528809900,0.1941,31.0,0.3715,72.2,0.00229,0.2242,0.4292,0.3466
1528810200,0.1338,24.4,0.3713,58.9,0.00225,0.1662,0.4612,0.3726
1528810500,0.1347,21.5,0.3728,66.0,0.00125,0.1668,0.4617,0.3715
1528810800,0.1283,25.9,0.3755,66.2,0.00234,0.1596,0.4672,0.3732
1528811100,0.1112,22.8,0.3704,67.1,0.00118,0.1423,0.4739,0.3838
1528811400,0.0859,14.1,0.3661,57.8,0.0017,0.1142,0.4868,0.3989
1528811700,0.1084,24.9,0.3648,66.7,0.00276,0.1402,0.4718,0.388
1528812000,0.0875,21.1,0.3643,46.5,0.0015,0.1164,0.4846,0.399
1528812300,0.1089,26.2,0.3626,54.6,0.00227,0.1412,0.47,0.3889
1528812600,0.1092,19.4,0.3621,61.9,0.00137,0.1416,0.4695,0.389
1528812900,0.087,11.6,0.3643,60.7,0.00147,0.1158,0.4849,0.3993
1528813200,0.0626,20.2,0.366,50.8,0.0016,0.0859,0.5023,0.4117
1528813500,0.1398,25.7,0.3672,65.5,0.00186,0.1732,0.455,0.3717
1528813800,0.1016,17.0,0.3686,56.4,0.00186,0.1319,0.4786,0.3895
1528814100,0.0966,18.8,0.3657,58.0,0.00189,0.1267,0.4797,0.3935
1528814400,0.1171,31.5,0.3671,67.9,0.00231,0.1493,0.4681,0.3826
1528814700,0.1338,23.4,0.3675,68.8,0.00201,0.167,0.4586,0.3744
1528815000,0.1148,25.2,0.3636,55.5,0.00134,0.1475,0.4671,0.3854
1528815300,0.1527,23.7,0.3647,58.9,0.00313,0.1868,0.4462,0.367
1528815600,0.1271,17.6,0.3652,60.2,0.00158,0.1604,0.4609,0.3786
1528815900,0.1315,23.7,0.3647,63.0,0.00113,0.1652,0.4581,0.3768
1528816200,0.1632,25.6,0.3628,62.4,0.00198,0.1976,0.4392,0.3632
1528816500,0.1451,24.0,0.3645,70.8,0.00156,0.1792,0.4502,0.3706
1528816800,0.1076,22.2,0.3667,62.8,0.00243,0.139,0.4736,0.3874
1528817100,0.1684,27.6,0.3665,69.3,0.00214,0.2017,0.439,0.3593
1528817400,0.1301,23.7,0.3701,55.4,0.00147,0.1626,0.4625,0.3749
1528817700,0.1333,20.5,0.3679,70.3,0.00122,0.1664,0.4592,0.3744
1528818000,0.1275,25.4,0.3681,45.8,0.00136,0.1603,0.4627,0.3771
1528818300,0.1268,18.0,0.3703,67.7,0.00164,0.1591,0.4646,0.3764
1528818600,0.1079,16.4,0.3666,66.4,0.00263,0.1393,0.4733,0.3873
1528818900,0.1399,27.0,0.3648,61.4,0.0013,0.1739,0.4533,0.3728
1528819200,0.0943,23.1,0.3588,67.1,0.00124,0.1252,0.4764,0.3984
1528819500,0.1094,22.5,0.357,60.6,0.00162,0.1427,0.4658,0.3914
1528819800,0.123,19.4,0.3575,62.7,0.00192,0.1576,0.458,0.3844
1528820100,0.1108,20.6,0.3605,63.1,0.00113,0.1437,0.4674,0.389
1528820400,0.0815,19.9,0.3619,77.3,0.00131,0.1096,0.4868,0.4036
1528820700,0.1567,21.2,0.359,73.7,0.00322,0.1921,0.4401,0.3678
1528821000,0.126,21.6,0.3614,66.8,0.00178,0.16,0.459,0.381
1528821300,0.1191,25.3,0.361,56.4,0.00214,0.1527,0.4628,0.3846
1528821600,0.1341,28.7,0.3633,64.3,0.00168,0.1682,0.4556,0.3762
1528821900,0.1531,24.5,0.3654,60.4,0.00124,0.187,0.4464,0.3665
1528822200,0.148,27.6,0.3662,69.7,0.00128,0.1818,0.4498,0.3685
1528822500,0.1686,21.1,0.3665,67.7,0.00101,0.2019,0.4389,0.3592
1528822800,0.137,26.6,0.3664,57.0,0.00187,0.1705,0.4561,0.3734
1528823100,0.1341,22.0,0.3637,63.9,0.00255,0.1681,0.4559,0.376
1528823400,0.1409,25.8,0.3616,59.0,0.0023,0.1756,0.4506,0.3738
1528823700,0.1386,24.0,0.3619,64.8,0.00262,0.1731,0.4521,0.3748
1528824000,0.1139,26.9,0.3629,56.2,0.00168,0.1466,0.4672,0.3862
1528824300,0.199,26.3,0.3631,70.1,0.00103,0.2308,0.4212,0.348
1528824600,0.1699,28.8,0.366,71.5,0.00261,0.2033,0.4379,0.3589
1528824900,0.1613,25.5,0.3693,65.8,0.00168,0.1942,0.4446,0.3612
1528825200,0.1885,27.7,0.3699,66.5,0.00187,0.2196,0.4309,0.3495
1528825500,0.1837,27.3,0.3701,69.6,0.0016,0.2152,0.4335,0.3514
1528825800,0.1529,23.2,0.3673,69.5,0.00152,0.1864,0.4478,0.3658
1528826100,0.1731,27.1,0.366,60.7,0.00176,0.2063,0.4362,0.3575
1528826400,0.1469,25.1,0.3658,66.3,0.00116,0.1808,0.4501,0.3691
1528826700,0.151,26.3,0.3643,73.0,0.0026,0.1852,0.4468,0.368
1528827000,0.1607,26.5,0.3673,69.5,0.00148,0.1941,0.4436,0.3623
1528827300,0.1356,26.9,0.3704,63.9,0.00252,0.1682,0.4596,0.3722
1528827600,0.1327,27.1,0.3705,67.1,0.00193,0.1652,0.4613,0.3735
1528827900,0.1862,24.9,0.3711,71.3,0.00222,0.2172,0.4329,0.3499
1528828200,0.159,28.7,0.3755,70.4,0.00218,0.1905,0.45,0.3595
1528828500,0.1573,22.5,0.3726,53.6,0.00137,0.1895,0.449,0.3615
1528828800,0.172,28.8,0.3717,57.9,0.00128,0.2039,0.4406,0.3556
1528829100,0.1779,29.3,0.372,73.8,0.00153,0.2093,0.4377,0.353
1528829400,0.1608,20.5,0.3731,57.0,0.00177,0.1928,0.4474,0.3598
1528829700,0.1789,27.8,0.3736,70.3,0.00136,0.2099,0.4382,0.3519
1528830000,0.1625,25.0,0.3724,64.1,0.00251,0.1946,0.446,0.3593
1528830300,0.1556,23.6,0.3686,59.6,0.00125,0.1888,0.4472,0.364
1528830600,0.1635,30.5,0.3697,68.4,0.00105,0.1962,0.4437,0.3601
1528830900,0.1493,23.5,0.3721,66.1,0.00193,0.1818,0.453,0.3652
1528831200,0.1344,22.0,0.3726,76.1,0.00257,0.1665,0.4617,0.3717
1528831500,0.2285,31.2,0.3709,69.1,0.00161,0.2541,0.4124,0.3336
1528831800,0.1852,30.0,0.3756,77.2,0.00169,0.2151,0.4363,0.3485
1528832100,0.172,26.6,0.3756,69.3,0.00149,0.2029,0.4431,0.3539
1528832400,0.181,31.2,0.3789,64.1,0.001,0.2105,0.4406,0.3489
1528832700,0.1713,28.6,0.3786,71.9,0.00163,0.2016,0.4455,0.353
1528833000,0.1702,20.4,0.3775,70.4,0.00115,0.2008,0.4453,0.3539
1528833300,0.1993,27.4,0.3722,70.1,0.0026,0.2287,0.4271,0.3442
1528833600,0.1701,25.2,0.3769,68.6,0.0012,0.2008,0.445,0.3542
1528833900,0.171,28.4,0.374,63.5,0.0015,0.2024,0.4426,0.355
1528834200,0.1779,19.6,0.3709,62.8,0.00163,0.2096,0.437,0.3534
1528834500,0.1631,34.1,0.3713,70.9,0.00226,0.1955,0.445,0.3595
1528834800,0.1418,26.5,0.3746,62.8,0.00192,0.1737,0.4588,0.3675
1528835100,0.2132,30.4,0.3744,70.8,0.0023,0.2402,0.4218,0.338
1528835400,0.1842,31.4,0.3783,70.1,0.00164,0.2136,0.4386,0.3478
1528835700,0.1746,34.3,0.376,69.1,0.00165,0.2053,0.442,0.3527
1528836000,0.1954,31.3,0.3776,61.0,0.00148,0.2238,0.4325,0.3436
1528836300,0.193,31.4,0.3761,77.0,0.00191,0.2221,0.4327,0.3452
1528836600,0.1944,29.0,0.3731,70.2,0.00115,0.2241,0.4301,0.3458
1528836900,0.2413,31.5,0.3732,72.9,0.0022,0.2639,0.4081,0.328
1528837200,0.2167,28.7,0.3753,74.3,0.0019,0.2429,0.4207,0.3363
1528837500,0.1985,26.4,0.374,71.3,0.00173,0.2275,0.4287,0.3438
1528837800,0.1973,26.7,0.3771,74.3,0.0029,0.2256,0.4313,0.3431
1528838100,0.1734,23.1,0.376,70.6,0.00213,0.2041,0.4427,0.3532
1528838400,0.1525,25.4,0.3803,69.6,0.00111,0.1831,0.4567,0.3602
1528838700,0.2295,26.0,0.3838,81.1,0.00214,0.2513,0.4202,0.3285
1528839000,0.205,29.9,0.3877,75.8,0.00246,0.2296,0.4343,0.3361
1528839300,0.2087,29.5,0.3865,69.9,0.0017,0.2331,0.4317,0.3351
1528839600,0.2216,31.0,0.3849,65.4,0.00125,0.2445,0.4246,0.3309
1528839900,0.2007,27.5,0.3838,80.1,0.00183,0.2269,0.4339,0.3392
1528840200,0.1884,37.4,0.386,67.4,0.00302,0.2155,0.4414,0.3431
1528840500,0.2203,34.5,0.3833,69.2,0.00236,0.2438,0.4242,0.332
1528840800,0.193,24.8,0.3836,58.9,0.00145,0.2202,0.4376,0.3422
1528841100,0.1991,29.6,0.3847,71.9,0.0019,0.2253,0.4353,0.3394
1528841400,0.2025,27.4,0.3891,71.1,0.00135,0.2271,0.4364,0.3365
1528841700,0.2009,26.0,0.391,61.0,0.00114,0.2252,0.4384,0.3364
1528842000,0.1903,24.3,0.3913,71.7,0.00301,0.2159,0.4439,0.3403
1528842300,0.3237,39.0,0.3976,79.4,0.00227,0.3169,0.3893,0.2937
1528842600,0.303,34.2,0.4094,96.4,0.00122,0.2993,0.4044,0.2963
1528842900,0.3149,39.9,0.4159,78.1,0.00112,0.3055,0.4035,0.291
1528843200,0.3246,40.7,0.4181,79.8,0.00213,0.3113,0.401,0.2877
1528843500,0.2646,37.6,0.417,71.2,0.00225,0.2696,0.4248,0.3056
1528843800,0.241,29.3,0.4104,81.8,0.00215,0.2533,0.4314,0.3153
1528844100,0.2753,35.7,0.392,75.3,0.00125,0.2846,0.4053,0.3101
1528844400,0.2464,34.1,0.3923,70.3,0.002,0.2625,0.4179,0.3196
1528844700,0.2522,31.2,0.3905,79.5,0.00199,0.2675,0.4142,0.3182
1528845000,0.2472,30.0,0.3909,66.4,0.00237,0.2635,0.4167,0.3198
1528845300,0.2229,35.4,0.3878,76.0,0.00295,0.2448,0.4258,0.3294
1528845600,0.207,30.2,0.3841,81.4,0.00103,0.2323,0.431,0.3367
1528845900,0.2883,37.1,0.3881,82.2,0.00206,0.2953,0.3975,0.3073
1528846200,0.25,30.0,0.3872,78.8,0.00223,0.2668,0.4131,0.3201
1528846500,0.2314,27.5,0.3906,78.4,0.00228,0.251,0.4236,0.3254
1528846800,0.2469,30.6,0.389,84.9,0.00114,0.2638,0.4156,0.3205
1528847100,0.2555,32.5,0.3857,82.8,0.00101,0.2715,0.4098,0.3187
1528847400,0.2376,28.4,0.383,76.4,0.00224,0.2581,0.416,0.3259
1528847700,0.2564,32.9,0.385,81.1,0.00136,0.2724,0.409,0.3187
1528848000,0.2272,25.8,0.3854,67.4,0.00237,0.249,0.4223,0.3287
1528848300,0.2433,28.7,0.3871,79.0,0.00159,0.2615,0.4161,0.3224
1528848600,0.2346,33.4,0.3868,67.4,0.00105,0.2546,0.4198,0.3256
1528848900,0.241,33.7,0.3866,71.9,0.00138,0.2598,0.4168,0.3234
1528849200,0.2123,28.7,0.388,52.7,0.00229,0.2358,0.431,0.3332
1528849500,0.309,33.6,0.3881,83.3,0.0013,0.3099,0.3892,0.3009
1528849800,0.2617,30.2,0.3917,72.3,0.00141,0.2745,0.4108,0.3147
1528850100,0.2699,32.8,0.3915,83.7,0.00132,0.2807,0.4072,0.312
1528850400,0.2902,37.2,0.3917,81.4,0.00117,0.2955,0.3989,0.3055
1528850700,0.2814,37.5,0.3906,84.9,0.00179,0.2895,0.4019,0.3086
1528851000,0.2684,32.3,0.3913,70.3,0.00148,0.2797,0.4077,0.3126
1528851300,0.2973,32.4,0.3928,86.0,0.00286,0.3003,0.3967,0.303
1528851600,0.2807,35.5,0.3923,90.7,0.00199,0.2885,0.4032,0.3083
1528851900,0.2779,32.0,0.3914,82.4,0.00194,0.2867,0.4038,0.3095
1528852200,0.2745,32.7,0.3913,82.2,0.00211,0.2842,0.4052,0.3106
1528852500,0.2692,37.8,0.3904,77.9,0.00104,0.2805,0.4068,0.3126
1528852800,0.2385,34.2,0.3906,70.7,0.0013,0.2567,0.4204,0.3229
1528853100,0.3288,38.5,0.3922,87.4,0.00153,0.322,0.3841,0.2938
1528853400,0.289,31.4,0.3947,69.9,0.00154,0.2938,0.4012,0.305
1528853700,0.2823,35.4,0.3958,75.7,0.00139,0.2886,0.4047,0.3067
1528854000,0.284,38.1,0.3955,67.8,0.00242,0.2899,0.4038,0.3063
1528854300,0.2919,34.3,0.3951,75.0,0.001,0.2957,0.4003,0.304
1528854600,0.2786,38.6,0.3945,81.7,0.00197,0.2863,0.4054,0.3083
1528854900,0.3001,39.9,0.3969,83.0,0.00196,0.301,0.3981,0.3009
1528855200,0.2593,38.1,0.398,76.2,0.00125,0.2709,0.4158,0.3134
1528855500,0.2563,33.9,0.3979,76.7,0.00124,0.2686,0.417,0.3144
1528855800,0.2573,34.8,0.3968,64.4,0.00148,0.2697,0.4159,0.3144
1528856100,0.2428,36.2,0.3952,72.0,0.00112,0.2588,0.4213,0.3198
1528856400,0.2176,31.6,0.3953,67.7,0.00184,0.2384,0.433,0.3286
1528856700,0.2968,34.3,0.395,75.7,0.00142,0.2993,0.3983,0.3025
1528857000,0.2632,32.1,0.3965,79.9,0.00173,0.2743,0.4131,0.3126
1528857300,0.2401,32.5,0.3948,68.8,0.00215,0.2568,0.4223,0.3209
1528857600,0.2571,29.1,0.3923,72.1,0.00147,0.2708,0.4132,0.316
1528857900,0.2365,31.1,0.3903,61.1,0.0016,0.2552,0.4211,0.3237
1528858200,0.211,33.1,0.3874,69.3,0.00188,0.2349,0.4312,0.3339
1528858500,0.2333,24.8,0.3871,66.8,0.00119,0.2535,0.4206,0.3259
1528858800,0.2275,35.5,0.3861,73.2,0.00141,0.249,0.4226,0.3284
1528859100,0.2238,34.0,0.3862,66.7,0.00232,0.2459,0.4244,0.3297
1528859400,0.2103,28.3,0.3837,71.7,0.00153,0.2352,0.4292,0.3356
1528859700,0.196,30.4,0.3823,68.7,0.00232,0.2232,0.4353,0.3416
1528860000,0.1699,26.9,0.3827,77.0,0.00357,0.1993,0.4489,0.3519
1528860300,0.2587,36.8,0.3847,78.9,0.00139,0.2742,0.4078,0.318
1528860600,0.2292,34.0,0.3879,61.9,0.00105,0.2499,0.423,0.3271
1528860900,0.2202,26.2,0.3913,64.4,0.00192,0.2416,0.4293,0.3291
1528861200,0.214,31.7,0.3854,71.7,0.00288,0.2379,0.4285,0.3336
1528861500,0.2087,29.0,0.3849,65.3,0.00118,0.2335,0.4307,0.3357
1528861800,0.1929,28.8,0.385,51.5,0.00335,0.2197,0.4385,0.3417
1528862100,0.2156,27.9,0.3835,79.7,0.00227,0.2398,0.4265,0.3337
1528862400,0.1749,32.5,0.3807,71.8,0.00212,0.2044,0.445,0.3506
1528862700,0.178,30.6,0.3804,70.9,0.00125,0.2074,0.4432,0.3495
1528863000,0.1945,26.4,0.3807,65.8,0.00136,0.2222,0.435,0.3428
1528863300,0.18,23.6,0.3803,70.6,0.00342,0.2092,0.4421,0.3487
1528863600,0.1776,26.3,0.3822,63.5,0.00176,0.2066,0.4445,0.3489
1528863900,0.2611,34.6,0.3854,77.3,0.00158,0.2759,0.4072,0.317
1528864200,0.2536,33.5,0.3875,69.8,0.0017,0.2695,0.4118,0.3188
1528864500,0.289,39.0,0.3881,88.0,0.00132,0.2958,0.3972,0.307
1528864800,0.2825,37.1,0.3884,68.8,0.00136,0.291,0.4,0.309
1528865100,0.2948,38.5,0.3866,86.9,0.00172,0.3004,0.3939,0.3057
1528865400,0.3047,37.3,0.3873,80.7,0.00101,0.3072,0.3904,0.3024
1528865700,0.3074,32.4,0.3886,77.8,0.00156,0.3086,0.3902,0.3012
1528866000,0.2746,33.6,0.3887,78.5,0.0011,0.2851,0.4035,0.3114
1528866300,0.2849,38.1,0.3874,82.9,0.00249,0.293,0.3984,0.3085
1528866600,0.3137,36.8,0.3852,89.6,0.00121,0.314,0.3856,0.3003
1528866900,0.2819,36.2,0.3891,80.1,0.0021,0.2903,0.4007,0.309
1528867200,0.2609,32.3,0.3947,70.7,0.00164,0.273,0.413,0.3139
1528867500,0.3275,34.8,0.4003,83.1,0.00114,0.3186,0.3895,0.2919
1528867800,0.2832,34.5,0.4073,89.2,0.0026,0.2859,0.4112,0.3029
1528868100,0.2816,35.6,0.4072,86.2,0.00182,0.2848,0.4118,0.3034
1528868400,0.2864,33.1,0.4063,84.1,0.00157,0.2885,0.4093,0.3022
1528868700,0.2808,33.9,0.4021,82.9,0.00241,0.2857,0.4091,0.3052
1528869000,0.2421,29.1,0.401,78.4,0.00278,0.2567,0.4252,0.3181
1528869300,0.2648,36.9,0.4006,83.4,0.0022,0.2743,0.415,0.3108
1528869600,0.2155,29.2,0.4024,68.8,0.00149,0.2348,0.4384,0.3268
1528869900,0.2096,34.0,0.4013,62.8,0.00179,0.2301,0.4406,0.3293
1528870200,0.2234,35.2,0.4017,72.8,0.0012,0.2415,0.4342,0.3243
1528870500,0.2091,29.4,0.4026,66.0,0.00245,0.2294,0.4416,0.3291
1528870800,0.1844,24.9,0.4021,62.1,0.003,0.208,0.4536,0.3384
1528871100,0.2747,28.0,0.402,73.1,0.00146,0.2813,0.4116,0.3072
1528871400,0.2241,26.3,0.4053,87.3,0.00113,0.2411,0.4361,0.3228
1528871700,0.2244,26.6,0.4031,73.3,0.00109,0.2419,0.4346,0.3235
1528872000,0.2414,36.0,0.3998,76.3,0.00161,0.2565,0.4248,0.3187
1528872300,0.229,31.4,0.3968,65.6,0.00227,0.2474,0.4286,0.324
1528872600,0.2058,30.6,0.3978,59.5,0.0025,0.2278,0.4402,0.332
1528872900,0.2338,24.7,0.3966,68.5,0.00214,0.2513,0.4263,0.3224
1528873200,0.1974,25.2,0.3943,78.4,0.00149,0.2214,0.4422,0.3364
1528873500,0.1929,31.2,0.3914,71.3,0.00216,0.2181,0.4426,0.3393
1528873800,0.2155,30.9,0.3921,75.1,0.0022,0.2374,0.432,0.3305
1528874100,0.1963,28.3,0.3902,74.1,0.00112,0.2214,0.4402,0.3384
1528874400,0.17,28.6,0.3912,63.5,0.00205,0.1974,0.4542,0.3484
1528874700,0.2554,37.8,0.3933,83.9,0.00113,0.2692,0.4146,0.3162
1528875000,0.1969,28.1,0.3962,65.9,0.0017,0.2205,0.4436,0.3359
1528875300,0.1957,28.9,0.3987,78.0,0.00186,0.2188,0.4458,0.3354
1528875600,0.2067,30.0,0.3981,73.3,0.0031,0.2284,0.44,0.3316
1528875900,0.2079,36.7,0.3991,60.1,0.00114,0.2292,0.44,0.3308
1528876200,0.1603,19.9,0.3987,61.5,0.00225,0.1866,0.4641,0.3492
1528876500,0.1926,30.5,0.4027,58.6,0.00117,0.2151,0.4498,0.3351
1528876800,0.1605,25.9,0.4062,73.0,0.00151,0.1852,0.4687,0.3461
1528877100,0.165,28.3,0.4069,66.4,0.00121,0.1892,0.4667,0.3441
1528877400,0.1674,24.7,0.4097,53.4,0.00115,0.1909,0.4671,0.342
1528877700,0.215,29.9,0.4145,73.8,0.00119,0.2313,0.4459,0.3228
1528878000,0.2563,35.1,0.4214,72.4,0.00173,0.2621,0.431,0.3068
1528878300,0.3445,48.5,0.4244,75.5,0.00224,0.3223,0.397,0.2807
1528878600,0.2089,32.0,0.4302,81.0,0.00285,0.2224,0.4581,0.3195
1528878900,0.2824,32.2,0.4349,78.9,0.00123,0.2776,0.4275,0.2949
1528879200,0.3152,35.8,0.4328,79.8,0.00184,0.3008,0.413,0.2863
1528879500,0.232,29.9,0.4341,70.8,0.00148,0.2401,0.4493,0.3105
1528879800,0.269,28.4,0.4312,67.8,0.00197,0.2689,0.4311,0.2999
1528880100,0.3244,36.7,0.4293,74.6,0.00181,0.3079,0.4074,0.2847
1528880400,0.2797,36.8,0.4317,85.7,0.00201,0.2765,0.4268,0.2966
1528880700,0.2711,30.2,0.4358,74.3,0.0016,0.2692,0.4328,0.2979
1528881000,0.2211,33.6,0.4344,72.2,0.00174,0.2314,0.4546,0.314
1528881300,0.2961,37.2,0.4381,67.3,0.00126,0.2863,0.4236,0.2901
1528881600,0.2867,32.9,0.4391,70.8,0.00126,0.2795,0.4281,0.2925
1528881900,0.2923,35.0,0.4443,82.9,0.00337,0.282,0.4286,0.2894
1528882200,0.2089,34.4,0.4446,73.2,0.00131,0.2191,0.4663,0.3146
1528882500,0.2269,33.1,0.4434,83.2,0.00181,0.2338,0.457,0.3092
1528882800,0.2491,32.5,0.4425,83.0,0.00246,0.2512,0.4462,0.3025
1528883100,0.2713,33.3,0.4464,75.7,0.00128,0.2666,0.4386,0.2948
1528883400,0.2646,33.8,0.4516,79.3,0.00112,0.2604,0.4444,0.2952
1528883700,0.3208,35.9,0.444,80.2,0.00321,0.3013,0.417,0.2817
1528884000,0.2336,25.0,0.4438,85.7,0.00171,0.239,0.4541,0.3069
1528884300,0.2221,36.7,0.4323,79.1,0.0013,0.2327,0.453,0.3143
1528884600,0.2488,32.9,0.4284,75.9,0.00153,0.2546,0.4384,0.307
1528884900,0.2502,33.7,0.4282,76.2,0.00197,0.2557,0.4377,0.3066
1528885200,0.2282,30.8,0.4249,81.5,0.00256,0.2394,0.4458,0.3148
1528885500,0.3192,35.1,0.4258,85.4,0.00168,0.3055,0.4075,0.2871
1528885800,0.28,34.0,0.4325,87.4,0.00191,0.2765,0.4272,0.2963
1528886100,0.2926,30.7,0.4311,66.1,0.00196,0.2858,0.4211,0.2931
1528886400,0.3019,43.0,0.4374,83.0,0.00257,0.2905,0.4209,0.2887
1528886700,0.3301,34.4,0.4442,79.9,0.00131,0.3073,0.4135,0.2793
1528887000,0.3198,34.3,0.4469,92.5,0.00167,0.2998,0.419,0.2812
1528887300,0.3764,40.0,0.4521,96.9,0.00241,0.3335,0.4006,0.2658
1528887600,0.3754,45.1,0.4578,87.7,0.00141,0.3313,0.404,0.2647
1528887900,0.3683,40.8,0.4596,96.0,0.0019,0.3265,0.4075,0.266
1528888200,0.3836,38.1,0.4612,99.1,0.00192,0.3351,0.4029,0.2621
1528888500,0.3456,43.0,0.4616,85.0,0.00151,0.3121,0.4169,0.271
1528888800,0.3563,42.1,0.4589,100.5,0.00215,0.3195,0.4115,0.269
1528889100,0.4499,48.1,0.4571,94.8,0.00172,0.3727,0.3787,0.2486
1528889400,0.3812,43.8,0.4637,86.8,0.00138,0.333,0.405,0.262
1528889700,0.3928,49.7,0.4704,94.5,0.00107,0.3377,0.4044,0.2579
1528890000,0.3878,48.7,0.4736,86.7,0.00201,0.3339,0.4078,0.2583
1528890300,0.381,39.6,0.4737,88.6,0.00169,0.33,0.4102,0.2598
1528890600,0.3662,45.5,0.4731,95.1,0.00105,0.3214,0.4153,0.2633
1528890900,0.399,44.1,0.473,90.0,0.00126,0.3404,0.4036,0.256
1528891200,0.3604,41.7,0.4733,75.9,0.00277,0.3179,0.4175,0.2646
1528891500,0.3825,36.7,0.4727,90.5,0.00229,0.3311,0.4092,0.2597
1528891800,0.4184,43.8,0.4756,87.7,0.00145,0.3504,0.3983,0.2513
1528892100,0.3719,38.6,0.4714,92.4,0.00255,0.3253,0.4123,0.2624
1528892400,0.346,41.7,0.4637,88.8,0.0012,0.3118,0.4179,0.2703
1528892700,0.4595,50.4,0.4697,104.8,0.00303,0.3738,0.3821,0.2441
1528893000,0.4364,39.3,0.4725,99.1,0.00161,0.361,0.3909,0.2482
1528893300,0.4403,45.8,0.476,100.6,0.00243,0.362,0.3914,0.2466
1528893600,0.4651,50.9,0.4777,92.5,0.00161,0.3742,0.3844,0.2414
1528893900,0.4676,47.2,0.4798,101.6,0.00117,0.3749,0.3846,0.2405
1528894200,0.4506,48.7,0.4859,106.9,0.00187,0.3644,0.393,0.2426
1528894500,0.4989,51.0,0.4874,95.8,0.00138,0.3879,0.3789,0.2332
1528894800,0.4722,49.1,0.4901,108.0,0.00237,0.3741,0.3883,0.2377
1528895100,0.5254,51.0,0.4954,99.2,0.00101,0.3978,0.3751,0.2271
1528895400,0.5305,48.5,0.4989,97.9,0.00124,0.3991,0.3753,0.2257
1528895700,0.5268,48.5,0.5028,104.5,0.002,0.3962,0.3782,0.2256
1528896000,0.5405,55.0,0.5036,108.3,0.00294,0.4021,0.3747,0.2232
1528896300,0.7499,67.6,0.5079,131.0,0.00106,0.4814,0.326,0.1926
1528896600,0.6502,60.1,0.513,109.2,0.00182,0.4444,0.3506,0.205
1528896900,0.6313,57.9,0.5198,115.7,0.00263,0.435,0.3582,0.2067
1528897200,0.5859,55.1,0.5197,104.5,0.00106,0.4168,0.3697,0.2134
1528897500,0.5725,58.2,0.5116,98.3,0.00126,0.4136,0.3696,0.2167
1528897800,0.5737,54.2,0.5123,101.8,0.00178,0.4139,0.3696,0.2165
1528898100,0.5974,52.8,0.5184,105.2,0.00114,0.422,0.3662,0.2119
1528898400,0.6173,60.4,0.5231,114.9,0.00219,0.4286,0.3632,0.2083
1528898700,0.5644,53.9,0.5234,113.4,0.00267,0.4067,0.3771,0.2162
1528899000,0.5664,54.7,0.5209,97.8,0.00144,0.4083,0.3755,0.2162
1528899300,0.5688,59.6,0.5233,109.0,0.00125,0.4086,0.3759,0.2155
1528899600,0.5595,54.1,0.5209,98.9,0.00116,0.4053,0.3774,0.2173
1528899900,0.6927,64.4,0.5224,123.0,0.00147,0.4572,0.3448,0.198
1528900200,0.6324,55.7,0.5278,109.5,0.00243,0.4331,0.3615,0.2055
1528900500,0.6389,59.1,0.5319,107.6,0.00116,0.4344,0.3616,0.204
1528900800,0.6393,61.6,0.5322,118.7,0.00145,0.4345,0.3617,0.2039
1528901100,0.6558,56.2,0.5336,112.1,0.00151,0.4403,0.3583,0.2014
1528901400,0.6398,60.4,0.5338,112.1,0.00174,0.4342,0.3622,0.2036
1528901700,0.6757,62.6,0.5339,104.3,0.0016,0.4476,0.3537,0.1987
1528902000,0.6109,57.9,0.5371,116.8,0.00266,0.4219,0.3709,0.2072
1528902300,0.5356,55.6,0.5403,108.5,0.00223,0.3893,0.3927,0.218
1528902600,0.5477,54.3,0.5377,104.8,0.0043,0.3953,0.3881,0.2165
1528902900,0.5417,57.4,0.5403,95.0,0.00216,0.392,0.391,0.2171
1528903200,0.5003,47.0,0.5406,107.3,0.00107,0.3731,0.4032,0.2237
1528903500,0.6495,60.9,0.5437,111.0,0.00171,0.435,0.3641,0.2009
1528903800,0.6542,61.0,0.5469,112.7,0.00201,0.4358,0.3643,0.1999
1528904100,0.68,59.4,0.5431,131.9,0.00195,0.4465,0.3566,0.197
1528904400,0.6551,63.7,0.5391,111.3,0.00168,0.4384,0.3608,0.2008
1528904700,0.6452,67.1,0.5414,119.0,0.00213,0.434,0.3642,0.2018
1528905000,0.6706,61.9,0.5429,120.4,0.00235,0.4431,0.3587,0.1982
1528905300,0.7017,65.6,0.5451,122.5,0.00204,0.4536,0.3524,0.1939
1528905600,0.6297,59.3,0.5443,114.7,0.00132,0.4272,0.3693,0.2035
1528905900,0.6089,55.5,0.5396,113.1,0.00105,0.4204,0.3725,0.2071
1528906200,0.6246,53.3,0.5378,114.1,0.00156,0.4271,0.3678,0.2051
1528906500,0.6256,56.7,0.5417,112.2,0.00107,0.4264,0.3692,0.2045
1528906800,0.6591,57.0,0.5502,125.0,0.00231,0.4367,0.3645,0.1988
1528907100,0.7051,69.5,0.5568,112.6,0.00149,0.4514,0.3565,0.1921
1528907400,0.6978,63.5,0.5523,125.9,0.002,0.4502,0.3563,0.1935
1528907700,0.663,60.4,0.5517,121.2,0.00165,0.4377,0.3642,0.1981
1528908000,0.6457,62.9,0.5523,118.8,0.00217,0.431,0.3687,0.2003
1528908300,0.6541,57.4,0.5547,122.1,0.00169,0.4335,0.3676,0.1988
1528908600,0.6228,56.3,0.5567,111.7,0.00136,0.421,0.3763,0.2028
1528908900,0.6368,59.8,0.5582,102.5,0.00167,0.426,0.3734,0.2007
1528909200,0.6182,61.4,0.5604,111.4,0.00118,0.4181,0.379,0.2029
1528909500,0.6007,58.6,0.559,104.1,0.00102,0.4115,0.383,0.2055
1528909800,0.6042,58.0,0.5599,106.0,0.00289,0.4127,0.3824,0.2049
1528910100,0.559,54.4,0.56,98.4,0.00284,0.3939,0.3946,0.2114
1528910400,0.5437,54.3,0.5672,101.5,0.00204,0.3854,0.402,0.2126
1528910700,0.6808,63.3,0.578,114.5,0.00208,0.4367,0.3708,0.1925
1528911000,0.6106,54.7,0.5889,96.8,0.00277,0.4072,0.3927,0.2001
1528911300,0.5791,55.7,0.5793,112.1,0.00172,0.3971,0.3972,0.2057
1528911600,0.5647,51.3,0.5896,119.8,0.00169,0.3883,0.4054,0.2063
1528911900,0.5492,53.7,0.5886,108.6,0.00159,0.382,0.4094,0.2087
1528912200,0.5375,51.2,0.5877,102.5,0.00133,0.3771,0.4124,0.2105
1528912500,0.5881,63.8,0.583,108.5,0.00272,0.3998,0.3963,0.2039
1528912800,0.6261,58.7,0.5868,110.1,0.0018,0.4138,0.3879,0.1983
1528913100,0.6498,56.3,0.5886,115.5,0.00146,0.4224,0.3826,0.195
1528913400,0.6156,57.7,0.5938,111.3,0.00164,0.4078,0.3934,0.1988
1528913700,0.6093,59.2,0.596,105.9,0.00267,0.4048,0.3959,0.1993
1528914000,0.5326,57.3,0.5989,113.4,0.00146,0.3721,0.4184,0.2096
1528914300,0.6259,57.0,0.6009,103.7,0.00209,0.4099,0.3936,0.1965
1528914600,0.5821,51.0,0.6013,112.5,0.00145,0.3924,0.4054,0.2022
1528914900,0.5637,56.9,0.5969,105.8,0.00312,0.3859,0.4087,0.2054
1528915200,0.5627,50.2,0.5879,117.7,0.00228,0.3879,0.4053,0.2068
1528915500,0.5431,51.7,0.5861,106.4,0.00173,0.38,0.4101,0.2099
1528915800,0.5355,51.7,0.5805,101.4,0.00187,0.3782,0.41,0.2119
1528916100,0.6232,58.4,0.5831,110.8,0.00274,0.4137,0.3871,0.1992
1528916400,0.6182,60.3,0.5853,112.1,0.00251,0.4112,0.3893,0.1995
1528916700,0.6387,57.7,0.5836,107.0,0.00177,0.4196,0.3834,0.1971
1528917000,0.6332,58.5,0.5783,108.7,0.00151,0.4189,0.3826,0.1985
1528917300,0.6239,58.6,0.5778,101.7,0.0017,0.4155,0.3848,0.1998
1528917600,0.6195,58.8,0.5748,106.4,0.00195,0.4146,0.3847,0.2008
1528917900,0.7224,65.9,0.5759,122.9,0.00118,0.452,0.3603,0.1877
1528918200,0.7028,65.5,0.578,122.1,0.00148,0.4446,0.3656,0.1898
1528918500,0.6584,63.6,0.5729,104.0,0.00108,0.43,0.3741,0.1959
1528918800,0.6595,62.3,0.5726,115.1,0.0011,0.4305,0.3737,0.1958
1528919100,0.6055,58.7,0.5737,113.9,0.00195,0.4093,0.3878,0.2028
1528919400,0.6209,53.7,0.5756,111.1,0.00281,0.4149,0.3846,0.2005
1528919700,0.6438,60.2,0.5768,110.6,0.00246,0.4234,0.3793,0.1973
1528920000,0.6175,59.7,0.5779,109.3,0.00141,0.4129,0.3865,0.2006
1528920300,0.5575,56.2,0.578,102.5,0.00138,0.3884,0.4026,0.209
1528920600,0.5233,49.6,0.5788,98.5,0.00215,0.3732,0.4128,0.214
1528920900,0.4876,47.2,0.5753,99.8,0.00239,0.3578,0.4221,0.2201
1528921200,0.4823,47.0,0.5811,112.1,0.00114,0.3537,0.4262,0.22
1528921500,0.5534,55.3,0.586,100.9,0.00153,0.3845,0.4071,0.2084
1528921800,0.5108,53.9,0.585,99.2,0.00276,0.366,0.4191,0.2149
1528922100,0.5007,48.8,0.5768,99.8,0.00107,0.3635,0.4187,0.2178
1528922400,0.5036,53.0,0.5716,96.2,0.00207,0.3662,0.4156,0.2182
1528922700,0.4839,49.2,0.5647,105.0,0.00138,0.3588,0.4187,0.2225
1528923000,0.4778,48.1,0.5651,83.6,0.0023,0.3558,0.4208,0.2234
1528923300,0.5655,54.0,0.5643,103.4,0.00137,0.3955,0.3947,0.2098
1528923600,0.5477,55.6,0.5688,109.7,0.00206,0.3867,0.4016,0.2118
1528923900,0.5857,57.0,0.5734,106.8,0.00112,0.4014,0.393,0.2056
1528924200,0.6091,64.5,0.5762,106.0,0.00262,0.4101,0.3879,0.202
1528924500,0.604,54.7,0.5753,113.0,0.00202,0.4083,0.3889,0.2028
1528924800,0.5862,57.6,0.5775,114.1,0.00278,0.4005,0.3945,0.205
1528925100,0.6296,57.5,0.5821,114.2,0.00255,0.4165,0.3851,0.1985
1528925400,0.6002,54.4,0.5893,105.2,0.00118,0.403,0.3956,0.2014
1528925700,0.5529,53.7,0.5921,108.0,0.00125,0.3826,0.4098,0.2076
1528926000,0.5575,54.4,0.5883,103.3,0.00142,0.3856,0.4069,0.2075
1528926300,0.5502,62.3,0.5877,109.5,0.00107,0.3826,0.4087,0.2086
1528926600,0.52,50.8,0.5902,110.9,0.00276,0.3687,0.4185,0.2127
1528926900,0.5942,53.2,0.5985,93.8,0.00107,0.3981,0.401,0.201
1528927200,0.6098,58.5,0.5985,111.6,0.00203,0.4043,0.3968,0.1989
1528927500,0.5711,48.8,0.5957,96.7,0.00179,0.3894,0.4061,0.2045
1528927800,0.5063,50.2,0.5963,115.3,0.00229,0.361,0.4251,0.2139
1528928100,0.5114,50.8,0.5947,98.3,0.00117,0.3637,0.4229,0.2134
1528928400,0.5246,54.1,0.5944,106.9,0.00312,0.3697,0.4189,0.2114
1528928700,0.6242,61.6,0.5985,112.2,0.0015,0.4099,0.3931,0.197
1528929000,0.5534,52.2,0.6014,100.5,0.00167,0.3804,0.4134,0.2062
1528929300,0.5512,53.1,0.595,99.6,0.00117,0.3811,0.4114,0.2074
1528929600,0.5395,50.5,0.5943,113.5,0.00147,0.3763,0.4145,0.2092
1528929900,0.5412,49.5,0.5894,109.9,0.00179,0.3783,0.412,0.2097
1528930200,0.5192,52.3,0.59,113.6,0.00148,0.3684,0.4187,0.2129
1528930500,0.5866,52.2,0.594,109.0,0.00243,0.3962,0.4012,0.2026
1528930800,0.589,55.0,0.5935,110.6,0.00114,0.3973,0.4003,0.2024
1528931100,0.5987,53.9,0.591,108.3,0.00233,0.4019,0.3967,0.2014
1528931400,0.6181,59.9,0.5906,110.1,0.00251,0.4097,0.3915,0.1988
1528931700,0.5691,60.2,0.5914,100.7,0.00321,0.3897,0.4049,0.2054
1528932000,0.5124,47.0,0.5893,101.7,0.00122,0.3656,0.4204,0.214
1528932300,0.5604,48.7,0.5948,101.3,0.00143,0.3851,0.4087,0.2062
1528932600,0.52,51.0,0.5927,104.7,0.00177,0.3681,0.4196,0.2124
1528932900,0.5098,50.7,0.5861,102.0,0.00132,0.3652,0.4199,0.2149
1528933200,0.4962,50.4,0.5784,101.3,0.00246,0.361,0.4208,0.2182
1528933500,0.4853,47.6,0.5716,108.6,0.00165,0.3577,0.4213,0.2211
1528933800,0.4818,48.1,0.5719,98.0,0.00146,0.3559,0.4225,0.2216
1528934100,0.5261,52.9,0.5764,107.2,0.00241,0.3751,0.411,0.2139
1528934400,0.5252,54.9,0.5813,114.8,0.00302,0.3734,0.4133,0.2133
1528934700,0.578,49.6,0.5901,115.6,0.00127,0.3937,0.4019,0.2043
1528935000,0.4869,48.0,0.5965,105.6,0.00141,0.352,0.4312,0.2169
1528935300,0.4709,48.6,0.5934,95.2,0.0013,0.3452,0.4349,0.2199
1528935600,0.4505,43.8,0.5873,96.4,0.00151,0.3367,0.439,0.2242
1528935900,0.5269,57.1,0.5827,94.8,0.00146,0.3738,0.4134,0.2128
1528936200,0.488,47.3,0.5746,101.8,0.00345,0.3581,0.4217,0.2202
1528936500,0.4799,48.5,0.5694,99.6,0.0011,0.3557,0.422,0.2223
1528936800,0.5007,51.7,0.5684,100.2,0.00114,0.3657,0.4152,0.2191
1528937100,0.4777,46.7,0.5702,103.9,0.00149,0.3544,0.423,0.2226
1528937400,0.4624,41.8,0.5703,89.0,0.00152,0.347,0.4279,0.2251
1528937700,0.5294,50.8,0.5675,112.7,0.00177,0.379,0.4063,0.2148
1528938000,0.5028,53.3,0.566,105.7,0.00101,0.3673,0.4135,0.2192
1528938300,0.493,48.5,0.5605,98.9,0.00261,0.3642,0.4141,0.2216
1528938600,0.4944,47.1,0.5617,98.5,0.00114,0.3646,0.4142,0.2212
1528938900,0.4591,49.9,0.5624,98.8,0.00286,0.3474,0.4256,0.227
1528939200,0.4274,43.9,0.564,101.9,0.00212,0.331,0.4367,0.2323
1528939500,0.5035,48.7,0.5679,101.0,0.00168,0.3671,0.4141,0.2188
1528939800,0.4676,48.2,0.5732,97.6,0.00193,0.3487,0.4275,0.2237
1528940100,0.4586,49.4,0.5755,96.0,0.00166,0.3438,0.4314,0.2249
1528940400,0.5289,59.2,0.5729,113.6,0.00111,0.3773,0.4087,0.214
1528940700,0.5417,55.4,0.5699,102.0,0.00201,0.3837,0.4037,0.2125
1528941000,0.5061,53.9,0.5662,100.4,0.00302,0.3688,0.4126,0.2186
1528941300,0.5037,48.7,0.5658,109.2,0.00132,0.3678,0.4131,0.2191
1528941600,0.462,44.3,0.563,97.1,0.00179,0.3487,0.4249,0.2264
1528941900,0.4479,46.5,0.5626,101.6,0.00209,0.3418,0.4293,0.2289
1528942200,0.4463,46.6,0.5622,89.2,0.00101,0.3411,0.4297,0.2293
1528942500,0.4256,41.6,0.5597,91.3,0.0017,0.3311,0.4355,0.2334
1528942800,0.4031,42.7,0.561,99.2,0.0028,0.3189,0.4438,0.2373
1528943100,0.4616,48.5,0.5624,92.1,0.00158,0.3486,0.4248,0.2266
1528943400,0.3984,44.0,0.5614,88.9,0.00466,0.3162,0.4456,0.2381
1528943700,0.379,43.0,0.5586,89.4,0.00149,0.3062,0.4514,0.2424
1528944000,0.3811,42.5,0.5516,82.2,0.00238,0.3092,0.4475,0.2434
1528944300,0.3668,39.2,0.5465,84.2,0.0018,0.3023,0.4504,0.2473
1528944600,0.3618,38.8,0.5414,86.9,0.00114,0.3007,0.45,0.2493
1528944900,0.4027,39.6,0.5406,90.6,0.00135,0.3239,0.4348,0.2413
1528945200,0.3496,44.8,0.5382,92.6,0.00126,0.2943,0.4531,0.2526
1528945500,0.343,39.1,0.5357,93.5,0.00208,0.291,0.4545,0.2545
1528945800,0.3539,39.1,0.5346,80.3,0.00164,0.2978,0.4498,0.2524
1528946100,0.3545,37.0,0.5381,86.1,0.00157,0.2972,0.4512,0.2516
1528946400,0.3793,50.4,0.5405,92.0,0.0012,0.311,0.4431,0.2459
1528946700,0.4291,41.8,0.5395,102.0,0.00229,0.3382,0.4253,0.2365
1528947000,0.3506,38.3,0.5446,89.4,0.00132,0.2933,0.4557,0.251
1528947300,0.3866,43.3,0.5454,90.4,0.00129,0.3138,0.4427,0.2435
1528947600,0.4091,45.4,0.5432,94.9,0.00291,0.3267,0.4338,0.2396
1528947900,0.3951,45.5,0.5459,93.6,0.00206,0.3184,0.4399,0.2417
1528948200,0.3688,46.2,0.5469,81.3,0.00108,0.3034,0.4499,0.2468
1528948500,0.3959,44.2,0.5448,90.7,0.00393,0.3191,0.4391,0.2418
1528948800,0.394,39.4,0.5438,98.2,0.00141,0.3183,0.4393,0.2424
1528949100,0.3672,39.9,0.5415,85.5,0.00109,0.3038,0.448,0.2482
1528949400,0.3443,40.0,0.5361,85.2,0.00155,0.2917,0.4542,0.2542
1528949700,0.3337,44.6,0.5332,81.9,0.0021,0.286,0.4569,0.2571
1528950000,0.3173,33.0,0.5354,67.8,0.00136,0.2753,0.4645,0.2603
1528950300,0.4175,47.8,0.5369,91.9,0.00103,0.3328,0.428,0.2392
1528950600,0.4106,44.3,0.5412,92.9,0.0013,0.328,0.4323,0.2397
1528950900,0.4377,48.2,0.5446,90.7,0.00217,0.3413,0.4247,0.234
1528951200,0.4256,44.5,0.5429,85.6,0.0019,0.3355,0.428,0.2365
1528951500,0.4107,41.2,0.5431,85.8,0.00127,0.3276,0.4332,0.2393
1528951800,0.4109,46.0,0.5388,95.7,0.00245,0.3288,0.4311,0.2401
1528952100,0.4603,49.2,0.5359,107.9,0.00171,0.3551,0.4134,0.2314
1528952400,0.4016,46.0,0.5326,98.5,0.0013,0.3254,0.4315,0.2431
1528952700,0.3995,42.9,0.5276,81.9,0.00335,0.3256,0.43,0.2445
1528953000,0.4087,41.8,0.5256,96.0,0.00147,0.3311,0.4258,0.2431
1528953300,0.4282,40.3,0.5261,88.8,0.00151,0.3414,0.4194,0.2392
1528953600,0.3586,42.6,0.5257,82.4,0.0018,0.3028,0.4439,0.2533
1528953900,0.4202,45.7,0.5278,89.2,0.00157,0.3367,0.4229,0.2404
1528954200,0.4082,40.7,0.5316,95.1,0.00256,0.3292,0.4288,0.242
1528954500,0.392,40.8,0.5322,95.0,0.00237,0.3202,0.4347,0.2451
1528954800,0.3645,39.1,0.5293,85.9,0.0021,0.3053,0.4434,0.2513
1528955100,0.3393,34.3,0.5279,83.4,0.00345,0.2907,0.4523,0.257
1528955400,0.3001,33.6,0.5245,82.8,0.00149,0.2669,0.4664,0.2668
1528955700,0.3752,37.9,0.5268,90.9,0.00313,0.3121,0.4383,0.2496
1528956000,0.3591,38.9,0.5254,93.0,0.00237,0.3032,0.4436,0.2533
1528956300,0.3569,37.8,0.525,78.0,0.00203,0.302,0.4442,0.2538
1528956600,0.3586,35.2,0.5233,86.0,0.0015,0.3034,0.4428,0.2538
1528956900,0.3446,45.2,0.5216,78.1,0.00184,0.2955,0.4473,0.2572
1528957200,0.3025,39.9,0.5223,79.9,0.00197,0.2689,0.4643,0.2667
1528957500,0.3726,38.7,0.5238,85.9,0.0015,0.3114,0.4378,0.2508
1528957800,0.3229,38.4,0.5237,82.0,0.00231,0.2816,0.4567,0.2616
1528958100,0.3144,38.3,0.5213,76.6,0.00105,0.2768,0.459,0.2642
1528958400,0.3122,40.4,0.5169,72.3,0.00122,0.2765,0.4578,0.2657
1528958700,0.2938,33.1,0.5123,66.8,0.00147,0.2656,0.4632,0.2712
1528959000,0.3027,39.5,0.5097,79.5,0.00128,0.2721,0.4582,0.2697
1528959300,0.3522,38.0,0.5093,82.6,0.00133,0.3032,0.4385,0.2583
1528959600,0.339,34.7,0.5089,79.8,0.00191,0.2953,0.4433,0.2613
1528959900,0.3075,38.7,0.5092,88.7,0.00139,0.2754,0.456,0.2686
1528960200,0.3079,40.4,0.5099,75.6,0.00127,0.2755,0.4562,0.2684
1528960500,0.2892,43.0,0.5121,87.4,0.0017,0.2626,0.465,0.2724
1528960800,0.2794,31.0,0.5103,87.7,0.00179,0.2564,0.4683,0.2753
1528961100,0.3508,41.7,0.5126,73.4,0.00178,0.3015,0.4406,0.2579
1528961400,0.3197,36.1,0.515,82.5,0.00146,0.2817,0.4539,0.2644
1528961700,0.2875,37.5,0.5146,76.4,0.00107,0.2609,0.4669,0.2722
1528962000,0.29,30.9,0.5116,61.5,0.00237,0.2633,0.4644,0.2723
1528962300,0.2592,29.4,0.5074,67.3,0.00119,0.243,0.4757,0.2813
1528962600,0.245,29.8,0.501,79.1,0.00153,0.2342,0.479,0.2868
1528962900,0.2887,35.4,0.4991,91.0,0.0013,0.2654,0.4588,0.2758
1528963200,0.2615,31.4,0.5033,81.6,0.00108,0.2456,0.4727,0.2817
1528963500,0.279,36.5,0.5052,79.8,0.00105,0.2573,0.466,0.2767
1528963800,0.3116,39.9,0.511,81.0,0.00129,0.2776,0.4552,0.2672
1528964100,0.2834,36.6,0.5177,88.4,0.0013,0.2574,0.4702,0.2725
1528964400,0.2443,37.0,0.5202,87.3,0.00234,0.2295,0.4887,0.2818
1528964700,0.315,38.3,0.5189,78.0,0.00137,0.2778,0.4576,0.2646
1528965000,0.2775,30.8,0.5212,65.8,0.00271,0.2526,0.4744,0.273
1528965300,0.2813,38.8,0.512,65.5,0.00374,0.2573,0.4683,0.2744
1528965600,0.2918,33.6,0.5119,87.1,0.00133,0.2644,0.4638,0.2718
1528965900,0.2712,36.7,0.5123,76.8,0.00231,0.2503,0.4728,0.2769
1528966200,0.2621,38.1,0.5143,77.3,0.0024,0.2435,0.4778,0.2787
1528966500,0.3046,37.7,0.5205,69.7,0.00195,0.2707,0.4626,0.2666
1528966800,0.2696,29.4,0.5259,72.4,0.0012,0.2461,0.4801,0.2738
1528967100,0.2707,31.2,0.5287,75.3,0.00129,0.2462,0.4809,0.2729
1528967400,0.2816,38.7,0.5317,79.4,0.00227,0.2529,0.4776,0.2695
1528967700,0.2552,32.4,0.5236,73.1,0.00299,0.2366,0.4854,0.2781
1528968000,0.2363,31.8,0.5229,67.4,0.00185,0.2231,0.4937,0.2832
1528968300,0.314,39.3,0.5145,76.7,0.00125,0.2782,0.4559,0.2658
1528968600,0.284,37.0,0.5146,85.6,0.0011,0.2585,0.4684,0.2731
1528968900,0.2784,35.3,0.5126,79.3,0.00111,0.2552,0.4698,0.275
1528969200,0.2853,34.3,0.5108,82.2,0.00166,0.2603,0.466,0.2737
1528969500,0.2857,34.1,0.5061,73.2,0.00239,0.2617,0.4635,0.2748
1528969800,0.2777,37.0,0.5055,60.0,0.00195,0.2564,0.4667,0.277
1528970100,0.3224,39.2,0.5115,79.1,0.00132,0.2843,0.4511,0.2646
1528970400,0.2985,35.1,0.5151,74.7,0.0014,0.268,0.4626,0.2694
1528970700,0.3074,39.8,0.5165,82.8,0.00206,0.2735,0.4596,0.2669
1528971000,0.2985,35.5,0.5155,99.6,0.00146,0.268,0.4627,0.2693
1528971300,0.3062,33.9,0.5157,84.8,0.00257,0.2729,0.4597,0.2674
1528971600,0.3074,34.2,0.5171,97.2,0.00111,0.2734,0.4598,0.2668
1528971900,0.399,40.0,0.5176,93.3,0.00223,0.328,0.4254,0.2466
1528972200,0.3519,38.8,0.5208,81.4,0.00111,0.3001,0.4441,0.2558
1528972500,0.3533,43.4,0.5239,87.4,0.00107,0.3001,0.445,0.2548
1528972800,0.3608,37.8,0.5225,96.8,0.00223,0.3049,0.4416,0.2535
1528973100,0.3644,41.1,0.524,97.4,0.00319,0.3066,0.4409,0.2524
1528973400,0.3721,39.1,0.5246,83.8,0.00256,0.3109,0.4384,0.2507
1528973700,0.409,42.8,0.525,92.4,0.00188,0.3314,0.4254,0.2431
1528974000,0.3637,35.9,0.5205,77.8,0.00159,0.3071,0.4395,0.2533
1528974300,0.3878,41.5,0.5222,93.7,0.00151,0.3205,0.4316,0.2479
1528974600,0.4142,43.4,0.5315,100.7,0.0013,0.3325,0.4267,0.2408
1528974900,0.4073,45.1,0.5413,91.0,0.00191,0.3262,0.4335,0.2403
1528975200,0.3911,43.0,0.549,85.1,0.00138,0.3154,0.4427,0.2419
1528975500,0.4508,43.0,0.5523,97.2,0.00144,0.3459,0.4238,0.2302
1528975800,0.4422,49.2,0.5546,96.7,0.00296,0.341,0.4277,0.2313
1528976100,0.4189,45.0,0.5504,92.4,0.00104,0.33,0.4336,0.2364
1528976400,0.4409,46.5,0.5489,95.2,0.00141,0.3418,0.4256,0.2326
1528976700,0.4354,45.5,0.5466,92.5,0.00108,0.3396,0.4264,0.234
1528977000,0.4352,43.9,0.5364,99.5,0.00136,0.3422,0.4218,0.2359
1528977300,0.4696,48.5,0.5374,101.4,0.00234,0.3593,0.4112,0.2295
1528977600,0.4409,47.3,0.5385,88.2,0.00178,0.3446,0.4209,0.2345
1528977900,0.4282,39.7,0.5406,86.8,0.00203,0.3375,0.4261,0.2364
1528978200,0.4538,45.1,0.5376,93.9,0.001,0.3514,0.4163,0.2323
1528978500,0.4415,45.1,0.5368,98.6,0.00134,0.3454,0.4199,0.2347
1528978800,0.4461,47.0,0.5375,95.5,0.00155,0.3475,0.4187,0.2337
1528979100,0.5342,56.0,0.5357,99.6,0.00102,0.39,0.3911,0.219
1528979400,0.5003,47.7,0.5414,101.6,0.0033,0.3729,0.4035,0.2236
1528979700,0.5192,49.9,0.5493,99.9,0.00185,0.3794,0.4014,0.2192
1528980000,0.5406,51.3,0.5468,109.3,0.00281,0.3896,0.3941,0.2162
1528980300,0.5601,51.8,0.5452,108.0,0.00207,0.3986,0.388,0.2135
1528980600,0.5402,51.8,0.5515,102.1,0.00194,0.3882,0.3963,0.2156
1528980900,0.5944,58.9,0.5554,110.8,0.00144,0.41,0.3831,0.2069
1528981200,0.5567,50.8,0.5521,113.6,0.00247,0.3952,0.3919,0.2129
1528981500,0.554,55.1,0.5532,102.0,0.001,0.3937,0.3931,0.2132
1528981800,0.5474,48.2,0.5503,107.2,0.00223,0.3916,0.3937,0.2146
1528982100,0.5516,51.9,0.5499,104.7,0.00121,0.3936,0.3924,0.2141
1528982400,0.5506,52.6,0.5509,107.6,0.00203,0.3929,0.3931,0.2141
1528982700,0.6794,67.6,0.5539,114.0,0.00167,0.4431,0.3612,0.1957
1528983000,0.6098,56.9,0.5556,111.6,0.0013,0.4161,0.3791,0.2047
1528983300,0.6007,50.4,0.5637,116.7,0.00193,0.4102,0.3849,0.2049
1528983600,0.5893,50.3,0.5643,103.3,0.00178,0.4054,0.3882,0.2064
1528983900,0.572,55.1,0.5693,99.2,0.00107,0.3969,0.395,0.2081
1528984200,0.5949,58.5,0.5752,101.7,0.00122,0.4047,0.3913,0.2041
1528984500,0.6444,61.2,0.5841,107.4,0.00242,0.4216,0.3821,0.1963
1528984800,0.5709,55.5,0.5903,110.7,0.0014,0.3907,0.404,0.2053
1528985100,0.5505,57.0,0.5919,96.6,0.00138,0.3817,0.4104,0.208
1528985400,0.5931,54.9,0.5922,107.5,0.00172,0.3993,0.3987,0.202
1528985700,0.521,54.2,0.591,105.8,0.00178,0.369,0.4186,0.2125
1528986000,0.5179,46.4,0.5938,104.3,0.00154,0.3669,0.4206,0.2125
1528986300,0.6207,55.7,0.5937,109.8,0.00161,0.4099,0.392,0.1981
1528986600,0.5558,48.5,0.5942,106.7,0.00184,0.3833,0.4098,0.2069
1528986900,0.5667,53.8,0.5911,107.3,0.00232,0.3887,0.4055,0.2058
1528987200,0.5895,56.1,0.5913,107.6,0.0018,0.3981,0.3993,0.2026
1528987500,0.6603,61.6,0.5951,114.8,0.00135,0.4245,0.3826,0.1929
1528987800,0.656,61.1,0.6017,129.0,0.00119,0.4211,0.3863,0.1926
1528988100,0.7428,64.2,0.6047,129.5,0.00202,0.4509,0.367,0.1821
1528988400,0.7128,64.3,0.6093,136.2,0.0019,0.4394,0.3756,0.1849
1528988700,0.7048,59.8,0.6107,117.5,0.00161,0.4363,0.378,0.1857
1528989000,0.7217,69.6,0.6111,121.8,0.0027,0.442,0.3743,0.1837
1528989300,0.6499,59.6,0.6132,107.0,0.00388,0.4158,0.3923,0.1919
1528989600,0.6424,58.5,0.6134,109.4,0.00188,0.4129,0.3943,0.1928
1528989900,0.7443,71.9,0.6141,136.2,0.00238,0.4488,0.3703,0.1809
1528990200,0.719,61.6,0.6154,118.8,0.00226,0.4399,0.3765,0.1836
1528990500,0.7013,60.7,0.6121,131.6,0.00172,0.4347,0.3794,0.1859
1528990800,0.6889,59.9,0.6143,111.4,0.00137,0.4297,0.3832,0.1871
1528991100,0.696,63.5,0.6115,113.3,0.00146,0.433,0.3804,0.1866
1528991400,0.7108,66.1,0.6139,119.1,0.00233,0.4375,0.3779,0.1846
1528991700,0.7882,72.4,0.6192,130.0,0.00386,0.4616,0.3627,0.1757
1528992000,0.7149,72.8,0.6199,127.1,0.00198,0.4373,0.3792,0.1835
1528992300,0.7162,58.4,0.6177,124.4,0.0015,0.4383,0.3781,0.1836
1528992600,0.6471,62.1,0.6163,112.2,0.00127,0.4139,0.3942,0.1919
1528992900,0.6516,58.9,0.6152,114.4,0.00234,0.4159,0.3926,0.1915
1528993200,0.6674,60.0,0.6197,114.8,0.0011,0.4205,0.3905,0.189
1528993500,0.8076,69.7,0.6204,127.6,0.00618,0.4674,0.359,0.1736
1528993800,0.8045,68.6,0.6211,127.3,0.00457,0.4662,0.3599,0.1739
1528994100,0.6945,68.7,0.6208,125.6,0.00126,0.43,0.3843,0.1857
1528994400,0.7019,66.7,0.6236,109.2,0.00235,0.4318,0.3836,0.1846
1528994700,0.6871,63.2,0.6276,128.4,0.00262,0.4255,0.3887,0.1858
1528995000,0.6593,65.2,0.633,113.9,0.0028,0.4141,0.3975,0.1884
1528995300,0.694,59.0,0.6338,114.8,0.00153,0.4263,0.3894,0.1843
1528995600,0.6611,57.3,0.6346,120.5,0.00156,0.4143,0.3977,0.188
1528995900,0.6733,55.6,0.6346,126.2,0.00224,0.4187,0.3947,0.1866
1528996200,0.6873,61.0,0.6377,125.4,0.00104,0.423,0.3924,0.1846
1528996500,0.6526,61.2,0.6398,118.3,0.00264,0.4098,0.4018,0.1884
1528996800,0.6307,59.5,0.6455,119.6,0.00385,0.4001,0.4095,0.1903
1528997100,0.7661,69.1,0.6501,117.2,0.00287,0.4464,0.3788,0.1748
1528997400,0.7451,62.9,0.6516,121.8,0.00162,0.4391,0.384,0.1768
1528997700,0.702,66.5,0.6541,114.7,0.00164,0.4239,0.395,0.1811
1528998000,0.6466,61.0,0.6497,122.0,0.00107,0.4051,0.407,0.1879
1528998300,0.6169,60.4,0.6471,109.4,0.00109,0.3944,0.4137,0.1918
1528998600,0.5669,49.0,0.6507,111.8,0.00201,0.3736,0.4288,0.1977
1528998900,0.6238,59.6,0.6517,115.6,0.00153,0.3959,0.4136,0.1904
1528999200,0.6656,58.0,0.6504,111.4,0.00193,0.4119,0.4025,0.1856
1528999500,0.6652,60.4,0.6515,113.0,0.00222,0.4115,0.403,0.1856
1528999800,0.6268,60.5,0.653,120.4,0.00159,0.3968,0.4133,0.1899
1529000100,0.6239,58.9,0.6538,107.7,0.00107,0.3954,0.4144,0.1902
1529000400,0.5148,48.5,0.6559,102.2,0.00157,0.35,0.446,0.204
1529000700,0.5895,56.3,0.6592,104.3,0.00132,0.3806,0.4256,0.1937
1529001000,0.5806,51.0,0.6568,106.2,0.00169,0.3777,0.4272,0.1951
1529001300,0.563,57.9,0.6539,106.0,0.0015,0.3712,0.4311,0.1978
1529001600,0.5737,54.5,0.6551,102.7,0.00233,0.3753,0.4285,0.1962
1529001900,0.5966,60.1,0.6574,103.9,0.00156,0.3839,0.423,0.1931
1529002200,0.5996,55.4,0.6565,111.7,0.00127,0.3853,0.4219,0.1928
1529002500,0.6465,58.7,0.6573,109.6,0.00133,0.4031,0.4098,0.1871
1529002800,0.615,55.8,0.6556,106.6,0.00163,0.3916,0.4174,0.191
1529003100,0.6155,60.7,0.6552,105.9,0.00146,0.3919,0.4171,0.191
1529003400,0.5842,53.8,0.6578,108.0,0.00103,0.3789,0.4266,0.1946
1529003700,0.5962,58.7,0.6514,115.3,0.00339,0.3852,0.4209,0.1938
1529004000,0.6153,56.9,0.6523,120.6,0.00228,0.3925,0.4161,0.1914
1529004300,0.7127,59.0,0.6555,116.9,0.00159,0.4272,0.3929,0.1798
1529004600,0.682,61.0,0.6579,131.1,0.00197,0.4159,0.4012,0.1829
1529004900,0.6629,57.9,0.6647,110.3,0.00114,0.4073,0.4084,0.1843
1529005200,0.6958,63.8,0.67,126.1,0.00176,0.4177,0.4022,0.1801
1529005500,0.7102,61.1,0.6714,116.7,0.00117,0.4223,0.3993,0.1784
1529005800,0.6646,64.3,0.6701,111.2,0.00237,0.4066,0.4099,0.1835
1529006100,0.6431,59.7,0.6731,109.8,0.00201,0.3979,0.4165,0.1856
1529006400,0.6087,57.1,0.67,110.6,0.00234,0.3856,0.4244,0.19
1529006700,0.6139,59.9,0.6701,114.9,0.00217,0.3876,0.423,0.1894
1529007000,0.5845,58.8,0.646,112.5,0.00221,0.3819,0.4221,0.196
1529007300,0.5353,52.4,0.6113,97.9,0.00163,0.37,0.4226,0.2074
1529007600,0.5058,48.1,0.6075,94.6,0.00104,0.3579,0.4298,0.2123
1529007900,0.5693,49.5,0.6185,101.4,0.00161,0.3826,0.4157,0.2016
1529008200,0.5464,51.2,0.6272,104.0,0.00289,0.3708,0.4256,0.2036
1529008500,0.5056,48.5,0.631,99.3,0.00201,0.3519,0.4392,0.2088
1529008800,0.5076,50.9,0.6345,95.1,0.00171,0.352,0.44,0.208
1529009100,0.5368,51.5,0.6595,105.3,0.00181,0.3588,0.4408,0.2005
1529009400,0.4945,51.7,0.6548,113.0,0.00121,0.3412,0.4518,0.207
1529009700,0.5394,50.9,0.6462,100.9,0.00182,0.3631,0.435,0.2019
1529010000,0.5302,51.9,0.6456,100.4,0.00195,0.3593,0.4375,0.2033
1529010300,0.5198,54.9,0.6463,105.3,0.00115,0.3545,0.4408,0.2046
1529010600,0.4855,50.0,0.6488,95.2,0.00172,0.3385,0.4523,0.2092
1529010900,0.4803,48.4,0.6491,102.0,0.00144,0.336,0.4541,0.2099
1529011200,0.468,46.0,0.6484,92.5,0.00149,0.3304,0.4578,0.2118
1529011500,0.5354,50.6,0.6494,114.5,0.00167,0.3606,0.4374,0.202
1529011800,0.5125,48.3,0.6576,103.3,0.00187,0.3486,0.4473,0.2041
1529012100,0.5205,49.8,0.6569,98.3,0.00236,0.3523,0.4446,0.2031
1529012400,0.5431,55.3,0.657,100.8,0.00151,0.362,0.438,0.2
1529012700,0.54,52.1,0.6565,100.9,0.0029,0.3608,0.4387,0.2005
1529013000,0.4975,45.8,0.6559,108.0,0.00175,0.3423,0.4513,0.2064
1529013300,0.525,57.1,0.6555,94.9,0.00121,0.3546,0.4428,0.2026
1529013600,0.48,49.6,0.6566,94.0,0.00143,0.3341,0.4571,0.2088
1529013900,0.4973,45.6,0.6597,96.4,0.00248,0.3413,0.4528,0.2059
1529014200,0.5046,49.0,0.6564,100.4,0.0024,0.3454,0.4493,0.2053
1529014500,0.487,49.4,0.6533,97.1,0.00219,0.3381,0.4536,0.2083
1529014800,0.4483,51.5,0.6517,85.9,0.00177,0.3202,0.4655,0.2143
1529015100,0.5311,48.9,0.6534,100.7,0.00112,0.3578,0.4401,0.2021
1529015400,0.4835,51.8,0.6596,97.8,0.00119,0.335,0.4571,0.2079
1529015700,0.5007,54.2,0.6623,96.3,0.00127,0.3422,0.4527,0.2051
1529016000,0.512,49.0,0.6619,105.3,0.00164,0.3474,0.4491,0.2035
1529016300,0.5223,50.7,0.6561,107.7,0.0023,0.3533,0.4438,0.2029
1529016600,0.4955,46.6,0.6543,99.1,0.00101,0.3418,0.4513,0.2069
1529016900,0.5336,51.7,0.6578,104.7,0.00227,0.3578,0.4411,0.2012
1529017200,0.5701,54.8,0.6665,94.0,0.00138,0.371,0.4337,0.1952
1529017500,0.5966,58.7,0.6704,107.1,0.00113,0.3807,0.4278,0.1914
1529017800,0.5578,57.3,0.6663,111.8,0.0019,0.366,0.4372,0.1968
1529018100,0.5037,48.0,0.6598,97.8,0.0016,0.3442,0.4508,0.205
1529018400,0.484,43.0,0.6658,94.0,0.00154,0.3338,0.4592,0.2069
1529018700,0.5678,54.7,0.6722,120.4,0.00102,0.3687,0.4365,0.1948
1529019000,0.5764,56.2,0.6731,118.6,0.00187,0.372,0.4344,0.1936
1529019300,0.5483,54.1,0.6756,107.6,0.00237,0.3598,0.4433,0.1969
1529019600,0.6122,56.9,0.6899,118.1,0.00151,0.3821,0.4306,0.1873
1529019900,0.6546,61.2,0.6986,102.1,0.00146,0.396,0.4226,0.1815
1529020200,0.5608,58.8,0.6984,101.4,0.00132,0.3597,0.4479,0.1924
1529020500,0.5114,51.9,0.7,98.3,0.003,0.3384,0.4631,0.1985
1529020800,0.488,48.0,0.6891,97.4,0.0012,0.3304,0.4665,0.2031
1529021100,0.4698,46.4,0.6837,94.0,0.00175,0.3232,0.4704,0.2064
1529021400,0.4729,47.6,0.6774,82.0,0.00172,0.3261,0.4671,0.2069
1529021700,0.4459,51.1,0.6796,96.9,0.00218,0.3128,0.4767,0.2105
1529022000,0.4308,44.6,0.6778,96.3,0.00285,0.3058,0.4812,0.213
1529022300,0.5162,51.1,0.6796,111.2,0.00182,0.3451,0.4543,0.2006
1529022600,0.4704,46.5,0.6807,92.3,0.00208,0.3242,0.4691,0.2067
1529022900,0.4591,50.4,0.6825,90.7,0.00266,0.3185,0.4734,0.2081
1529023200,0.5211,57.4,0.677,86.0,0.00203,0.3478,0.4519,0.2003
1529023500,0.5584,55.4,0.6743,104.1,0.00202,0.3643,0.4399,0.1957
1529023800,0.6005,57.3,0.6763,115.5,0.00177,0.3808,0.4289,0.1903
1529024100,0.6626,61.5,0.6887,112.6,0.00297,0.4013,0.4171,0.1817
1529024400,0.6629,54.3,0.694,129.2,0.00266,0.4001,0.4189,0.1811
1529024700,0.5803,57.9,0.6925,106.5,0.00226,0.369,0.4403,0.1907
1529025000,0.5113,51.2,0.68,102.0,0.00146,0.3429,0.456,0.2012
1529025300,0.4484,47.7,0.671,86.7,0.00124,0.3159,0.4727,0.2114
1529025600,0.4405,43.7,0.6712,95.8,0.00189,0.312,0.4755,0.2125
1529025900,0.5478,52.2,0.6741,92.9,0.00216,0.3599,0.4429,0.1971
1529026200,0.4405,44.6,0.66,98.2,0.00251,0.3145,0.4713,0.2142
1529026500,0.46,50.3,0.6628,100.3,0.00126,0.3233,0.4658,0.2109
1529026800,0.4621,46.2,0.6584,104.4,0.00159,0.3253,0.4635,0.2112
1529027100,0.4831,55.1,0.6568,92.2,0.00114,0.3355,0.4561,0.2083
1529027400,0.4592,48.4,0.6575,96.9,0.00129,0.3241,0.4641,0.2118
1529027700,0.4759,44.5,0.659,101.0,0.00193,0.3317,0.4593,0.2091
1529028000,0.4261,44.4,0.6608,95.3,0.002,0.3072,0.4765,0.2163
1529028300,0.3998,41.0,0.6547,84.8,0.00126,0.2952,0.4834,0.2215
1529028600,0.4115,37.2,0.6529,76.8,0.0017,0.3016,0.4785,0.2199
1529028900,0.3831,46.6,0.6482,90.4,0.00254,0.2878,0.4869,0.2253
1529029200,0.4388,47.8,0.6509,93.0,0.00295,0.3158,0.4684,0.2159
1529029500,0.5326,53.9,0.6505,99.9,0.00107,0.3591,0.4386,0.2023
1529029800,0.5088,51.1,0.6496,105.5,0.00214,0.3489,0.4454,0.2057
1529030100,0.4811,44.5,0.6465,97.8,0.00367,0.337,0.4529,0.2101
1529030400,0.504,48.8,0.6422,92.5,0.00255,0.3485,0.4441,0.2074
1529030700,0.4897,51.8,0.6412,87.4,0.00173,0.3422,0.4481,0.2097
1529031000,0.4029,40.0,0.6346,83.5,0.00124,0.3012,0.4745,0.2243
1529031300,0.4204,36.8,0.6326,106.4,0.00144,0.3107,0.4676,0.2217
1529031600,0.3928,41.8,0.6254,93.6,0.00115,0.298,0.4744,0.2276
1529031900,0.3922,42.0,0.6239,90.4,0.0012,0.298,0.4741,0.2279
1529032200,0.3818,42.1,0.6241,87.1,0.00259,0.2924,0.4779,0.2297
1529032500,0.332,40.4,0.6241,81.7,0.00138,0.2643,0.4969,0.2388
1529032800,0.3052,38.3,0.6218,87.5,0.00209,0.2487,0.5068,0.2445
1529033100,0.4037,44.0,0.6168,87.4,0.00281,0.3057,0.4671,0.2272
1529033400,0.3557,43.5,0.62,89.0,0.00153,0.2788,0.486,0.2352
1529033700,0.3473,34.8,0.6255,82.6,0.00292,0.2729,0.4914,0.2357
1529034000,0.3575,41.5,0.6279,97.4,0.00186,0.2781,0.4885,0.2334
1529034300,0.3628,42.3,0.6298,90.7,0.00232,0.2807,0.4872,0.2321
1529034600,0.3517,35.9,0.6327,92.6,0.00165,0.2738,0.4926,0.2336
1529034900,0.4024,38.7,0.6393,86.7,0.00198,0.2999,0.4765,0.2236
1529035200,0.4339,43.1,0.6434,99.7,0.00101,0.315,0.4671,0.2178
1529035500,0.5431,51.0,0.6476,102.4,0.00108,0.3643,0.4344,0.2012
1529035800,0.4919,51.7,0.645,99.9,0.00262,0.3423,0.4489,0.2088
1529036100,0.3835,40.0,0.6467,98.2,0.00181,0.2883,0.4862,0.2255
1529036400,0.2981,33.3,0.6481,73.6,0.00321,0.2392,0.5201,0.2407
1529036700,0.3669,38.8,0.6257,87.9,0.00124,0.2838,0.4841,0.2321
1529037000,0.3826,45.1,0.624,90.9,0.00118,0.2928,0.4776,0.2296
1529037300,0.456,47.0,0.6247,98.7,0.00281,0.3303,0.4525,0.2173
1529037600,0.4549,46.3,0.6247,92.8,0.0014,0.3297,0.4528,0.2175
1529037900,0.4231,44.3,0.6222,104.8,0.00109,0.3145,0.4625,0.223
1529038200,0.4758,52.2,0.6192,89.8,0.00199,0.3411,0.4439,0.2151
1529038500,0.4405,43.6,0.6152,102.8,0.0014,0.3249,0.4538,0.2213
1529038800,0.4537,50.7,0.6132,102.7,0.00175,0.3319,0.4486,0.2195
1529039100,0.4344,46.0,0.6111,104.8,0.00325,0.3229,0.4542,0.223
1529039400,0.4579,46.6,0.5995,86.3,0.00194,0.3373,0.4417,0.221
1529039700,0.4,50.5,0.5968,84.8,0.00195,0.3085,0.4602,0.2313
1529040000,0.3859,38.8,0.5972,97.5,0.00116,0.3008,0.4654,0.2338
1529040300,0.4807,47.6,0.5993,86.8,0.00161,0.3483,0.4343,0.2174
1529040600,0.4257,41.1,0.6,82.9,0.00316,0.3211,0.4526,0.2263
1529040900,0.3896,45.1,0.6019,86.0,0.00206,0.3017,0.466,0.2323
1529041200,0.3876,47.2,0.6047,89.9,0.0024,0.2999,0.4679,0.2321
1529041500,0.3586,45.1,0.6038,95.4,0.00122,0.2841,0.4783,0.2376
1529041800,0.3374,42.3,0.6027,82.6,0.00181,0.2721,0.486,0.2419
1529042100,0.3458,38.6,0.6012,80.9,0.00175,0.2773,0.4821,0.2406
1529042400,0.3026,35.1,0.6012,82.1,0.00322,0.2514,0.4994,0.2492
1529042700,0.3116,31.8,0.6019,84.0,0.00101,0.2568,0.496,0.2472
1529043000,0.3071,42.6,0.5994,83.4,0.00126,0.2545,0.4968,0.2487
1529043300,0.3011,37.5,0.5984,79.0,0.00213,0.251,0.4989,0.2501
1529043600,0.2813,33.2,0.596,66.4,0.00146,0.2389,0.5062,0.2548
1529043900,0.3519,43.6,0.5978,79.7,0.00272,0.2816,0.4784,0.2401
1529044200,0.3248,34.8,0.6037,91.0,0.00367,0.2644,0.4914,0.2442
1529044500,0.3488,40.6,0.6042,86.0,0.00153,0.2784,0.4822,0.2394
1529044800,0.3479,38.8,0.6026,82.9,0.00225,0.2782,0.4819,0.2399
1529045100,0.3698,42.8,0.6087,93.7,0.00107,0.2892,0.4761,0.2346
1529045400,0.3943,42.4,0.6094,82.6,0.00133,0.3024,0.4674,0.2301
1529045700,0.4523,42.3,0.6065,93.9,0.00161,0.3329,0.4463,0.2208
1529046000,0.3513,39.8,0.596,86.0,0.00169,0.2816,0.4778,0.2405
1529046300,0.3102,39.9,0.5809,78.4,0.00264,0.2604,0.4877,0.2519
1529046600,0.2515,32.5,0.5769,75.8,0.00366,0.2229,0.5113,0.2659
1529046900,0.2567,35.3,0.5759,74.5,0.00174,0.2266,0.5085,0.2649
1529047200,0.2503,29.4,0.5767,66.6,0.00282,0.2221,0.5117,0.2662
1529047500,0.3604,40.1,0.5801,87.1,0.00156,0.2905,0.4676,0.2418
1529047800,0.3173,35.3,0.5845,73.8,0.00261,0.264,0.4864,0.2496
1529048100,0.2728,36.3,0.5835,78.3,0.00181,0.2359,0.5046,0.2594
1529048400,0.2833,34.9,0.582,86.6,0.00261,0.2431,0.4994,0.2574
1529048700,0.2834,36.9,0.5839,76.7,0.00123,0.2428,0.5002,0.257
1529049000,0.2613,36.6,0.5869,69.1,0.00161,0.2276,0.5111,0.2613
1529049300,0.2903,37.4,0.5819,78.3,0.00112,0.2477,0.4964,0.2559
1529049600,0.2577,33.9,0.5759,70.8,0.00133,0.2273,0.508,0.2646
1529049900,0.2449,29.1,0.5762,78.1,0.00166,0.2184,0.514,0.2676
1529050200,0.2546,32.8,0.5725,74.6,0.00197,0.2259,0.5079,0.2662
1529050500,0.2418,30.3,0.5698,84.4,0.00205,0.2175,0.5126,0.2699
1529050800,0.2186,29.3,0.5745,78.8,0.00151,0.2,0.5256,0.2744
1529051100,0.3299,37.0,0.5816,82.1,0.00125,0.2723,0.4801,0.2476
1529051400,0.2899,32.4,0.5789,83.3,0.00179,0.248,0.4953,0.2567
1529051700,0.2951,29.8,0.5757,77.2,0.00296,0.252,0.4917,0.2562
1529052000,0.3113,34.8,0.5712,81.3,0.00121,0.2633,0.483,0.2537
1529052300,0.3065,37.0,0.5718,78.5,0.00105,0.2601,0.4853,0.2546
1529052600,0.2914,31.4,0.5741,83.7,0.00121,0.25,0.4926,0.2574
1529052900,0.3062,36.5,0.5746,89.2,0.00109,0.2593,0.4866,0.2541
1529053200,0.2221,36.2,0.5733,77.0,0.00143,0.2028,0.5234,0.2739
1529053500,0.2065,32.5,0.5701,76.2,0.00157,0.1918,0.5295,0.2787
1529053800,0.246,37.2,0.5695,80.1,0.00213,0.2205,0.5105,0.2689
1529054100,0.2342,32.6,0.5709,76.7,0.00147,0.2119,0.5166,0.2715
1529054400,0.2446,35.6,0.5699,67.6,0.00115,0.2195,0.5114,0.2692
1529054700,0.3495,37.3,0.5681,95.2,0.0017,0.287,0.4666,0.2464
1529055000,0.3166,35.2,0.5719,92.5,0.00182,0.2664,0.4812,0.2524
1529055300,0.2924,27.3,0.5771,77.8,0.00121,0.25,0.4935,0.2565
1529055600,0.2926,39.0,0.5748,77.0,0.00176,0.2506,0.4924,0.257
1529055900,0.3049,41.0,0.5638,84.2,0.00106,0.2609,0.4824,0.2567
1529056200,0.2971,34.1,0.4921,83.0,0.00163,0.2728,0.4518,0.2754
1529056500,0.3606,39.5,0.4757,84.8,0.00155,0.3173,0.4186,0.264
1529056800,0.3668,38.4,0.4786,79.2,0.00149,0.3202,0.4178,0.2619
1529057100,0.4075,44.7,0.4873,92.6,0.00109,0.3411,0.4079,0.2511
1529057400,0.4678,51.1,0.4929,100.1,0.00203,0.3711,0.391,0.238
1529057700,0.391,37.1,0.4811,93.5,0.00224,0.3336,0.4105,0.256
1529058000,0.3688,42.0,0.4727,89.0,0.00174,0.3231,0.4141,0.2628
1529058300,0.497,49.0,0.4734,98.1,0.00159,0.3912,0.3726,0.2361
1529058600,0.4384,46.0,0.456,99.8,0.00206,0.367,0.3818,0.2512
1529058900,0.4837,50.2,0.4369,98.8,0.00154,0.3963,0.3579,0.2458
1529059200,0.5017,49.6,0.4367,97.4,0.00295,0.4051,0.3526,0.2422
1529059500,0.4766,48.1,0.4333,96.6,0.00128,0.3939,0.3581,0.248
1529059800,0.3959,42.1,0.436,79.1,0.00313,0.3498,0.3852,0.265
1529060100,0.4194,47.3,0.4356,90.8,0.00112,0.3631,0.3771,0.2597
1529060400,0.422,45.8,0.4361,96.3,0.00126,0.3644,0.3766,0.259
1529060700,0.4306,45.8,0.4284,95.1,0.00107,0.3715,0.3696,0.2588
1529061000,0.4116,40.0,0.4035,100.3,0.00109,0.3691,0.3619,0.269
1529061300,0.4178,43.1,0.4029,90.2,0.00177,0.3728,0.3595,0.2677
1529061600,0.3925,45.2,0.4037,92.2,0.00215,0.3581,0.3683,0.2737
1529061900,0.4837,49.0,0.4007,103.1,0.0015,0.4084,0.3383,0.2533
1529062200,0.4718,50.0,0.405,111.2,0.00205,0.4009,0.3442,0.2549
1529062500,0.4418,51.2,0.4128,95.0,0.00344,0.3826,0.3575,0.2598
1529062800,0.4709,51.1,0.4121,90.8,0.00143,0.3981,0.3484,0.2536
1529063100,0.4628,47.7,0.4096,101.4,0.00135,0.3947,0.3494,0.2559
1529063400,0.4436,44.5,0.4097,105.6,0.00177,0.3846,0.3552,0.2601
1529063700,0.4825,41.1,0.4093,96.3,0.00213,0.4048,0.3434,0.2517
1529064000,0.4535,46.2,0.4031,100.4,0.00181,0.3921,0.3485,0.2594
1529064300,0.4482,45.4,0.4039,102.2,0.00188,0.389,0.3506,0.2604
1529064600,0.4686,49.0,0.4063,103.0,0.0019,0.3988,0.3458,0.2553
1529064900,0.4502,46.1,0.4082,95.8,0.00195,0.3886,0.3524,0.259
1529065200,0.4391,44.8,0.4122,89.7,0.00138,0.3814,0.358,0.2606
1529065500,0.5418,47.6,0.4137,103.7,0.00176,0.4315,0.3295,0.2389
1529065800,0.5197,48.6,0.4095,104.7,0.00188,0.4228,0.3331,0.2441
1529066100,0.4994,51.4,0.4132,105.4,0.00288,0.4118,0.3408,0.2474
1529066400,0.5568,59.1,0.416,107.7,0.00187,0.4375,0.3268,0.2357
1529066700,0.6199,58.1,0.4146,109.7,0.00169,0.4645,0.3107,0.2248
1529067000,0.5889,57.2,0.419,112.2,0.00311,0.4503,0.3204,0.2294
1529067300,0.6022,60.0,0.4212,115.4,0.00143,0.455,0.3183,0.2267
1529067600,0.5727,52.7,0.4226,109.5,0.00328,0.4421,0.3263,0.2316
1529067900,0.5718,56.1,0.4244,102.2,0.00183,0.4411,0.3274,0.2314
1529068200,0.5539,51.6,0.428,104.3,0.00239,0.4321,0.3339,0.234
1529068500,0.5403,55.4,0.4288,109.7,0.00121,0.4257,0.3379,0.2364
1529068800,0.5506,54.0,0.4289,96.8,0.00186,0.4303,0.3352,0.2345
1529069100,0.6656,62.5,0.4297,104.0,0.00343,0.477,0.308,0.215
1529069400,0.5896,53.9,0.4322,118.0,0.00164,0.4461,0.327,0.227
1529069700,0.5672,56.8,0.4344,109.8,0.00217,0.4358,0.3337,0.2305
1529070000,0.5848,62.2,0.4326,112.1,0.0014,0.4439,0.3284,0.2277
1529070300,0.5732,52.1,0.4345,100.9,0.00106,0.4383,0.3323,0.2294
1529070600,0.59,55.3,0.4364,113.4,0.00117,0.4448,0.329,0.2262
1529070900,0.6198,59.1,0.4372,113.6,0.00123,0.4567,0.3222,0.2211
1529071200,0.5995,59.3,0.4375,100.4,0.00218,0.4484,0.3272,0.2244
1529071500,0.6201,56.7,0.4389,120.6,0.00169,0.4563,0.323,0.2208
1529071800,0.6225,50.1,0.4436,113.2,0.00142,0.4557,0.3247,0.2196
1529072100,0.6438,64.1,0.4454,112.0,0.00111,0.4634,0.3206,0.216
1529072400,0.6466,62.5,0.4485,112.4,0.00156,0.4635,0.3215,0.215
1529072700,0.7491,62.2,0.4504,113.3,0.00187,0.4996,0.3004,0.2001
1529073000,0.6898,61.5,0.4495,122.5,0.00176,0.4793,0.3123,0.2084
1529073300,0.6725,66.8,0.4473,118.8,0.00137,0.4737,0.315,0.2113
1529073600,0.6419,64.3,0.4289,113.0,0.00154,0.4683,0.3129,0.2189
1529073900,0.6203,61.2,0.4294,119.7,0.00151,0.4596,0.3181,0.2223
1529074200,0.6099,57.2,0.4308,102.7,0.00145,0.4549,0.3213,0.2238
1529074500,0.619,58.6,0.4313,108.3,0.00106,0.4584,0.3194,0.2222
1529074800,0.6138,57.6,0.4291,106.3,0.00198,0.4571,0.3195,0.2234
1529075100,0.6172,61.6,0.4287,110.0,0.0016,0.4586,0.3185,0.2229
1529075400,0.6171,55.6,0.4296,112.1,0.00217,0.4582,0.319,0.2228
1529075700,0.6788,60.1,0.43,120.5,0.00115,0.4818,0.3052,0.2129
1529076000,0.6247,61.8,0.4323,110.4,0.00236,0.4604,0.3186,0.2211
1529076300,0.7456,67.1,0.4362,119.7,0.00128,0.5032,0.2944,0.2025
1529076600,0.6919,67.6,0.4344,129.3,0.00128,0.4851,0.3046,0.2103
1529076900,0.6742,60.2,0.437,131.9,0.00346,0.4777,0.3097,0.2126
1529077200,0.6492,60.3,0.4387,115.8,0.00153,0.4678,0.3161,0.2162
1529077500,0.5918,53.7,0.4377,104.6,0.00118,0.4451,0.3292,0.2256
1529077800,0.5967,56.8,0.4415,118.5,0.00218,0.4459,0.3299,0.2242
1529078100,0.6506,56.1,0.4391,106.4,0.00122,0.4682,0.316,0.2159
1529078400,0.616,56.7,0.4413,109.6,0.00174,0.4538,0.3251,0.221
1529078700,0.6309,54.9,0.4364,108.9,0.00219,0.4614,0.3192,0.2194
1529079000,0.6425,62.1,0.4376,107.3,0.00113,0.4655,0.3171,0.2174
1529079300,0.5991,59.1,0.434,108.2,0.001,0.4494,0.3256,0.225
1529079600,0.6028,52.0,0.4357,105.1,0.00257,0.4504,0.3255,0.2241
1529079900,0.6341,63.4,0.4353,113.5,0.00224,0.463,0.3179,0.2191
1529080200,0.6247,66.2,0.4341,112.6,0.00115,0.4597,0.3195,0.2208
1529080500,0.603,57.3,0.4322,106.6,0.00201,0.4516,0.3237,0.2247
1529080800,0.6453,58.2,0.4317,112.3,0.00174,0.4686,0.3135,0.2179
1529081100,0.6294,67.5,0.4359,111.6,0.00318,0.461,0.3193,0.2197
1529081400,0.6402,55.9,0.4393,118.9,0.00143,0.4641,0.3184,0.2175
1529081700,0.6975,63.9,0.4404,118.9,0.00191,0.4851,0.3063,0.2086
1529082000,0.6605,61.8,0.4429,121.0,0.00144,0.4706,0.3156,0.2138
1529082300,0.7174,69.3,0.4437,125.3,0.00172,0.491,0.3037,0.2053
1529082600,0.7284,67.1,0.4421,126.4,0.00142,0.4953,0.3006,0.204
1529082900,0.7084,63.1,0.4484,129.2,0.00301,0.4863,0.3078,0.2059
1529083200,0.6434,57.2,0.4523,107.6,0.00172,0.461,0.3241,0.2149
1529083500,0.7345,65.4,0.455,120.8,0.00112,0.4931,0.3055,0.2014
1529083800,0.694,60.6,0.462,130.0,0.00127,0.4766,0.3173,0.206
1529084100,0.6798,62.7,0.4648,116.4,0.00127,0.4706,0.3217,0.2077
1529084400,0.6351,57.8,0.462,96.6,0.00101,0.4546,0.3307,0.2147
1529084700,0.5916,51.9,0.4557,107.9,0.00165,0.4391,0.3382,0.2227
1529085000,0.5544,57.6,0.455,106.2,0.00105,0.4234,0.3475,0.2291
1529085300,0.6114,56.3,0.453,95.4,0.00236,0.4481,0.332,0.2199
1529085600,0.6006,53.2,0.4545,118.1,0.00158,0.4432,0.3354,0.2214
1529085900,0.6033,56.7,0.4558,106.0,0.0015,0.4439,0.3354,0.2207
1529086200,0.6257,59.0,0.4588,114.5,0.00121,0.4519,0.3314,0.2167
1529086500,0.5731,49.9,0.4578,106.0,0.00208,0.4306,0.344,0.2254
1529086800,0.5511,54.6,0.4594,97.4,0.00103,0.4205,0.3506,0.2289
1529087100,0.6032,54.1,0.463,103.9,0.00211,0.4415,0.3389,0.2196
1529087400,0.5904,61.5,0.4641,103.4,0.00241,0.4359,0.3426,0.2215
1529087700,0.6124,59.4,0.4588,117.8,0.00158,0.4466,0.3346,0.2188
1529088000,0.6478,59.1,0.4535,113.9,0.00175,0.4623,0.3236,0.2141
1529088300,0.6589,58.9,0.4605,112.8,0.00113,0.4642,0.3244,0.2114
1529088600,0.6635,61.1,0.4627,110.7,0.00224,0.4652,0.3244,0.2103
1529088900,0.753,69.5,0.4627,133.0,0.00265,0.4968,0.3053,0.1979
1529089200,0.6915,63.3,0.459,127.9,0.00139,0.4767,0.3164,0.2068
1529089500,0.684,62.2,0.4561,125.5,0.00134,0.475,0.3167,0.2083
1529089800,0.6934,63.7,0.4583,122.3,0.00187,0.4776,0.3157,0.2067
1529090100,0.659,59.3,0.4581,117.6,0.00187,0.465,0.3233,0.2117
1529090400,0.643,59.0,0.453,107.0,0.00138,0.4606,0.3245,0.2149
1529090700,0.7664,62.4,0.444,126.0,0.00253,0.5074,0.294,0.1986
1529091000,0.6865,66.0,0.4461,114.5,0.00161,0.4792,0.3114,0.2094
1529091300,0.6164,59.0,0.4467,100.7,0.00116,0.4522,0.3277,0.2201
1529091600,0.6261,56.5,0.439,119.0,0.00189,0.4586,0.3216,0.2198
1529091900,0.5806,61.3,0.4388,103.9,0.00171,0.44,0.3326,0.2274
1529092200,0.5811,55.9,0.4348,115.3,0.00144,0.4416,0.3304,0.228
1529092500,0.6363,56.4,0.4337,118.9,0.00194,0.4645,0.3166,0.219
1529092800,0.5715,57.6,0.4301,110.5,0.00149,0.4391,0.3304,0.2305
1529093100,0.5747,56.4,0.432,111.1,0.00154,0.4398,0.3306,0.2296
1529093400,0.5819,56.9,0.4325,104.5,0.00258,0.4427,0.329,0.2282
1529093700,0.5299,50.8,0.4281,114.1,0.00226,0.4212,0.3403,0.2385
1529094000,0.5229,53.0,0.4205,102.5,0.00136,0.4205,0.3382,0.2413
1529094300,0.5985,56.1,0.4198,111.7,0.00183,0.454,0.3184,0.2276
1529094600,0.5639,56.1,0.4235,102.5,0.0011,0.438,0.329,0.233
1529094900,0.5646,48.8,0.4281,100.9,0.00224,0.4368,0.3312,0.2321
1529095200,0.5889,54.9,0.4396,111.8,0.0032,0.4433,0.3309,0.2258
1529095500,0.5844,61.1,0.4452,109.7,0.00134,0.4395,0.3348,0.2256
1529095800,0.5838,53.6,0.4484,103.6,0.00123,0.4382,0.3366,0.2252
1529096100,0.6152,56.3,0.4381,102.9,0.00198,0.4546,0.3237,0.2217
1529096400,0.5797,54.2,0.4331,100.4,0.00184,0.4416,0.3299,0.2285
1529096700,0.581,52.0,0.4324,115.3,0.00352,0.4424,0.3292,0.2284
1529097000,0.5687,48.2,0.4322,103.2,0.001,0.4372,0.3322,0.2306
1529097300,0.5398,52.1,0.4349,101.9,0.00139,0.4235,0.3412,0.2353
1529097600,0.505,50.8,0.4387,109.2,0.0014,0.406,0.3527,0.2412
1529097900,0.6088,57.5,0.44,104.1,0.00119,0.4514,0.3262,0.2224
1529098200,0.5462,52.8,0.4457,100.3,0.00109,0.4228,0.345,0.2322
1529098500,0.5554,54.0,0.4465,100.9,0.00186,0.4266,0.343,0.2304
1529098800,0.5427,56.1,0.4376,114.0,0.00173,0.4239,0.3418,0.2343
1529099100,0.5284,51.4,0.4313,114.8,0.00266,0.4195,0.3424,0.2382
1529099400,0.4814,47.0,0.4336,102.6,0.00185,0.3962,0.3569,0.2469
1529099700,0.5505,52.7,0.4342,109.8,0.0024,0.4285,0.338,0.2335
1529100000,0.5591,55.9,0.4291,102.4,0.00102,0.434,0.3331,0.2329
1529100300,0.5631,58.7,0.4283,118.0,0.00103,0.436,0.3317,0.2323
1529100600,0.5328,50.4,0.4349,104.9,0.00217,0.4203,0.3431,0.2366
1529100900,0.5492,53.7,0.4509,110.0,0.00223,0.4224,0.3468,0.2308
1529101200,0.544,54.1,0.4605,103.8,0.00154,0.417,0.353,0.23
1529101500,0.6725,59.1,0.4687,115.6,0.00315,0.4666,0.3252,0.2082
1529101800,0.6847,63.0,0.4697,128.4,0.00237,0.4708,0.323,0.2063
1529102100,0.6991,59.5,0.4724,123.1,0.00125,0.4751,0.321,0.2039
1529102400,0.7513,62.3,0.4692,134.4,0.00153,0.4941,0.3086,0.1973
1529102700,0.6598,62.3,0.4653,117.5,0.00232,0.463,0.3265,0.2105
1529103000,0.6182,57.1,0.4618,106.7,0.00223,0.448,0.3346,0.2174
1529103300,0.7311,66.8,0.438,119.8,0.00141,0.4977,0.2981,0.2042
1529103600,0.6345,59.4,0.439,114.1,0.00211,0.462,0.3196,0.2184
1529103900,0.589,53.3,0.4475,105.1,0.0011,0.4407,0.3348,0.2245
1529104200,0.5792,55.4,0.4539,101.3,0.00304,0.4345,0.3405,0.225
1529104500,0.5307,48.4,0.4518,110.3,0.00135,0.4138,0.3523,0.2339
1529104800,0.5142,55.2,0.4518,98.2,0.00196,0.4062,0.3569,0.237
1529105100,0.6301,55.0,0.4526,113.8,0.00138,0.4557,0.3273,0.217
1529105400,0.5678,54.2,0.4564,108.6,0.00223,0.4288,0.3447,0.2266
1529105700,0.5579,50.9,0.4582,102.3,0.00272,0.4239,0.3481,0.2279
1529106000,0.558,55.8,0.4603,114.5,0.0024,0.4233,0.3492,0.2276
1529106300,0.5491,52.4,0.4589,98.2,0.00116,0.4198,0.3508,0.2294
1529106600,0.5252,50.2,0.4622,104.1,0.0019,0.408,0.359,0.233
1529106900,0.5769,57.9,0.4621,109.2,0.00143,0.4308,0.3451,0.224
1529107200,0.5523,53.7,0.4609,104.9,0.0013,0.4206,0.351,0.2284
1529107500,0.5417,54.5,0.4566,96.4,0.00138,0.4172,0.3517,0.2311
1529107800,0.5479,50.4,0.451,110.0,0.00204,0.4218,0.3472,0.231
1529108100,0.5163,46.9,0.4517,106.1,0.00204,0.4072,0.3562,0.2366
1529108400,0.5214,51.8,0.4518,98.1,0.00201,0.4095,0.3549,0.2356
1529108700,0.607,56.5,0.4572,114.9,0.00162,0.4449,0.3351,0.2199
1529109000,0.5431,54.9,0.463,106.6,0.00151,0.4158,0.3545,0.2297
1529109300,0.562,54.1,0.4616,98.5,0.00209,0.4246,0.3487,0.2267
1529109600,0.6293,59.7,0.4527,107.8,0.00112,0.4554,0.3276,0.2171
1529109900,0.6055,52.5,0.454,117.4,0.00206,0.4454,0.3339,0.2207
1529110200,0.6119,63.5,0.4561,113.0,0.00202,0.4473,0.3334,0.2193
1529110500,0.648,59.9,0.4601,111.4,0.00212,0.4602,0.3268,0.2131
1529110800,0.5642,56.6,0.4608,101.3,0.00155,0.4258,0.3478,0.2264
1529111100,0.5421,50.4,0.4655,101.1,0.00108,0.4146,0.356,0.2294
1529111400,0.5672,55.6,0.4644,104.1,0.00156,0.426,0.3488,0.2253
1529111700,0.5807,51.7,0.4598,103.0,0.0011,0.4332,0.343,0.2238
1529112000,0.5565,55.3,0.4608,95.2,0.00208,0.4225,0.3498,0.2277
1529112300,0.7142,63.9,0.4594,128.3,0.00219,0.4847,0.3118,0.2036
1529112600,0.6694,61.9,0.461,122.8,0.00141,0.468,0.3223,0.2097
1529112900,0.6312,61.3,0.4626,105.5,0.00175,0.4529,0.3319,0.2152
1529113200,0.6124,54.2,0.4595,112.1,0.00104,0.4464,0.3349,0.2187
1529113500,0.5977,54.8,0.4515,104.4,0.00168,0.443,0.3346,0.2224
1529113800,0.5855,57.4,0.4491,107.0,0.00277,0.4387,0.3365,0.2248
1529114100,0.6029,63.5,0.4493,108.2,0.00206,0.4459,0.3323,0.2219
1529114400,0.5377,52.2,0.4514,101.2,0.00264,0.4171,0.3502,0.2327
1529114700,0.5383,54.5,0.45,115.8,0.00125,0.4178,0.3493,0.2329
1529115000,0.5473,53.0,0.4492,102.1,0.00121,0.4221,0.3465,0.2314
1529115300,0.5459,59.0,0.4462,99.7,0.00128,0.4225,0.3453,0.2322
1529115600,0.4704,42.7,0.4518,92.5,0.00105,0.3849,0.3697,0.2455
1529115900,0.5461,53.5,0.4551,110.9,0.00143,0.4197,0.3498,0.2306
1529116200,0.5145,46.1,0.4623,91.5,0.00153,0.403,0.3621,0.235
1529116500,0.5067,42.9,0.4705,96.1,0.0011,0.3967,0.3684,0.2349
1529116800,0.5355,53.4,0.4654,112.2,0.00217,0.4116,0.3578,0.2306
1529117100,0.5196,51.8,0.451,103.4,0.00125,0.4089,0.355,0.2361
1529117400,0.5118,50.0,0.4353,102.3,0.00346,0.4104,0.349,0.2406
1529117700,0.5476,53.0,0.4327,117.6,0.00141,0.4277,0.338,0.2343
1529118000,0.4968,59.1,0.4335,101.2,0.00241,0.4038,0.3524,0.2438
1529118300,0.4877,48.4,0.4358,94.5,0.0011,0.3986,0.3562,0.2452
1529118600,0.4957,51.2,0.4459,97.9,0.00219,0.3992,0.3591,0.2416
1529118900,0.4575,45.1,0.4543,88.9,0.001,0.3775,0.3749,0.2476
1529119200,0.4268,45.8,0.4582,100.2,0.00158,0.3602,0.3867,0.2532
1529119500,0.4742,47.5,0.4524,100.9,0.0025,0.3866,0.3688,0.2446
1529119800,0.4599,46.0,0.456,102.7,0.00254,0.3782,0.375,0.2467
1529120100,0.4721,53.5,0.4554,104.5,0.00198,0.3846,0.371,0.2444
1529120400,0.4782,52.0,0.4537,95.3,0.00113,0.3882,0.3683,0.2435
1529120700,0.6056,57.8,0.4585,104.9,0.00145,0.444,0.3361,0.2199
1529121000,0.5955,49.8,0.4578,109.2,0.00176,0.44,0.3383,0.2217
1529121300,0.5629,53.3,0.4581,101.1,0.00124,0.4261,0.3468,0.2271
1529121600,0.4526,54.8,0.4483,96.2,0.00172,0.3769,0.3733,0.2498
1529121900,0.456,46.2,0.4424,102.4,0.00199,0.3805,0.3692,0.2503
1529122200,0.427,48.2,0.4366,91.7,0.00163,0.367,0.3752,0.2578
1529122500,0.4154,48.4,0.4425,92.4,0.00194,0.3588,0.3822,0.2591
1529122800,0.4062,44.1,0.4417,90.1,0.00249,0.3539,0.3848,0.2613
1529123100,0.4898,46.8,0.4446,103.8,0.00104,0.3968,0.3602,0.243
1529123400,0.5045,43.0,0.4418,96.4,0.00379,0.4048,0.3545,0.2407
1529123700,0.5395,54.8,0.4413,90.8,0.0012,0.4212,0.3446,0.2342
1529124000,0.5351,50.0,0.433,106.3,0.00103,0.422,0.3415,0.2366
1529124300,0.5403,53.3,0.4294,110.0,0.00123,0.4255,0.3382,0.2363
1529124600,0.5646,50.8,0.4327,109.1,0.00134,0.4352,0.3335,0.2312
1529124900,0.5548,53.0,0.4315,101.6,0.00148,0.4313,0.3355,0.2332
1529125200,0.49,49.4,0.4291,92.2,0.00184,0.4019,0.352,0.2461
1529125500,0.453,47.5,0.4281,98.3,0.00217,0.3835,0.3625,0.254
1529125800,0.4562,43.6,0.4251,96.5,0.00224,0.3862,0.3599,0.254
1529126100,0.4547,50.4,0.4239,94.7,0.00255,0.3858,0.3597,0.2545
1529126400,0.4385,43.9,0.4263,104.8,0.00191,0.3765,0.366,0.2576
1529126700,0.6101,52.7,0.4286,105.3,0.00191,0.4557,0.3202,0.2241
1529127000,0.4728,47.8,0.4326,107.9,0.00141,0.3922,0.3589,0.2489
1529127300,0.4689,47.9,0.4373,97.1,0.00219,0.3887,0.3625,0.2487
1529127600,0.5123,51.3,0.4347,90.2,0.00149,0.4108,0.3486,0.2406
1529127900,0.4476,50.4,0.4329,93.7,0.0021,0.3792,0.3667,0.2541
1529128200,0.464,46.8,0.426,102.2,0.00174,0.3899,0.358,0.2521
1529128500,0.4439,45.7,0.4271,92.2,0.00298,0.3791,0.3647,0.2562
1529128800,0.4097,40.4,0.4173,82.1,0.00117,0.3635,0.3703,0.2662
1529129100,0.4057,45.9,0.4113,89.6,0.00161,0.3632,0.3682,0.2686
1529129400,0.4377,46.2,0.4082,88.6,0.00105,0.382,0.3562,0.2618
1529129700,0.3876,40.9,0.4049,91.7,0.00115,0.3548,0.3706,0.2746
1529130000,0.3563,34.2,0.402,90.3,0.00114,0.3367,0.3799,0.2835
1529130300,0.4745,52.5,0.4,91.1,0.00102,0.404,0.3406,0.2554
1529130600,0.4108,40.1,0.4094,86.8,0.00193,0.3667,0.3655,0.2678
1529130900,0.399,41.2,0.4115,94.4,0.00128,0.3593,0.3706,0.2701
1529131200,0.3951,43.7,0.4063,84.4,0.00241,0.3587,0.3689,0.2724
1529131500,0.4023,39.6,0.4023,83.7,0.00172,0.3642,0.3642,0.2716
1529131800,0.3997,38.5,0.3968,82.9,0.00112,0.3645,0.3619,0.2736
1529132100,0.4037,36.9,0.3899,92.5,0.00326,0.3691,0.3565,0.2743
1529132400,0.3559,42.1,0.3876,87.4,0.00177,0.3411,0.3714,0.2875
1529132700,0.3698,39.3,0.3879,82.9,0.00305,0.3496,0.3667,0.2836
1529133000,0.3559,48.7,0.3933,85.6,0.00167,0.3392,0.3749,0.2859
1529133300,0.2982,32.9,0.4013,89.0,0.00229,0.2983,0.4015,0.3002
1529133600,0.2833,32.1,0.3971,72.5,0.0014,0.289,0.405,0.306
1529133900,0.3465,37.6,0.4017,72.9,0.00152,0.3306,0.3832,0.2862
1529134200,0.2916,36.1,0.4036,81.9,0.0032,0.293,0.4055,0.3014
1529134500,0.3051,34.9,0.4021,79.8,0.00112,0.3029,0.3992,0.2979
1529134800,0.3238,39.5,0.3774,78.1,0.00298,0.3234,0.3769,0.2996
1529135100,0.3104,33.8,0.3731,85.0,0.00195,0.3156,0.3794,0.305
1529135400,0.2864,30.9,0.3747,83.7,0.00123,0.298,0.3899,0.3121
1529135700,0.314,31.6,0.3731,68.2,0.00107,0.3181,0.378,0.3039
1529136000,0.2471,25.6,0.3772,70.8,0.00156,0.2673,0.4081,0.3246
1529136300,0.2541,31.2,0.3792,89.3,0.00323,0.2723,0.4063,0.3214
1529136600,0.2753,33.4,0.3672,81.0,0.00101,0.2921,0.3896,0.3183
1529136900,0.2881,33.3,0.3637,82.9,0.00141,0.3027,0.3821,0.3152
1529137200,0.2676,37.5,0.362,83.8,0.00222,0.2879,0.3894,0.3227
1529137500,0.3277,41.6,0.364,82.9,0.00173,0.3304,0.367,0.3025
1529137800,0.3112,35.8,0.3678,85.9,0.00263,0.3179,0.3757,0.3064
1529138100,0.2982,30.5,0.3717,84.1,0.00226,0.3075,0.3832,0.3093
1529138400,0.303,34.5,0.3741,83.5,0.00145,0.3101,0.3829,0.307
1529138700,0.3243,35.9,0.3718,80.5,0.00255,0.3256,0.3733,0.3012
1529139000,0.313,34.9,0.3734,82.3,0.00106,0.3173,0.3785,0.3041
1529139300,0.3415,36.8,0.3703,80.6,0.00203,0.3375,0.366,0.2965
1529139600,0.302,34.2,0.367,80.3,0.00221,0.3117,0.3787,0.3096
1529139900,0.2863,33.9,0.3633,71.6,0.00238,0.3015,0.3826,0.3159
1529140200,0.2759,32.4,0.3624,72.8,0.00251,0.294,0.3862,0.3197
1529140500,0.266,34.2,0.3643,74.9,0.00179,0.2859,0.3916,0.3225
1529140800,0.2626,34.5,0.3685,70.6,0.00194,0.282,0.3958,0.3222
1529141100,0.3778,38.7,0.3703,84.7,0.00238,0.3605,0.3533,0.2862
1529141400,0.3298,41.9,0.373,82.0,0.00149,0.3289,0.372,0.2992
1529141700,0.3176,34.3,0.3724,84.2,0.00216,0.3208,0.3762,0.303
1529142000,0.3595,35.3,0.3738,91.6,0.00145,0.3479,0.3618,0.2903
1529142300,0.3236,38.8,0.3665,79.6,0.00166,0.3268,0.3702,0.303
1529142600,0.2757,31.8,0.3622,85.6,0.00167,0.294,0.3862,0.3199
1529142900,0.3278,38.9,0.3654,88.4,0.00127,0.33,0.3679,0.3021
1529143200,0.3036,29.0,0.3684,83.4,0.00125,0.3123,0.379,0.3086
1529143500,0.2889,39.4,0.3702,79.8,0.00165,0.3012,0.386,0.3128
1529143800,0.3138,39.0,0.3687,83.3,0.00267,0.3194,0.3753,0.3053
1529144100,0.3159,32.6,0.3689,88.7,0.00214,0.3208,0.3746,0.3046
1529144400,0.3151,32.6,0.3703,88.9,0.00208,0.3198,0.3758,0.3044
1529144700,0.4029,48.2,0.3718,98.3,0.00179,0.3749,0.346,0.2791
1529145000,0.4137,41.7,0.3793,91.6,0.00152,0.3785,0.347,0.2745
1529145300,0.399,40.4,0.3896,93.2,0.00224,0.3665,0.3579,0.2756
1529145600,0.4084,36.8,0.3933,98.9,0.00163,0.3707,0.357,0.2723
1529145900,0.4288,44.0,0.3966,89.1,0.00111,0.381,0.3524,0.2666
1529146200,0.4391,45.1,0.3977,92.0,0.00226,0.3863,0.3498,0.2639
1529146500,0.4671,49.8,0.3989,96.8,0.00181,0.4006,0.3421,0.2573
1529146800,0.4633,43.2,0.4056,101.7,0.00155,0.3964,0.347,0.2567
1529147100,0.4976,45.3,0.4059,105.3,0.00268,0.4135,0.3373,0.2493
1529147400,0.453,48.1,0.4063,93.9,0.00109,0.3908,0.3505,0.2588
1529147700,0.417,47.2,0.4039,82.6,0.00156,0.372,0.3603,0.2676
1529148000,0.4299,40.4,0.409,94.5,0.00125,0.3775,0.3591,0.2634
1529148300,0.5096,53.9,0.41,95.5,0.00142,0.4178,0.3362,0.246
1529148600,0.4437,46.2,0.4119,85.4,0.00128,0.384,0.3564,0.2596
1529148900,0.4956,53.0,0.4185,92.0,0.00146,0.4082,0.3447,0.2471
1529149200,0.5049,50.1,0.4176,102.4,0.00143,0.413,0.3416,0.2454
1529149500,0.4633,39.9,0.4066,104.5,0.00112,0.396,0.3476,0.2564
1529149800,0.4551,46.4,0.4001,95.7,0.00252,0.394,0.3463,0.2597
1529150100,0.4892,52.4,0.4024,100.2,0.00183,0.4105,0.3377,0.2518
1529150400,0.4591,44.5,0.4027,103.0,0.00166,0.3952,0.3466,0.2582
1529150700,0.4854,47.8,0.406,89.3,0.00223,0.4074,0.3408,0.2518
1529151000,0.4994,49.4,0.4086,103.1,0.00225,0.4134,0.3382,0.2483
1529151300,0.4498,37.8,0.4091,94.9,0.00197,0.3881,0.353,0.2589
1529151600,0.4766,53.4,0.4083,101.1,0.00127,0.4022,0.3446,0.2532
1529151900,0.5721,52.3,0.4064,104.3,0.004,0.4475,0.3179,0.2346
1529152200,0.5555,55.4,0.4118,100.6,0.00224,0.4383,0.3249,0.2367
1529152500,0.5509,53.3,0.4194,105.9,0.00195,0.4337,0.3302,0.2362
1529152800,0.5406,56.6,0.4199,114.0,0.00175,0.4289,0.3331,0.238
1529153100,0.5272,53.1,0.4221,107.9,0.00107,0.422,0.3379,0.2401
1529153400,0.5521,52.9,0.421,102.2,0.00178,0.4337,0.3307,0.2356
1529153700,0.6656,58.9,0.422,108.5,0.00207,0.4797,0.3041,0.2162
1529154000,0.6481,62.8,0.4245,104.7,0.00199,0.4722,0.3093,0.2186
1529154300,0.579,49.9,0.4333,115.8,0.0016,0.4412,0.3302,0.2286
1529154600,0.6072,59.4,0.4303,105.0,0.0011,0.454,0.3217,0.2243
1529154900,0.5427,49.7,0.4272,102.3,0.00192,0.4274,0.3364,0.2362
1529155200,0.5422,56.7,0.4333,112.1,0.00175,0.4251,0.3397,0.2352
1529155500,0.6919,63.9,0.444,109.5,0.00113,0.4819,0.3092,0.2089
1529155800,0.6079,59.5,0.4479,119.7,0.00139,0.4484,0.3304,0.2213
1529156100,0.5768,55.6,0.4486,106.2,0.00359,0.4352,0.3385,0.2263
1529156400,0.6157,52.8,0.453,104.7,0.00102,0.4498,0.331,0.2192
1529156700,0.6072,54.9,0.4547,109.2,0.00175,0.4458,0.3339,0.2203
1529157000,0.5839,57.9,0.4513,104.1,0.0024,0.4373,0.338,0.2247
1529157300,0.6861,63.5,0.4504,121.3,0.00394,0.4776,0.3135,0.2088
1529157600,0.6491,64.0,0.4487,111.0,0.00136,0.4644,0.321,0.2146
1529157900,0.6705,63.1,0.4495,105.6,0.00272,0.4722,0.3165,0.2113
1529158200,0.6842,60.0,0.4509,117.1,0.00112,0.4768,0.3142,0.209
1529158500,0.6541,58.4,0.455,107.3,0.00121,0.4642,0.3229,0.2129
1529158800,0.6472,60.6,0.4536,115.9,0.00297,0.462,0.3238,0.2142
1529159100,0.7259,58.9,0.4552,115.6,0.00267,0.4901,0.3073,0.2026
1529159400,0.6784,67.5,0.4586,114.9,0.00187,0.4721,0.3191,0.2088
1529159700,0.6713,63.3,0.4603,118.2,0.00159,0.4689,0.3215,0.2096
1529160000,0.6908,67.0,0.4601,117.8,0.00168,0.4761,0.3171,0.2068
1529160300,0.6982,59.1,0.4586,121.3,0.00127,0.4793,0.3148,0.2059
1529160600,0.6456,63.9,0.4639,118.6,0.00124,0.458,0.3291,0.2128
1529160900,0.6537,67.5,0.4683,108.4,0.00256,0.4597,0.3293,0.211
1529161200,0.6171,54.2,0.4703,111.3,0.00206,0.4448,0.339,0.2162
1529161500,0.6022,59.5,0.4733,90.2,0.00111,0.4378,0.3441,0.2181
1529161800,0.6363,59.5,0.469,115.1,0.0011,0.4528,0.3337,0.2135
1529162100,0.6118,53.2,0.4673,109.4,0.0016,0.4436,0.3388,0.2175
1529162400,0.6557,62.4,0.4711,109.7,0.00179,0.4596,0.3302,0.2103
1529162700,0.7436,69.6,0.4697,126.6,0.00132,0.4914,0.3104,0.1982
1529163000,0.6861,61.2,0.4743,125.6,0.00275,0.4698,0.3248,0.2054
1529163300,0.6834,66.3,0.4836,115.5,0.00179,0.4658,0.3297,0.2045
1529163600,0.6593,56.2,0.4806,110.3,0.00205,0.4579,0.3338,0.2083
1529163900,0.6345,54.9,0.481,114.4,0.00306,0.4483,0.3398,0.2119
1529164200,0.6391,60.1,0.4854,105.9,0.00282,0.4486,0.3408,0.2106
1529164500,0.6739,62.2,0.4872,113.4,0.00186,0.4612,0.3334,0.2053
1529164800,0.6691,59.7,0.4851,124.2,0.00172,0.4601,0.3336,0.2063
1529165100,0.6736,64.6,0.4871,117.7,0.00213,0.4611,0.3335,0.2054
1529165400,0.6297,60.7,0.4919,101.7,0.00285,0.443,0.346,0.211
1529165700,0.6443,62.7,0.4918,103.6,0.00253,0.4486,0.3425,0.2089
1529166000,0.668,61.4,0.4907,117.8,0.00196,0.4579,0.3364,0.2057
1529166300,0.762,70.1,0.4937,132.1,0.00248,0.4898,0.3173,0.1928
1529166600,0.7223,64.2,0.4929,112.6,0.00193,0.4767,0.3253,0.198
1529166900,0.6881,69.3,0.4894,121.5,0.00264,0.4657,0.3312,0.203
1529167200,0.6716,59.6,0.49,125.1,0.00208,0.4595,0.3352,0.2053
1529167500,0.654,67.1,0.4914,126.7,0.00241,0.4525,0.34,0.2076
1529167800,0.6476,60.4,0.4909,116.7,0.00171,0.4502,0.3413,0.2086
1529168100,0.6453,56.0,0.4896,117.6,0.00134,0.4497,0.3412,0.2091
1529168400,0.5804,59.7,0.4878,95.2,0.00227,0.4242,0.3565,0.2193
1529168700,0.5919,56.8,0.4829,121.8,0.00112,0.4305,0.3513,0.2182
1529169000,0.6194,60.9,0.4761,108.5,0.00111,0.4439,0.3412,0.215
1529169300,0.5852,59.6,0.4858,102.9,0.00132,0.4268,0.3543,0.2188
1529169600,0.5806,56.7,0.4945,106.5,0.00138,0.4222,0.3596,0.2182
1529169900,0.66,59.4,0.4956,125.1,0.00201,0.4534,0.3405,0.2061
1529170200,0.644,63.0,0.4971,127.6,0.00188,0.4469,0.3449,0.2082
1529170500,0.6554,60.9,0.4954,116.3,0.00144,0.4518,0.3415,0.2068
1529170800,0.6525,62.7,0.4937,121.2,0.00234,0.4512,0.3414,0.2074
1529171100,0.6599,54.7,0.4918,116.2,0.00102,0.4546,0.3388,0.2067
1529171400,0.6061,58.8,0.4906,104.4,0.0015,0.434,0.3513,0.2148
1529171700,0.6592,59.2,0.4816,124.8,0.00176,0.4575,0.3343,0.2082
1529172000,0.6285,64.0,0.4799,109.1,0.00183,0.4463,0.3407,0.213
1529172300,0.6257,60.7,0.4836,121.8,0.00195,0.444,0.3431,0.2129
1529172600,0.617,58.9,0.4836,119.5,0.00178,0.4405,0.3453,0.2142
1529172900,0.5931,58.0,0.4849,113.0,0.00169,0.4304,0.3519,0.2177
1529173200,0.6266,55.9,0.4852,123.6,0.00293,0.4438,0.3437,0.2125
1529173500,0.6539,65.6,0.4869,128.8,0.00151,0.4538,0.3379,0.2082
1529173800,0.6715,68.0,0.4961,116.1,0.00146,0.4575,0.338,0.2044
1529174100,0.7168,66.4,0.5083,116.9,0.00137,0.47,0.3333,0.1967
1529174400,0.7849,74.7,0.5095,118.7,0.00407,0.4923,0.3196,0.1882
1529174700,0.8859,75.3,0.5085,159.0,0.00973,0.5228,0.3001,0.1771
1529175000,0.9081,76.2,0.5156,146.8,0.00938,0.5268,0.2991,0.174
1529175300,0.8985,78.0,0.5194,154.5,0.00915,0.523,0.3023,0.1746
1529175600,0.7127,66.2,0.5198,116.9,0.00277,0.4651,0.3392,0.1958
1529175900,0.6402,58.6,0.5089,123.2,0.00178,0.4418,0.3512,0.207
1529176200,0.6413,61.5,0.5095,109.9,0.00136,0.442,0.3512,0.2068
1529176500,0.5854,56.9,0.5122,101.4,0.00232,0.4189,0.3665,0.2147
1529176800,0.5697,51.9,0.511,105.7,0.00195,0.4126,0.3701,0.2173
1529177100,0.6634,63.0,0.4971,113.1,0.00226,0.4542,0.3404,0.2054
1529177400,0.6308,61.7,0.5016,116.7,0.00228,0.4404,0.3502,0.2094
1529177700,0.654,61.3,0.499,115.1,0.00106,0.4501,0.3434,0.2065
1529178000,0.6452,63.6,0.4971,118.3,0.00139,0.4473,0.3447,0.208
1529178300,0.6242,55.0,0.4958,110.7,0.00133,0.4396,0.3492,0.2113
1529178600,0.5713,56.4,0.4946,103.1,0.00268,0.4183,0.3621,0.2196
1529178900,0.6452,56.7,0.4965,111.0,0.00113,0.4475,0.3444,0.2081
1529179200,0.5962,53.4,0.4897,121.9,0.00324,0.4302,0.3533,0.2165
1529179500,0.5743,53.3,0.4906,108.8,0.00124,0.4208,0.3594,0.2198
1529179800,0.5772,52.6,0.4881,95.8,0.00219,0.4228,0.3575,0.2197
1529180100,0.5706,53.3,0.4981,103.9,0.00109,0.4169,0.3639,0.2192
1529180400,0.5375,52.0,0.4931,104.3,0.00253,0.404,0.3706,0.2255
1529180700,0.6118,60.3,0.4898,122.3,0.00145,0.4365,0.3495,0.214
1529181000,0.5744,54.2,0.4842,113.6,0.00284,0.4228,0.3564,0.2208
1529181300,0.5469,48.5,0.4844,99.2,0.00111,0.4108,0.3639,0.2253
1529181600,0.5611,57.7,0.4832,120.6,0.0013,0.4174,0.3594,0.2232
1529181900,0.5766,52.9,0.4741,107.5,0.00208,0.4269,0.351,0.2221
1529182200,0.5352,52.3,0.4737,111.0,0.00282,0.4089,0.3619,0.2292
1529182500,0.561,55.6,0.4714,99.2,0.00191,0.421,0.3538,0.2252
1529182800,0.5289,52.6,0.4766,88.5,0.00144,0.4051,0.3651,0.2298
1529183100,0.5177,54.5,0.4811,93.3,0.00168,0.3986,0.3704,0.231
1529183400,0.5183,52.7,0.4817,82.3,0.00117,0.3987,0.3705,0.2308
1529183700,0.5515,51.0,0.4832,117.8,0.00246,0.4132,0.362,0.2248
1529184000,0.5211,58.0,0.4819,103.4,0.00104,0.3999,0.3698,0.2302
1529184300,0.6008,57.6,0.4844,104.5,0.00137,0.4337,0.3497,0.2166
1529184600,0.5524,53.2,0.4855,108.0,0.0022,0.4129,0.3629,0.2242
1529184900,0.5421,55.8,0.4912,105.3,0.00233,0.4066,0.3684,0.225
1529185200,0.5311,52.9,0.4943,106.8,0.00201,0.4007,0.3729,0.2263
1529185500,0.5226,52.8,0.4904,109.5,0.00237,0.398,0.3735,0.2285
1529185800,0.4852,56.4,0.4817,96.8,0.00237,0.383,0.3802,0.2368
1529186100,0.5243,50.9,0.4792,97.2,0.00131,0.4022,0.3676,0.2301
1529186400,0.5176,50.3,0.4802,106.7,0.00178,0.3988,0.37,0.2312
1529186700,0.5208,51.8,0.482,106.9,0.00208,0.3998,0.37,0.2303
1529187000,0.5454,56.4,0.4873,105.1,0.00105,0.4092,0.3656,0.2251
1529187300,0.5126,46.4,0.4927,114.3,0.0029,0.3927,0.3775,0.2298
1529187600,0.459,41.2,0.4963,93.3,0.00185,0.3656,0.3954,0.239
1529187900,0.5605,52.5,0.4962,100.7,0.00273,0.4131,0.3657,0.2211
1529188200,0.525,46.8,0.4998,105.0,0.00128,0.3963,0.3773,0.2264
1529188500,0.5446,51.8,0.5048,100.4,0.00179,0.4036,0.3741,0.2223
1529188800,0.5766,56.9,0.5108,110.6,0.00193,0.4156,0.3682,0.2162
1529189100,0.5791,52.9,0.5194,102.9,0.00233,0.4141,0.3714,0.2145
1529189400,0.5641,50.2,0.5212,104.0,0.00123,0.4072,0.3762,0.2166
1529189700,0.6156,58.3,0.52,122.9,0.00246,0.4288,0.3622,0.209
1529190000,0.5669,57.3,0.515,104.3,0.00131,0.4102,0.3727,0.2171
1529190300,0.5568,48.9,0.5121,100.9,0.00134,0.4067,0.3741,0.2192
1529190600,0.5106,53.2,0.5065,108.1,0.00149,0.3877,0.3846,0.2278
1529190900,0.4704,50.4,0.5087,90.7,0.00238,0.3678,0.3977,0.2345
1529191200,0.46,50.1,0.5086,91.8,0.0023,0.3626,0.4009,0.2365
1529191500,0.5273,55.6,0.5102,106.2,0.00118,0.3942,0.3815,0.2243
1529191800,0.5154,57.7,0.505,107.2,0.00176,0.3903,0.3825,0.2272
1529192100,0.5149,50.0,0.4794,108.8,0.00196,0.3978,0.3704,0.2318
1529192400,0.5128,51.2,0.4757,96.8,0.00216,0.398,0.3692,0.2328
1529192700,0.5365,51.3,0.4743,107.2,0.00188,0.4093,0.3618,0.2289
1529193000,0.5073,50.5,0.4756,97.9,0.00243,0.3954,0.3707,0.2338
1529193300,0.5334,56.9,0.4722,99.7,0.00237,0.4085,0.3617,0.2298
1529193600,0.5084,46.6,0.4755,108.1,0.00296,0.396,0.3704,0.2337
1529193900,0.4933,46.9,0.4797,96.0,0.00211,0.3875,0.3768,0.2357
1529194200,0.4819,52.9,0.4792,99.9,0.00307,0.3821,0.38,0.2379
1529194500,0.4813,51.8,0.4687,99.1,0.00137,0.385,0.375,0.24
1529194800,0.4705,46.8,0.4567,90.6,0.0011,0.3834,0.3721,0.2445
1529195100,0.5306,54.7,0.4415,108.9,0.00153,0.4171,0.3471,0.2358
1529195400,0.485,50.0,0.4379,101.9,0.00101,0.3966,0.3581,0.2453
1529195700,0.4999,54.5,0.4361,88.1,0.00175,0.4044,0.3528,0.2427
1529196000,0.5312,52.4,0.4381,104.8,0.0019,0.4185,0.3452,0.2364
1529196300,0.5221,54.6,0.4364,97.6,0.00121,0.4149,0.3468,0.2384
1529196600,0.5189,59.2,0.436,108.5,0.00207,0.4135,0.3474,0.2391
1529196900,0.5451,55.0,0.4293,95.8,0.00209,0.4277,0.3369,0.2354
1529197200,0.4832,49.0,0.4202,96.2,0.00139,0.4015,0.3492,0.2493
1529197500,0.4865,51.2,0.4227,100.8,0.0011,0.4023,0.3496,0.2481
1529197800,0.4781,47.4,0.4261,98.1,0.00194,0.397,0.3538,0.2491
1529198100,0.4416,53.1,0.4234,98.7,0.00142,0.3791,0.3634,0.2575
1529198400,0.4282,45.5,0.4252,83.7,0.00158,0.3713,0.3686,0.2601
1529198700,0.6057,56.6,0.4283,120.5,0.00142,0.454,0.3211,0.2249
1529199000,0.5332,49.8,0.4285,106.5,0.00181,0.4226,0.3396,0.2378
1529199300,0.4958,53.0,0.4283,107.7,0.00166,0.405,0.3499,0.2451
1529199600,0.4992,52.5,0.4356,105.2,0.00162,0.4043,0.3528,0.243
1529199900,0.5177,49.7,0.4313,101.7,0.00121,0.4145,0.3453,0.2402
1529200200,0.4882,50.9,0.4297,91.1,0.00277,0.4009,0.3528,0.2463
1529200500,0.5334,47.8,0.4385,100.0,0.00238,0.4194,0.3448,0.2359
1529200800,0.4955,50.2,0.4404,109.1,0.0023,0.4009,0.3563,0.2427
1529201100,0.4209,45.8,0.4386,100.4,0.00174,0.363,0.3783,0.2587
1529201400,0.4302,50.2,0.4342,89.3,0.00257,0.3695,0.3729,0.2576
1529201700,0.4083,41.3,0.4318,73.9,0.00414,0.3581,0.3787,0.2631
1529202000,0.3759,37.5,0.4288,86.3,0.00243,0.3403,0.3882,0.2716
1529202300,0.4818,46.0,0.4321,96.5,0.00193,0.3969,0.356,0.2471
1529202600,0.4295,41.1,0.4368,91.5,0.00231,0.3683,0.3745,0.2572
1529202900,0.4446,50.1,0.4307,97.6,0.00219,0.3783,0.3665,0.2553
1529203200,0.4307,49.8,0.4345,98.3,0.00136,0.3696,0.3729,0.2575
1529203500,0.4089,44.6,0.4316,96.8,0.0027,0.3585,0.3784,0.263
1529203800,0.3872,45.8,0.4253,91.4,0.00162,0.348,0.3823,0.2697
1529204100,0.4434,46.4,0.4255,83.5,0.00313,0.3793,0.364,0.2567
1529204400,0.4213,44.2,0.4224,90.1,0.00215,0.3684,0.3693,0.2623
1529204700,0.4189,43.3,0.4085,105.7,0.00132,0.3716,0.3623,0.2661
1529205000,0.4334,44.4,0.4048,95.6,0.00113,0.3808,0.3556,0.2636
1529205300,0.4005,38.4,0.4055,92.3,0.00175,0.3621,0.3666,0.2712
1529205600,0.3531,40.5,0.4086,87.5,0.0029,0.3326,0.3849,0.2826
1529205900,0.4319,45.1,0.4096,95.7,0.00223,0.3784,0.3588,0.2628
1529206200,0.354,42.0,0.4059,71.1,0.00234,0.334,0.383,0.283
1529206500,0.3383,39.0,0.4069,82.4,0.00135,0.3237,0.3893,0.287
1529206800,0.3622,39.9,0.4062,86.0,0.00166,0.339,0.3802,0.2808
1529207100,0.3502,36.9,0.4014,92.7,0.00139,0.333,0.3817,0.2853
1529207400,0.3295,38.3,0.4028,83.2,0.00129,0.3192,0.3902,0.2906
1529207700,0.3589,42.3,0.4032,76.0,0.00176,0.3379,0.3796,0.2825
1529208000,0.3256,34.4,0.404,85.1,0.00156,0.3162,0.3924,0.2914
1529208300,0.3306,38.4,0.4049,78.2,0.00234,0.3193,0.391,0.2897
1529208600,0.3329,39.0,0.4063,76.0,0.00152,0.3203,0.391,0.2887
1529208900,0.3315,36.1,0.404,78.1,0.00103,0.3201,0.3901,0.2897
1529209200,0.3273,36.1,0.4029,86.0,0.00176,0.3177,0.3911,0.2912
1529209500,0.4111,44.5,0.4021,98.7,0.00148,0.3693,0.3612,0.2695
1529209800,0.4052,40.0,0.3982,93.4,0.00181,0.3672,0.3609,0.2719
1529210100,0.4136,45.0,0.3972,95.2,0.0025,0.3723,0.3576,0.2701
1529210400,0.4592,44.5,0.4003,98.8,0.00211,0.396,0.3452,0.2587
1529210700,0.4522,49.8,0.4025,95.8,0.00128,0.3916,0.3486,0.2598
1529211000,0.4584,54.1,0.3981,100.0,0.00182,0.3964,0.3442,0.2594
1529211300,0.4616,44.7,0.3988,81.6,0.0021,0.3978,0.3437,0.2585
1529211600,0.3903,43.9,0.3983,89.7,0.00167,0.3585,0.3659,0.2756
1529211900,0.4204,42.2,0.3977,85.8,0.00101,0.376,0.3557,0.2683
1529212200,0.4118,46.9,0.3966,98.2,0.00259,0.3715,0.3578,0.2707
1529212500,0.4163,40.3,0.3937,90.7,0.00226,0.375,0.3547,0.2703
1529212800,0.3867,43.5,0.3938,88.9,0.00158,0.3579,0.3645,0.2776
1529213100,0.4789,45.9,0.3983,88.9,0.00109,0.4068,0.3383,0.2548
1529213400,0.4175,43.6,0.4004,97.9,0.00175,0.3735,0.3582,0.2684
1529213700,0.4055,40.3,0.4003,94.3,0.00101,0.3667,0.362,0.2713
1529214000,0.4458,48.7,0.4018,97.9,0.00132,0.3885,0.3501,0.2614
1529214300,0.4117,41.3,0.4067,86.3,0.00148,0.3681,0.3636,0.2682
1529214600,0.4357,47.2,0.4225,88.9,0.00251,0.3762,0.3648,0.259
1529214900,0.4094,42.6,0.4215,92.3,0.0023,0.362,0.3727,0.2653
1529215200,0.3265,37.5,0.4063,78.5,0.00134,0.3161,0.3934,0.2905
1529215500,0.3317,38.7,0.3999,85.8,0.00165,0.3215,0.3877,0.2908
1529215800,0.315,34.8,0.4027,68.5,0.00143,0.3095,0.3957,0.2948
1529216100,0.2953,36.3,0.3981,76.6,0.00143,0.2973,0.4007,0.302
1529216400,0.2937,40.2,0.4022,90.2,0.00199,0.2949,0.4039,0.3012
1529216700,0.3898,40.0,0.3971,91.6,0.0019,0.3586,0.3654,0.276
1529217000,0.3085,40.1,0.3958,81.9,0.00151,0.3072,0.3941,0.2987
1529217300,0.2999,40.5,0.3956,91.9,0.00102,0.3013,0.3974,0.3014
1529217600,0.3045,33.9,0.3948,66.4,0.00122,0.3047,0.3951,0.3002
1529217900,0.3014,31.7,0.3924,75.2,0.00166,0.3033,0.3948,0.3019
1529218200,0.2848,35.8,0.3905,76.1,0.00173,0.292,0.4004,0.3076
1529218500,0.3143,35.4,0.3849,86.6,0.00153,0.3146,0.3852,0.3002
1529218800,0.2684,39.4,0.3842,82.1,0.00185,0.2818,0.4033,0.3149
1529219100,0.2683,33.9,0.3862,71.6,0.00226,0.2811,0.4046,0.3143
1529219400,0.2924,33.1,0.3877,85.2,0.00103,0.2983,0.3956,0.3061
1529219700,0.2596,29.7,0.3865,73.5,0.00242,0.2744,0.4085,0.3171
1529220000,0.2747,37.5,0.3828,84.7,0.0011,0.2869,0.3998,0.3133
1529220300,0.3606,38.5,0.3848,79.9,0.00222,0.3449,0.3681,0.287
1529220600,0.2958,35.8,0.3897,78.8,0.00135,0.3002,0.3954,0.3044
1529220900,0.2932,38.4,0.3969,76.4,0.00154,0.2961,0.4009,0.303
1529221200,0.3246,36.3,0.3975,88.8,0.003,0.3176,0.3889,0.2935
1529221500,0.3386,38.6,0.3931,80.7,0.00251,0.3282,0.381,0.2908
1529221800,0.2978,35.8,0.3836,79.5,0.00176,0.3034,0.3909,0.3057
1529222100,0.3343,40.5,0.3855,86.5,0.00114,0.3278,0.378,0.2942
1529222400,0.2628,35.2,0.3943,79.6,0.00133,0.2746,0.412,0.3134
1529222700,0.2393,31.1,0.3951,79.3,0.0012,0.2561,0.4228,0.3211
1529223000,0.2539,33.0,0.3839,76.7,0.00281,0.2707,0.4094,0.3199
1529223300,0.2424,30.9,0.3847,71.7,0.00109,0.2615,0.4149,0.3236
1529223600,0.2168,25.7,0.3856,69.6,0.00124,0.2402,0.4273,0.3324
1529223900,0.3212,38.3,0.3849,82.3,0.00169,0.3193,0.3826,0.2982
1529224200,0.2917,41.1,0.3828,80.7,0.00219,0.2993,0.3928,0.3079
1529224500,0.2811,32.0,0.3906,77.2,0.00194,0.2893,0.402,0.3087
1529224800,0.296,33.4,0.3896,79.7,0.00154,0.3003,0.3953,0.3044
1529225100,0.305,33.7,0.3898,71.4,0.00256,0.3066,0.3918,0.3016
1529225400,0.2811,36.9,0.3919,82.1,0.00149,0.2889,0.4028,0.3083
1529225700,0.3514,40.9,0.3914,86.2,0.00182,0.337,0.3753,0.2877
1529226000,0.3108,36.3,0.3939,87.1,0.00125,0.3093,0.3921,0.2986
1529226300,0.2821,32.0,0.3971,78.2,0.00183,0.2881,0.4055,0.3064
1529226600,0.2903,35.6,0.4049,68.6,0.00289,0.2917,0.4069,0.3014
1529226900,0.2862,30.3,0.4097,76.5,0.00218,0.2874,0.4114,0.3012
1529227200,0.2595,33.6,0.4103,74.8,0.00214,0.2676,0.4231,0.3093
1529227500,0.3498,42.1,0.4089,89.4,0.00133,0.3304,0.3862,0.2834
1529227800,0.3007,32.3,0.4004,67.6,0.00194,0.3004,0.4,0.2997
1529228100,0.2928,30.9,0.3928,79.5,0.00104,0.2971,0.3985,0.3044
1529228400,0.3168,41.9,0.3895,84.8,0.00313,0.3148,0.3871,0.2981
1529228700,0.3183,35.4,0.3869,77.9,0.00113,0.3167,0.3849,0.2984
1529229000,0.2864,38.5,0.3865,79.1,0.00164,0.2944,0.3973,0.3084
1529229300,0.3341,37.9,0.3815,79.6,0.00142,0.329,0.3756,0.2954
1529229600,0.302,35.7,0.3807,75.8,0.00132,0.3073,0.3874,0.3053
1529229900,0.2788,35.8,0.3778,75.4,0.00214,0.2914,0.3949,0.3136
1529230200,0.2788,31.9,0.3766,73.6,0.00145,0.2918,0.3942,0.314
1529230500,0.2834,35.2,0.3753,82.4,0.00348,0.2956,0.3915,0.3129
1529230800,0.2791,33.4,0.3785,73.5,0.00111,0.2915,0.3953,0.3133
1529231100,0.3828,37.8,0.3792,82.9,0.0011,0.3605,0.3571,0.2825
1529231400,0.3561,40.9,0.3825,96.2,0.0016,0.3429,0.3683,0.2889
1529231700,0.3579,39.3,0.383,91.6,0.00109,0.3438,0.368,0.2882
1529232000,0.3574,39.5,0.388,74.6,0.00123,0.3419,0.3711,0.287
1529232300,0.3807,38.0,0.3852,83.5,0.00128,0.3572,0.3614,0.2815
1529232600,0.3622,45.1,0.387,87.7,0.00107,0.3452,0.3689,0.2859
1529232900,0.4324,47.9,0.3904,95.2,0.00161,0.3851,0.3477,0.2672
1529233200,0.3774,44.3,0.394,78.8,0.00188,0.3522,0.3677,0.28
1529233500,0.3969,41.9,0.3966,96.6,0.00138,0.363,0.3627,0.2743
1529233800,0.3872,36.9,0.4004,93.7,0.00214,0.356,0.3682,0.2758
1529234100,0.3744,47.1,0.4027,90.3,0.00236,0.3476,0.3739,0.2785
1529234400,0.3809,41.5,0.3929,96.2,0.00108,0.3547,0.3659,0.2794
1529234700,0.48,46.4,0.3909,100.7,0.00194,0.4099,0.3338,0.2562
1529235000,0.4105,45.0,0.3998,93.7,0.00108,0.3697,0.3601,0.2702
1529235300,0.456,50.4,0.4074,104.9,0.00309,0.392,0.3502,0.2579
1529235600,0.471,47.9,0.4106,103.7,0.002,0.3986,0.3475,0.2539
1529235900,0.4779,52.3,0.4208,92.7,0.00155,0.3987,0.351,0.2503
1529236200,0.4673,51.0,0.4236,100.5,0.00196,0.3924,0.3557,0.2519
1529236500,0.5012,46.9,0.4214,96.1,0.00254,0.4099,0.3447,0.2454
1529236800,0.4538,44.7,0.4186,98.4,0.00215,0.3871,0.357,0.2559
1529237100,0.4831,51.7,0.4172,101.2,0.00139,0.4025,0.3476,0.2499
1529237400,0.4822,40.6,0.4082,89.9,0.00153,0.4051,0.3429,0.252
1529237700,0.4649,47.1,0.4106,95.8,0.00159,0.3955,0.3493,0.2552
1529238000,0.4505,42.2,0.4135,96.6,0.00116,0.387,0.3552,0.2577
1529238300,0.5479,51.9,0.4153,102.2,0.00176,0.4337,0.3288,0.2375
1529238600,0.5093,49.8,0.4194,102.8,0.00151,0.4145,0.3413,0.2442
1529238900,0.5032,49.1,0.4268,105.2,0.00237,0.4091,0.347,0.2439
1529239200,0.5336,50.7,0.4363,103.2,0.00107,0.4202,0.3436,0.2362
1529239500,0.5152,47.8,0.4448,102.9,0.00169,0.4089,0.353,0.2381
1529239800,0.4986,56.8,0.4414,108.2,0.0022,0.4021,0.356,0.2419
1529240100,0.5823,61.4,0.438,111.1,0.00212,0.441,0.3317,0.2272
1529240400,0.5583,50.6,0.4343,107.0,0.00136,0.4319,0.336,0.2321
1529240700,0.5606,59.0,0.4339,100.3,0.00182,0.4331,0.3352,0.2317
1529241000,0.5604,53.0,0.4388,110.1,0.00274,0.4313,0.3377,0.2309
1529241300,0.5219,51.9,0.4388,104.2,0.00151,0.414,0.3481,0.238
1529241600,0.5113,50.6,0.4411,108.8,0.00173,0.4083,0.3522,0.2395
1529241900,0.6544,58.8,0.4439,115.7,0.00158,0.468,0.3175,0.2145
1529242200,0.5774,58.4,0.4489,96.8,0.00104,0.4353,0.3385,0.2262
1529242500,0.5388,53.1,0.4546,93.7,0.00335,0.4166,0.3515,0.2319
1529242800,0.5589,52.7,0.4519,110.3,0.00146,0.4264,0.3448,0.2289
1529243100,0.5645,50.6,0.4501,103.0,0.00112,0.4294,0.3424,0.2282
1529243400,0.5305,49.5,0.4501,105.7,0.00216,0.4143,0.3515,0.2343
1529243700,0.5671,49.8,0.4496,107.4,0.00175,0.4307,0.3415,0.2278
1529244000,0.5209,51.5,0.4433,101.1,0.00251,0.412,0.3507,0.2373
1529244300,0.5447,49.5,0.4438,103.9,0.00117,0.4227,0.3444,0.2328
1529244600,0.5392,51.9,0.4421,98.7,0.00138,0.4208,0.345,0.2341
1529244900,0.5077,54.6,0.4467,100.7,0.00109,0.4047,0.3561,0.2392
1529245200,0.4871,52.7,0.449,95.2,0.00102,0.3941,0.3632,0.2427
1529245500,0.6036,57.2,0.4382,108.1,0.00207,0.4498,0.3266,0.2236
1529245800,0.5556,53.6,0.4332,103.6,0.00114,0.4311,0.3361,0.2328
1529246100,0.5413,58.5,0.4366,102.8,0.00135,0.4236,0.3417,0.2348
1529246400,0.5857,57.6,0.4375,114.1,0.00207,0.4426,0.3306,0.2267
1529246700,0.5967,55.8,0.4378,108.9,0.00138,0.4471,0.3281,0.2248
1529247000,0.5919,52.2,0.4377,115.3,0.00128,0.4452,0.3292,0.2256
1529247300,0.6037,58.4,0.4404,119.6,0.00272,0.4491,0.3277,0.2232
1529247600,0.5762,57.8,0.4411,112.7,0.00127,0.4374,0.3349,0.2277
1529247900,0.5705,53.0,0.4442,110.3,0.00156,0.4339,0.3379,0.2282
1529248200,0.5922,57.3,0.4528,111.2,0.00117,0.4403,0.3367,0.223
1529248500,0.5924,55.4,0.4568,114.4,0.00263,0.4391,0.3386,0.2224
1529248800,0.5854,55.4,0.4644,109.1,0.00109,0.4337,0.3441,0.2223
1529249100,0.6714,54.5,0.4691,123.0,0.00112,0.4661,0.3257,0.2083
1529249400,0.5885,55.5,0.4668,112.5,0.00114,0.4342,0.3444,0.2214
1529249700,0.5935,59.5,0.4681,107.2,0.0012,0.4359,0.3438,0.2203
1529250000,0.5995,55.1,0.4707,115.3,0.0022,0.4375,0.3435,0.2189
1529250300,0.5645,54.7,0.4683,107.0,0.00185,0.4235,0.3514,0.2251
1529250600,0.5324,50.0,0.467,102.6,0.00103,0.4097,0.3594,0.2309
1529250900,0.558,55.1,0.4636,102.9,0.0027,0.4222,0.3508,0.227
1529251200,0.534,51.7,0.46,104.4,0.00187,0.4127,0.3555,0.2318
1529251500,0.5159,48.3,0.4556,107.6,0.00144,0.4057,0.3583,0.2359
1529251800,0.551,57.6,0.4572,110.4,0.00238,0.4212,0.3495,0.2293
1529252100,0.5816,58.5,0.4561,110.3,0.00142,0.4348,0.341,0.2243
1529252400,0.5971,55.0,0.4586,113.3,0.00141,0.4404,0.3383,0.2213
1529252700,0.6828,64.3,0.462,125.9,0.0016,0.4726,0.3198,0.2076
1529253000,0.6576,62.6,0.4663,114.9,0.00236,0.4618,0.3275,0.2107
1529253300,0.6527,62.6,0.4663,108.6,0.00209,0.46,0.3286,0.2114
1529253600,0.6519,55.6,0.4706,123.0,0.00144,0.4583,0.3308,0.2109
1529253900,0.6284,62.0,0.4713,109.7,0.00218,0.449,0.3367,0.2143
1529254200,0.599,55.2,0.4675,105.8,0.00234,0.4383,0.3421,0.2195
1529254500,0.6878,62.1,0.4696,108.0,0.00163,0.4719,0.3222,0.2058
1529254800,0.605,65.3,0.4632,113.9,0.00137,0.4422,0.3385,0.2193
1529255100,0.6145,58.9,0.4602,101.7,0.00177,0.447,0.3348,0.2182
1529255400,0.6414,58.7,0.4557,109.6,0.00195,0.4591,0.3262,0.2147
1529255700,0.6407,53.2,0.4564,117.6,0.00181,0.4586,0.3267,0.2147
1529256000,0.5943,60.8,0.4611,113.8,0.00278,0.4385,0.3402,0.2213
1529256300,0.7405,62.8,0.4651,120.5,0.00121,0.4918,0.3089,0.1993
1529256600,0.6831,59.8,0.4647,117.5,0.00173,0.4718,0.321,0.2072
1529256900,0.6546,59.8,0.4701,110.2,0.00266,0.4595,0.33,0.2106
1529257200,0.6899,67.5,0.4752,115.7,0.00141,0.4709,0.3243,0.2048
1529257500,0.7474,69.6,0.4776,126.8,0.00117,0.4901,0.3132,0.1967
1529257800,0.6071,57.0,0.4813,107.7,0.00164,0.4373,0.3467,0.2161
1529258100,0.6176,59.2,0.4799,110.3,0.00249,0.4419,0.3434,0.2147
1529258400,0.5809,53.9,0.4763,99.3,0.00237,0.428,0.3509,0.221
1529258700,0.6352,59.9,0.4767,120.3,0.00162,0.4499,0.3376,0.2125
1529259000,0.6294,59.3,0.4808,116.0,0.0017,0.4463,0.3409,0.2127
1529259300,0.6374,62.5,0.4787,118.5,0.002,0.4501,0.338,0.2118
1529259600,0.6452,63.1,0.4796,122.3,0.00138,0.4528,0.3366,0.2106
1529259900,0.6984,65.4,0.4796,114.9,0.00151,0.4725,0.3245,0.203
1529260200,0.657,59.9,0.4827,113.5,0.00146,0.4563,0.3353,0.2084
1529260500,0.5893,58.5,0.475,97.6,0.00294,0.4319,0.3482,0.2199
1529260800,0.6442,59.8,0.4779,133.3,0.00275,0.453,0.3361,0.211
1529261100,0.6917,60.2,0.4807,118.3,0.00106,0.4698,0.3265,0.2037
1529261400,0.6536,59.5,0.4845,121.6,0.00122,0.4545,0.3369,0.2086
1529261700,0.68,62.9,0.4863,110.6,0.00155,0.4638,0.3317,0.2046
1529262000,0.5909,59.1,0.4866,115.1,0.0017,0.429,0.3532,0.2178
1529262300,0.6037,56.7,0.4815,121.5,0.00101,0.4358,0.3476,0.2166
1529262600,0.6074,53.9,0.4829,110.4,0.00123,0.4369,0.3473,0.2158
1529262900,0.6158,58.3,0.4799,105.5,0.00139,0.4412,0.3438,0.2149
1529263200,0.5721,55.4,0.4835,106.4,0.0023,0.422,0.3567,0.2213
1529263500,0.657,61.5,0.4843,102.3,0.00262,0.4558,0.336,0.2081
1529263800,0.6144,60.8,0.4836,111.2,0.00129,0.4395,0.3459,0.2146
1529264100,0.5248,54.8,0.4803,107.4,0.0014,0.4021,0.368,0.2299
1529264400,0.5423,51.2,0.47,104.0,0.0012,0.4132,0.3581,0.2286
1529264700,0.527,50.0,0.462,101.0,0.00111,0.4088,0.3584,0.2327
1529265000,0.5157,48.0,0.4609,104.7,0.00152,0.404,0.361,0.235
1529265300,0.5935,58.6,0.4577,113.0,0.00121,0.4392,0.3387,0.222
1529265600,0.543,57.4,0.4582,94.3,0.00185,0.4173,0.3521,0.2306
1529265900,0.5638,53.5,0.4631,106.9,0.00252,0.4249,0.349,0.2261
1529266200,0.6038,56.5,0.4658,125.0,0.0018,0.4409,0.3401,0.219
1529266500,0.5744,59.6,0.4677,99.4,0.00137,0.428,0.3485,0.2235
1529266800,0.514,52.5,0.471,100.9,0.00172,0.4,0.3665,0.2335
1529267100,0.5913,57.7,0.4695,120.8,0.00174,0.4345,0.345,0.2205
1529267400,0.5584,50.5,0.4729,112.5,0.00102,0.4194,0.3552,0.2253
1529267700,0.5543,55.8,0.4703,102.3,0.0011,0.4185,0.3551,0.2265
1529268000,0.5574,51.2,0.4654,107.0,0.00146,0.4214,0.3518,0.2268
1529268300,0.5785,52.1,0.4638,107.8,0.00128,0.431,0.3455,0.2235
1529268600,0.5281,50.9,0.4654,98.3,0.00172,0.4083,0.3598,0.2319
1529268900,0.544,51.3,0.4669,104.0,0.0014,0.415,0.3562,0.2289
1529269200,0.4911,48.7,0.4666,97.4,0.00306,0.3905,0.371,0.2385
1529269500,0.5613,50.0,0.4687,106.8,0.00187,0.422,0.3524,0.2256
1529269800,0.4998,52.9,0.4674,95.5,0.00139,0.3944,0.3688,0.2367
1529270100,0.4536,50.1,0.4613,87.7,0.00104,0.3734,0.3797,0.2469
1529270400,0.4042,37.5,0.4602,90.2,0.00167,0.3471,0.3952,0.2576
1529270700,0.5144,53.9,0.4655,111.7,0.0017,0.4019,0.3637,0.2344
1529271000,0.4565,44.5,0.469,96.1,0.00121,0.3725,0.3827,0.2448
1529271300,0.4431,48.6,0.472,92.3,0.00104,0.3647,0.3884,0.2469
1529271600,0.4525,46.5,0.4716,99.8,0.00143,0.3697,0.3853,0.2451
1529271900,0.4581,47.2,0.4717,94.9,0.00176,0.3725,0.3836,0.2439
1529272200,0.4435,45.5,0.4716,105.6,0.0011,0.365,0.3881,0.2469
1529272500,0.4428,49.6,0.4685,94.3,0.00228,0.3656,0.3868,0.2477
1529272800,0.415,40.3,0.4609,95.7,0.00159,0.3529,0.392,0.2551
1529273100,0.4692,49.7,0.4547,92.4,0.00211,0.3834,0.3715,0.2451
1529273400,0.4374,48.9,0.4535,96.8,0.0011,0.3673,0.3808,0.2519
1529273700,0.4224,46.7,0.4577,93.9,0.00189,0.3579,0.3878,0.2542
1529274000,0.3666,47.6,0.459,86.3,0.00247,0.3257,0.4078,0.2665
1529274300,0.4774,46.8,0.4563,94.7,0.00118,0.387,0.3699,0.2432
1529274600,0.4392,48.6,0.4619,90.1,0.00121,0.3657,0.3846,0.2498
1529274900,0.418,43.9,0.4682,93.5,0.0013,0.3524,0.3947,0.2529
1529275200,0.4188,48.0,0.4725,95.7,0.00181,0.3515,0.3966,0.2518
1529275500,0.5096,50.6,0.4923,100.2,0.00195,0.3914,0.3781,0.2304
1529275800,0.5582,52.9,0.5046,107.5,0.00184,0.4096,0.3703,0.2201
1529276100,0.4788,52.4,0.5134,97.7,0.00121,0.3705,0.3973,0.2322
1529276400,0.4469,44.8,0.5142,95.3,0.00285,0.3544,0.4077,0.2379
1529276700,0.4167,39.9,0.5082,90.5,0.00197,0.3402,0.4149,0.2449
1529277000,0.4039,41.7,0.4927,90.5,0.00173,0.3375,0.4117,0.2507
1529277300,0.3788,43.4,0.4904,104.1,0.00184,0.324,0.4194,0.2566
1529277600,0.3643,44.7,0.4909,88.3,0.00131,0.3154,0.4249,0.2597
1529277900,0.4599,47.5,0.4918,99.9,0.00222,0.3674,0.3929,0.2397
1529278200,0.4025,47.1,0.4639,92.9,0.00149,0.3451,0.3977,0.2572
1529278500,0.3742,37.1,0.461,85.8,0.00205,0.3296,0.4061,0.2643
1529278800,0.402,41.8,0.4528,98.0,0.0018,0.3481,0.3921,0.2598
1529279100,0.4376,44.8,0.4515,92.0,0.00174,0.368,0.3797,0.2523
1529279400,0.4009,42.7,0.4451,96.4,0.00184,0.3498,0.3884,0.2618
1529279700,0.4399,46.0,0.4445,92.0,0.00157,0.3714,0.3753,0.2533
1529280000,0.4047,45.4,0.4474,84.7,0.00186,0.3513,0.3883,0.2604
1529280300,0.4219,43.2,0.4464,94.4,0.0028,0.3611,0.3821,0.2568
1529280600,0.4034,43.7,0.4452,83.7,0.00233,0.3512,0.3876,0.2612
1529280900,0.3903,42.2,0.448,92.2,0.00226,0.3429,0.3936,0.2636
1529281200,0.4041,40.5,0.4526,83.2,0.00148,0.3494,0.3913,0.2594
1529281500,0.5179,50.9,0.4459,99.9,0.00135,0.4098,0.3528,0.2374
1529281800,0.4774,48.0,0.4469,89.1,0.00265,0.3899,0.365,0.245
1529282100,0.4771,47.9,0.4486,114.7,0.00152,0.3892,0.366,0.2448
1529282400,0.511,50.9,0.4492,91.2,0.00301,0.4055,0.3565,0.2381
1529282700,0.5284,52.2,0.4537,102.9,0.00131,0.4121,0.3539,0.234
1529283000,0.5047,49.0,0.4528,107.3,0.00126,0.4014,0.3601,0.2386
1529283300,0.4805,52.5,0.4473,104.3,0.00119,0.3914,0.3643,0.2443
1529283600,0.4026,39.7,0.4458,95.4,0.00173,0.3506,0.3882,0.2612
1529283900,0.4175,42.1,0.4419,89.8,0.00155,0.3601,0.3811,0.2588
1529284200,0.4237,53.0,0.4438,100.5,0.00139,0.3629,0.3801,0.257
1529284500,0.4148,40.9,0.4425,97.0,0.00121,0.3584,0.3824,0.2592
1529284800,0.4088,39.6,0.4437,92.2,0.00167,0.3547,0.385,0.2603
1529285100,0.5185,53.5,0.4468,103.3,0.0011,0.4098,0.3531,0.2371
1529285400,0.4347,39.2,0.4487,91.6,0.00153,0.3673,0.3792,0.2535
1529285700,0.4189,43.6,0.4374,86.4,0.00113,0.3623,0.3783,0.2594
1529286000,0.4366,52.0,0.4332,101.1,0.00122,0.3732,0.3703,0.2565
1529286300,0.4285,40.4,0.4303,100.7,0.00157,0.3698,0.3713,0.2589
1529286600,0.4194,38.4,0.4293,86.6,0.0014,0.3651,0.3737,0.2612
1529286900,0.4353,41.0,0.4311,92.6,0.00223,0.3732,0.3696,0.2572
1529287200,0.3665,43.4,0.4301,85.8,0.00128,0.3342,0.3922,0.2736
1529287500,0.3681,44.1,0.4292,86.6,0.00219,0.3355,0.3911,0.2734
1529287800,0.3742,39.7,0.4238,87.8,0.0013,0.3408,0.386,0.2732
1529288100,0.332,40.3,0.4193,88.9,0.00132,0.3158,0.3988,0.2854
1529288400,0.3162,41.3,0.4218,77.1,0.00104,0.3046,0.4064,0.289
1529288700,0.4237,50.0,0.4207,87.3,0.00174,0.3702,0.3676,0.2621
1529289000,0.3485,38.7,0.4229,92.3,0.00119,0.3253,0.3947,0.28
1529289300,0.3619,33.4,0.4201,83.4,0.00145,0.3345,0.3883,0.2773
1529289600,0.398,40.4,0.4183,82.2,0.00211,0.3565,0.3747,0.2687
1529289900,0.4101,42.4,0.4177,88.1,0.00153,0.3636,0.3704,0.266
1529290200,0.3681,40.0,0.4139,84.8,0.00189,0.3402,0.3825,0.2773
1529290500,0.3977,42.3,0.4083,99.1,0.00211,0.3596,0.3692,0.2712
1529290800,0.3332,41.7,0.4043,88.9,0.00157,0.3212,0.3897,0.2892
1529291100,0.3521,43.5,0.4028,92.1,0.00225,0.3338,0.3818,0.2844
1529291400,0.3538,39.3,0.3975,90.3,0.00103,0.3365,0.3781,0.2854
1529291700,0.3212,40.8,0.3983,87.8,0.0012,0.3151,0.3907,0.2943
1529292000,0.3114,37.9,0.3993,77.0,0.0015,0.3081,0.3951,0.2968
1529292300,0.3717,41.2,0.4036,86.0,0.00114,0.3457,0.3753,0.279
1529292600,0.3339,41.1,0.4085,77.5,0.00177,0.3203,0.3919,0.2878
1529292900,0.3076,36.7,0.4057,79.5,0.00146,0.3036,0.4004,0.2961
1529293200,0.3171,43.4,0.3957,85.8,0.00117,0.3131,0.3907,0.2962
1529293500,0.3149,32.7,0.3917,82.3,0.00124,0.3128,0.3891,0.298
1529293800,0.3087,35.1,0.3918,88.7,0.00216,0.3085,0.3916,0.2999
1529294100,0.334,38.0,0.3887,76.6,0.00126,0.3266,0.3801,0.2933
1529294400,0.2783,35.8,0.3902,80.8,0.00223,0.2874,0.4029,0.3098
1529294700,0.2819,38.5,0.3898,70.7,0.00257,0.2901,0.4012,0.3087
1529295000,0.2873,35.0,0.387,79.3,0.00136,0.2949,0.3972,0.3079
1529295300,0.2897,31.0,0.3827,83.4,0.00176,0.2979,0.3936,0.3085
1529295600,0.2604,35.8,0.386,74.8,0.00167,0.2751,0.4079,0.317
1529295900,0.3489,41.7,0.3875,88.2,0.00233,0.3366,0.3739,0.2895
1529296200,0.3479,33.5,0.3898,79.0,0.00154,0.3353,0.3756,0.2891
1529296500,0.3682,40.8,0.3915,76.8,0.00233,0.3475,0.3694,0.2831
1529296800,0.3909,37.6,0.3929,92.4,0.00143,0.3607,0.3625,0.2768
1529297100,0.4121,41.9,0.3915,101.7,0.00165,0.3734,0.3547,0.2718
1529297400,0.4126,41.2,0.3875,85.3,0.00134,0.3751,0.3522,0.2727
1529297700,0.4346,47.8,0.3829,100.8,0.00209,0.3889,0.3426,0.2685
1529298000,0.3543,40.2,0.3786,85.7,0.00175,0.343,0.3665,0.2904
1529298300,0.3528,35.8,0.376,77.3,0.00123,0.3429,0.3655,0.2916
1529298600,0.3159,39.8,0.3733,74.8,0.00269,0.3193,0.3774,0.3033
1529298900,0.3408,34.6,0.3751,84.2,0.00124,0.3355,0.3692,0.2953
1529299200,0.3013,37.1,0.3765,77.7,0.00252,0.3081,0.385,0.3068
1529299500,0.3968,40.3,0.3773,81.8,0.00118,0.3694,0.3513,0.2793
1529299800,0.3506,38.4,0.38,74.9,0.00249,0.3402,0.3687,0.2911
1529300100,0.313,38.4,0.3773,76.2,0.00161,0.3161,0.381,0.3029
1529300400,0.3402,40.4,0.3736,85.2,0.00163,0.3356,0.3685,0.2959
1529300700,0.3173,41.2,0.3723,81.7,0.00314,0.3206,0.3762,0.3032
1529301000,0.2528,32.4,0.3715,72.3,0.00267,0.2735,0.4019,0.3246
1529301300,0.2702,34.8,0.3687,78.2,0.00173,0.2878,0.3927,0.3195
1529301600,0.2116,28.5,0.3645,77.4,0.00134,0.2415,0.416,0.3424
1529301900,0.2197,30.9,0.3634,74.3,0.0022,0.2488,0.4115,0.3397
1529302200,0.2181,31.6,0.3706,71.1,0.00213,0.2454,0.417,0.3376
1529302500,0.2117,29.5,0.3733,76.7,0.00208,0.2392,0.4218,0.339
1529302800,0.2166,24.8,0.3778,65.9,0.00193,0.2422,0.4224,0.3354
1529303100,0.2834,35.8,0.3847,77.0,0.00115,0.2927,0.3974,0.3099
1529303400,0.2518,33.7,0.3921,74.0,0.00214,0.2668,0.4154,0.3178
1529303700,0.289,33.2,0.3964,71.5,0.00145,0.2933,0.4023,0.3044
1529304000,0.3094,32.8,0.3946,78.4,0.00227,0.3082,0.393,0.2988
1529304300,0.3036,40.7,0.3945,67.9,0.00198,0.3042,0.3953,0.3006
1529304600,0.2287,32.5,0.3943,84.3,0.00109,0.2478,0.4272,0.325
1529304900,0.2696,33.2,0.3714,71.3,0.0016,0.2865,0.3947,0.3188
1529305200,0.1999,25.6,0.3643,79.5,0.00282,0.2313,0.4215,0.3471
1529305500,0.2091,27.2,0.364,71.1,0.00172,0.2395,0.4169,0.3436
1529305800,0.1832,31.7,0.3629,71.7,0.00114,0.2165,0.4289,0.3546
1529306100,0.1667,27.1,0.361,63.7,0.00257,0.2014,0.4361,0.3625
1529306400,0.1635,24.8,0.3604,67.6,0.00167,0.1984,0.4374,0.3641
1529306700,0.2424,33.5,0.3606,78.1,0.0017,0.2684,0.3993,0.3322
1529307000,0.1769,24.9,0.3612,71.7,0.00196,0.2111,0.431,0.358
1529307300,0.1711,31.5,0.3612,71.8,0.00153,0.2056,0.434,0.3604
1529307600,0.1877,32.2,0.3584,66.6,0.00174,0.2218,0.4236,0.3546
1529307900,0.1919,27.0,0.3569,66.3,0.00124,0.2261,0.4205,0.3534
1529308200,0.174,25.3,0.3536,57.8,0.00108,0.2102,0.4273,0.3625
1529308500,0.2081,21.7,0.3535,73.9,0.00128,0.2415,0.4103,0.3482
1529308800,0.1461,20.8,0.3511,71.1,0.00184,0.1833,0.4404,0.3763
1529309100,0.1547,21.8,0.3456,75.2,0.00107,0.1933,0.4318,0.3749
1529309400,0.1571,26.4,0.346,67.5,0.00306,0.1956,0.4308,0.3736
1529309700,0.1393,23.8,0.3482,59.3,0.00115,0.1769,0.4422,0.381
1529310000,0.1251,19.7,0.3486,52.3,0.00218,0.1617,0.4506,0.3877
1529310300,0.2104,28.9,0.3505,77.3,0.00242,0.2444,0.4071,0.3485
1529310600,0.1603,27.7,0.3519,55.3,0.00148,0.1974,0.4333,0.3694
1529310900,0.1711,28.6,0.3548,65.1,0.00161,0.2072,0.4296,0.3632
1529311200,0.2105,24.0,0.3555,69.7,0.0018,0.2431,0.4105,0.3464
1529311500,0.2107,29.4,0.3568,70.7,0.00116,0.2429,0.4113,0.3458
1529311800,0.1778,23.3,0.3565,68.0,0.0014,0.2131,0.4273,0.3596
1529312100,0.2038,32.0,0.3545,71.2,0.00106,0.2374,0.413,0.3495
1529312400,0.1548,28.2,0.354,51.0,0.00233,0.1914,0.4377,0.3709
1529312700,0.1869,25.4,0.3537,68.8,0.00135,0.2223,0.4208,0.3569
1529313000,0.1755,25.0,0.356,54.2,0.00171,0.2111,0.4281,0.3608
1529313300,0.1602,24.8,0.357,70.4,0.0011,0.196,0.4369,0.3671
1529313600,0.1199,16.6,0.3537,58.7,0.00137,0.155,0.4572,0.3878
1529313900,0.1994,30.0,0.3527,57.0,0.00116,0.234,0.4139,0.3521
1529314200,0.1458,24.4,0.3553,59.7,0.00142,0.182,0.4435,0.3745
1529314500,0.1612,29.2,0.356,62.7,0.00168,0.1973,0.4356,0.3671
1529314800,0.2115,26.5,0.3535,78.3,0.0012,0.2445,0.4087,0.3468
1529315100,0.2116,28.0,0.3542,72.3,0.00106,0.2444,0.4091,0.3465
1529315400,0.1879,23.6,0.3529,70.9,0.00206,0.2235,0.4197,0.3568
1529315700,0.1882,25.2,0.3535,75.9,0.00141,0.2236,0.42,0.3564
1529316000,0.1415,21.4,0.3483,63.6,0.00298,0.1792,0.441,0.3798
1529316300,0.1436,28.0,0.3453,68.9,0.00136,0.182,0.4377,0.3803
1529316600,0.1477,23.2,0.3479,68.9,0.00263,0.1856,0.4373,0.3771
1529316900,0.1816,28.1,0.3583,60.4,0.00142,0.2162,0.4266,0.3572
1529317200,0.1642,25.4,0.3668,75.3,0.00267,0.1976,0.4414,0.361
1529317500,0.2698,30.1,0.377,68.5,0.00199,0.285,0.3982,0.3169
1529317800,0.19,27.8,0.3815,74.5,0.00136,0.218,0.4378,0.3442
1529318100,0.1762,29.1,0.3805,58.5,0.00254,0.2057,0.4441,0.3502
1529318400,0.1982,25.3,0.3627,73.4,0.00207,0.2302,0.4213,0.3485
1529318700,0.2293,33.5,0.3554,84.1,0.00101,0.2592,0.4017,0.3391
1529319000,0.2001,26.5,0.3539,68.7,0.00158,0.2343,0.4144,0.3513
1529319300,0.2255,29.3,0.3548,71.0,0.00248,0.2562,0.403,0.3408
1529319600,0.1888,29.8,0.3541,72.5,0.00178,0.224,0.4201,0.3559
1529319900,0.2009,27.1,0.3552,68.1,0.00209,0.2347,0.4149,0.3504
1529320200,0.2001,29.1,0.3584,80.9,0.00186,0.2331,0.4175,0.3494
1529320500,0.2189,29.4,0.3645,73.0,0.00221,0.2478,0.4126,0.3396
1529320800,0.2454,32.6,0.3716,72.6,0.00136,0.2676,0.4052,0.3272
1529321100,0.2988,28.8,0.3807,76.6,0.00185,0.3051,0.3887,0.3063
1529321400,0.1978,23.4,0.386,64.2,0.00196,0.2238,0.4368,0.3394
1529321700,0.1788,29.4,0.3841,64.1,0.00158,0.2072,0.4451,0.3477
1529322000,0.1991,32.0,0.3735,67.8,0.0018,0.2282,0.428,0.3438
1529322300,0.2109,27.0,0.3643,68.2,0.00177,0.241,0.4162,0.3428
1529322600,0.1778,26.7,0.3603,63.8,0.00107,0.2121,0.4299,0.358
1529322900,0.2004,29.9,0.3551,82.6,0.00132,0.2342,0.4151,0.3507
1529323200,0.1674,28.8,0.3573,60.6,0.00228,0.203,0.4332,0.3638
1529323500,0.1845,21.8,0.3593,69.3,0.00107,0.2187,0.4258,0.3555
1529323800,0.1747,24.6,0.3601,71.0,0.00157,0.2093,0.4314,0.3594
1529324100,0.1642,25.5,0.3569,70.2,0.00124,0.2,0.4347,0.3654
1529324400,0.1447,27.2,0.3568,64.1,0.00214,0.1805,0.4452,0.3743
1529324700,0.2367,39.1,0.3589,72.2,0.00118,0.2643,0.4007,0.335
1529325000,0.1941,27.9,0.3633,72.1,0.00144,0.2264,0.4237,0.3499
1529325300,0.2059,25.2,0.3751,72.2,0.00225,0.2337,0.4258,0.3405
1529325600,0.2401,33.0,0.3811,72.5,0.00233,0.2606,0.4137,0.3257
1529325900,0.2781,38.4,0.3888,68.4,0.00218,0.2876,0.4021,0.3103
1529326200,0.2667,34.0,0.3933,73.9,0.00121,0.2778,0.4097,0.3125
1529326500,0.3223,34.8,0.3937,75.4,0.00112,0.3172,0.3875,0.2953
1529326800,0.2717,36.9,0.393,73.2,0.00127,0.2816,0.4074,0.311
1529327100,0.2189,32.3,0.3953,72.1,0.00131,0.2394,0.4324,0.3282
1529327400,0.2101,26.6,0.3927,73.2,0.00176,0.2327,0.435,0.3323
1529327700,0.1983,30.0,0.394,80.5,0.00206,0.2222,0.4416,0.3362
1529328000,0.2028,32.2,0.3944,67.1,0.00144,0.226,0.4396,0.3344
1529328300,0.3246,41.3,0.3956,87.1,0.00145,0.3182,0.3878,0.2941
1529328600,0.2242,30.5,0.3994,74.3,0.00116,0.2427,0.4324,0.3248
1529328900,0.23,30.0,0.4027,80.8,0.00138,0.2466,0.4318,0.3216
1529329200,0.2445,35.8,0.4,77.9,0.00121,0.2589,0.4235,0.3176
1529329500,0.2515,29.0,0.3998,69.1,0.00139,0.2644,0.4203,0.3154
1529329800,0.2313,32.5,0.3966,62.8,0.00101,0.2493,0.4274,0.3233
1529330100,0.2542,28.7,0.398,77.3,0.00181,0.267,0.418,0.3151
1529330400,0.2059,32.6,0.3997,67.4,0.00182,0.2274,0.4414,0.3313
1529330700,0.2191,29.6,0.4017,66.0,0.00277,0.2379,0.4363,0.3258
1529331000,0.2171,34.0,0.3996,64.1,0.00197,0.2368,0.4359,0.3273
1529331300,0.1957,30.2,0.4012,70.5,0.00207,0.2182,0.4473,0.3345
1529331600,0.198,25.2,0.4015,78.8,0.00115,0.2201,0.4464,0.3335
1529331900,0.2846,39.2,0.3996,76.0,0.00109,0.2892,0.406,0.3048
1529332200,0.228,35.6,0.4034,76.3,0.00205,0.2448,0.4331,0.3221
1529332500,0.2233,33.3,0.4025,71.7,0.00107,0.2412,0.4348,0.324
1529332800,0.251,30.3,0.3992,67.4,0.00202,0.2642,0.4201,0.3157
1529333100,0.2458,31.3,0.3965,79.0,0.00188,0.2609,0.4208,0.3184
1529333400,0.237,32.0,0.3929,67.1,0.0014,0.2549,0.4225,0.3226
1529333700,0.2592,31.0,0.3931,76.0,0.00145,0.2722,0.4128,0.315
1529334000,0.2141,35.1,0.3876,69.4,0.00155,0.2374,0.4299,0.3327
1529334300,0.2387,32.1,0.3872,79.2,0.00158,0.2578,0.4182,0.324
1529334600,0.2271,22.8,0.3881,66.4,0.00259,0.2481,0.4241,0.3278
1529334900,0.1913,29.4,0.391,71.5,0.00101,0.2168,0.4432,0.34
1529335200,0.1848,26.9,0.3928,63.4,0.0012,0.2106,0.4476,0.3418
1529335500,0.2656,33.4,0.3943,73.5,0.00253,0.2767,0.4108,0.3125
1529335800,0.2088,28.5,0.3954,49.1,0.00102,0.2309,0.4373,0.3318
1529336100,0.2129,32.3,0.3916,83.8,0.00125,0.2354,0.4329,0.3317
1529336400,0.2416,35.3,0.39,77.5,0.00151,0.2593,0.4186,0.322
1529336700,0.235,32.3,0.3894,68.9,0.00108,0.2542,0.4212,0.3245
1529337000,0.2173,29.2,0.3901,65.0,0.00155,0.2395,0.4299,0.3306
1529337300,0.271,33.8,0.3901,74.1,0.00193,0.282,0.4059,0.3121
1529337600,0.2231,30.7,0.39,76.6,0.00322,0.2443,0.4271,0.3286
1529337900,0.2076,27.1,0.386,59.4,0.00106,0.2323,0.432,0.3357
1529338200,0.2221,32.3,0.3839,71.4,0.00276,0.2451,0.4237,0.3311
1529338500,0.181,29.1,0.385,78.7,0.00191,0.209,0.4446,0.3464
1529338800,0.1749,31.9,0.3883,60.7,0.00152,0.2026,0.4498,0.3475
1529339100,0.2839,38.6,0.3861,78.9,0.00227,0.2927,0.398,0.3093
1529339400,0.2278,28.9,0.3904,86.0,0.00242,0.2481,0.4252,0.3267
1529339700,0.2159,32.6,0.3905,75.4,0.00338,0.2382,0.4308,0.331
1529340000,0.2398,28.9,0.3904,74.7,0.00236,0.2578,0.4197,0.3225
1529340300,0.2416,34.0,0.3912,77.2,0.00265,0.259,0.4194,0.3216
1529340600,0.249,30.9,0.3896,72.5,0.00117,0.2653,0.4151,0.3196
1529340900,0.2675,30.7,0.3886,84.5,0.00152,0.2798,0.4064,0.3138
1529341200,0.2386,32.5,0.3872,71.5,0.00157,0.2577,0.4182,0.324
1529341500,0.2557,24.9,0.3871,63.8,0.00234,0.2712,0.4106,0.3182
1529341800,0.2549,27.6,0.3854,73.1,0.00215,0.2711,0.4099,0.319
1529342100,0.2116,29.3,0.3877,65.4,0.00151,0.2353,0.4311,0.3336
1529342400,0.2115,30.1,0.3982,69.5,0.00185,0.2325,0.4377,0.3298
1529342700,0.2874,34.0,0.4096,77.2,0.00129,0.2883,0.4108,0.3009
1529343000,0.2586,28.4,0.4204,83.0,0.0021,0.2641,0.4294,0.3064
1529343300,0.2753,31.8,0.425,81.7,0.00152,0.2752,0.4249,0.2999
1529343600,0.3295,39.2,0.4241,84.5,0.00281,0.3127,0.4025,0.2847
1529343900,0.3699,42.6,0.4232,87.0,0.00118,0.3384,0.3872,0.2744
1529344200,0.2916,35.4,0.4242,72.8,0.00122,0.2871,0.4176,0.2953
1529344500,0.2854,38.4,0.4198,65.5,0.00132,0.2839,0.4176,0.2984
1529344800,0.2425,33.2,0.4194,74.9,0.00114,0.2521,0.436,0.3119
1529345100,0.227,28.6,0.419,77.5,0.00185,0.24,0.4429,0.3171
1529345400,0.2338,30.5,0.4191,72.7,0.00124,0.2454,0.4398,0.3148
1529345700,0.2296,26.9,0.4204,69.8,0.00179,0.2417,0.4425,0.3158
1529346000,0.2034,28.9,0.4208,73.1,0.00194,0.2201,0.4553,0.3246
1529346300,0.2772,37.7,0.42,77.2,0.00143,0.278,0.4212,0.3008
1529346600,0.2348,33.5,0.4208,83.6,0.0015,0.2457,0.4404,0.3139
1529346900,0.2503,36.7,0.4114,82.4,0.00201,0.2603,0.4278,0.3119
1529347200,0.2738,33.3,0.4095,83.1,0.00155,0.2785,0.4165,0.3051
1529347500,0.2692,37.9,0.4089,81.5,0.00184,0.2752,0.4181,0.3067
1529347800,0.2581,32.5,0.4092,68.1,0.00242,0.2668,0.423,0.3101
1529348100,0.2966,40.2,0.4085,83.6,0.00294,0.2951,0.4064,0.2985
1529348400,0.2795,34.5,0.4076,80.2,0.00157,0.2832,0.4129,0.3039
1529348700,0.2916,37.5,0.4041,82.8,0.00102,0.2929,0.4058,0.3013
1529349000,0.2631,37.8,0.4004,79.3,0.00188,0.2731,0.4156,0.3114
1529349300,0.2522,32.1,0.3996,77.9,0.00182,0.265,0.4198,0.3152
1529349600,0.2384,32.3,0.3981,90.0,0.00147,0.2546,0.4251,0.3203
1529349900,0.31,40.6,0.3992,80.5,0.00258,0.3072,0.3956,0.2973
1529350200,0.2628,33.0,0.4008,81.9,0.00303,0.2727,0.4159,0.3113
1529350500,0.3076,32.6,0.4026,77.9,0.00117,0.3045,0.3985,0.297
1529350800,0.3268,44.3,0.4047,87.4,0.00146,0.3168,0.3923,0.2908
1529351100,0.327,36.5,0.4102,88.3,0.00178,0.3153,0.3955,0.2892
1529351400,0.2631,33.9,0.4107,78.5,0.00132,0.2702,0.4217,0.3081
1529351700,0.2762,37.8,0.4071,87.6,0.00276,0.2809,0.414,0.3051
1529352000,0.2452,30.3,0.4055,69.2,0.00103,0.2579,0.4265,0.3156
1529352300,0.2594,30.1,0.406,73.0,0.00231,0.2687,0.4206,0.3108
1529352600,0.2531,33.5,0.4069,76.6,0.00165,0.2636,0.4239,0.3125
1529352900,0.2394,26.4,0.4085,79.2,0.00106,0.2526,0.431,0.3165
1529353200,0.2295,30.2,0.4103,74.0,0.00221,0.2442,0.4366,0.3192
1529353500,0.3048,37.1,0.4091,88.2,0.0019,0.3006,0.4035,0.2959
1529353800,0.2459,31.4,0.4136,70.6,0.00112,0.2563,0.4311,0.3127
1529354100,0.2587,28.5,0.4147,69.0,0.00136,0.2658,0.426,0.3082
1529354400,0.2988,40.7,0.4113,81.7,0.00131,0.2958,0.4072,0.297
1529354700,0.286,35.3,0.409,78.1,0.00159,0.2874,0.4111,0.3015
1529355000,0.2574,37.3,0.4049,79.0,0.0014,0.2675,0.4208,0.3118
1529355300,0.2874,34.3,0.4011,78.6,0.00199,0.2907,0.4058,0.3035
1529355600,0.2653,30.9,0.397,74.5,0.00194,0.2757,0.4126,0.3118
1529355900,0.3272,38.7,0.3978,82.3,0.00103,0.3192,0.3881,0.2927
1529356200,0.2977,35.2,0.4021,79.9,0.00166,0.2978,0.4022,0.3001
1529356500,0.2466,28.7,0.4058,72.8,0.00286,0.2589,0.4261,0.315
1529356800,0.2185,34.7,0.4102,70.6,0.0013,0.2353,0.4417,0.323
1529357100,0.3177,35.4,0.4159,79.3,0.00201,0.3074,0.4024,0.2902
1529357400,0.2513,27.1,0.4181,80.3,0.00261,0.2592,0.4313,0.3095
1529357700,0.2353,35.5,0.415,74.7,0.00301,0.2476,0.4367,0.3157
1529358000,0.2841,33.4,0.4136,92.0,0.00161,0.2848,0.4146,0.3007
1529358300,0.2681,31.9,0.4131,77.8,0.00105,0.2732,0.421,0.3057
1529358600,0.2394,26.5,0.4136,70.6,0.00116,0.2512,0.434,0.3148
1529358900,0.2673,38.9,0.4119,92.8,0.00211,0.273,0.4206,0.3064
1529359200,0.2322,27.4,0.4065,75.7,0.00182,0.2474,0.433,0.3196
1529359500,0.2303,31.3,0.4054,79.0,0.00291,0.2461,0.4333,0.3206
1529359800,0.2449,34.9,0.4015,78.0,0.00199,0.2588,0.4242,0.317
1529360100,0.2228,31.9,0.4013,76.0,0.00201,0.2411,0.4343,0.3246
1529360400,0.2068,29.3,0.4028,73.9,0.0017,0.2274,0.4428,0.3298
1529360700,0.3403,33.7,0.4038,77.4,0.0022,0.3259,0.3867,0.2873
1529361000,0.2525,30.2,0.4061,77.5,0.00102,0.2634,0.4236,0.313
1529361300,0.2504,33.1,0.4093,67.1,0.00209,0.2609,0.4265,0.3126
1529361600,0.2929,33.1,0.4079,78.2,0.00161,0.2927,0.4076,0.2998
1529361900,0.28,35.2,0.4004,73.6,0.00237,0.2856,0.4084,0.306
1529362200,0.2603,35.3,0.3954,78.2,0.00129,0.2724,0.4137,0.3139
1529362500,0.2966,38.6,0.3957,81.7,0.00106,0.2989,0.3988,0.3023
1529362800,0.2869,31.4,0.395,81.6,0.002,0.2922,0.4023,0.3055
1529363100,0.278,41.0,0.3947,79.5,0.00145,0.2858,0.4058,0.3084
1529363400,0.2744,36.5,0.3957,73.8,0.00126,0.2829,0.4079,0.3092
1529363700,0.258,33.1,0.3958,74.2,0.00115,0.2705,0.415,0.3145
1529364000,0.2138,33.2,0.3945,76.9,0.00109,0.2354,0.4343,0.3303
1529364300,0.31,43.8,0.3966,87.4,0.00139,0.308,0.394,0.298
1529364600,0.255,28.5,0.399,68.6,0.00155,0.2673,0.4182,0.3145
1529364900,0.2392,31.1,0.3994,64.7,0.00285,0.2548,0.4255,0.3196
1529365200,0.2845,27.8,0.3971,74.1,0.00157,0.2898,0.4045,0.3056
1529365500,0.299,36.5,0.3974,86.2,0.00172,0.3001,0.3988,0.3011
1529365800,0.2812,35.8,0.3969,85.4,0.00185,0.2875,0.4058,0.3067
1529366100,0.344,39.0,0.3964,78.9,0.00147,0.3306,0.381,0.2884
1529366400,0.3162,35.2,0.3921,83.5,0.0023,0.3136,0.3889,0.2975
1529366700,0.2879,29.0,0.3904,89.8,0.00103,0.2943,0.3991,0.3067
1529367000,0.277,35.5,0.3917,80.2,0.00234,0.286,0.4044,0.3097
1529367300,0.2842,39.3,0.3909,86.9,0.00265,0.2915,0.4009,0.3077
1529367600,0.2588,31.3,0.3943,81.9,0.00222,0.2715,0.4137,0.3148
1529367900,0.3588,41.4,0.3968,80.4,0.00137,0.3399,0.3759,0.2842
1529368200,0.3269,33.2,0.3977,81.6,0.00221,0.3191,0.3882,0.2928
1529368500,0.308,37.9,0.3928,81.0,0.00326,0.3078,0.3925,0.2998
1529368800,0.3749,40.1,0.3911,88.1,0.0014,0.3517,0.3669,0.2814
1529369100,0.3597,37.9,0.3881,91.5,0.0014,0.3433,0.3704,0.2863
1529369400,0.3332,36.0,0.389,85.8,0.0017,0.326,0.3806,0.2935
1529369700,0.3719,39.9,0.3882,69.6,0.00205,0.3508,0.3662,0.283
1529370000,0.3506,40.7,0.3871,77.2,0.00155,0.3379,0.373,0.2891
1529370300,0.3479,35.4,0.3884,71.7,0.00224,0.3357,0.3748,0.2895
1529370600,0.3279,36.8,0.3866,83.8,0.00239,0.3232,0.3811,0.2957
1529370900,0.3132,36.8,0.3864,82.8,0.00164,0.3133,0.3866,0.3001
1529371200,0.3037,33.0,0.3869,82.1,0.00221,0.3066,0.3906,0.3028
1529371500,0.3914,47.8,0.3884,83.4,0.00149,0.3625,0.3597,0.2778
1529371800,0.35,36.9,0.3898,89.0,0.00118,0.3366,0.3749,0.2885
1529372100,0.3462,37.2,0.3854,88.9,0.00165,0.3356,0.3736,0.2908
1529372400,0.3862,39.1,0.3852,81.1,0.00103,0.3605,0.3595,0.28
1529372700,0.3826,47.2,0.3877,79.5,0.00154,0.3575,0.3622,0.2803
1529373000,0.3443,40.8,0.3874,84.4,0.00186,0.3337,0.3755,0.2908
1529373300,0.3651,37.7,0.385,97.3,0.00208,0.3477,0.3666,0.2857
1529373600,0.3249,41.1,0.3818,92.7,0.00178,0.3227,0.3793,0.298
1529373900,0.3203,38.0,0.3801,85.4,0.00106,0.3202,0.3799,0.2999
1529374200,0.3161,37.9,0.379,77.2,0.00131,0.3177,0.3809,0.3015
1529374500,0.3065,35.4,0.3788,86.0,0.00115,0.3111,0.3845,0.3045
1529374800,0.2908,33.1,0.3803,76.4,0.00144,0.2995,0.3916,0.3089
1529375100,0.3751,42.3,0.3805,82.9,0.00125,0.3553,0.3605,0.2842
1529375400,0.3339,36.7,0.3837,70.5,0.00148,0.3281,0.3771,0.2948
1529375700,0.3166,42.6,0.3825,82.3,0.00182,0.3169,0.3828,0.3003
1529376000,0.3544,36.0,0.3799,81.7,0.00241,0.3426,0.3673,0.2901
1529376300,0.367,45.3,0.3751,87.3,0.00212,0.3522,0.3599,0.2879
1529376600,0.3338,38.0,0.3747,69.6,0.00137,0.331,0.3715,0.2975
1529376900,0.353,40.6,0.3752,86.3,0.0026,0.3433,0.3649,0.2918
1529377200,0.3175,39.7,0.3753,67.2,0.00238,0.3198,0.378,0.3022
1529377500,0.3326,36.4,0.3748,89.8,0.00204,0.3302,0.372,0.2978
1529377800,0.3039,38.9,0.3747,83.5,0.00122,0.3105,0.3829,0.3066
1529378100,0.274,26.1,0.3712,75.7,0.00145,0.2899,0.3927,0.3174
1529378400,0.2496,30.3,0.3691,78.3,0.00327,0.2717,0.4018,0.3265
1529378700,0.3664,37.9,0.3682,80.8,0.00265,0.3541,0.3559,0.29
1529379000,0.2994,32.2,0.37,80.4,0.00198,0.3089,0.3817,0.3095
1529379300,0.2642,32.8,0.371,81.2,0.00111,0.2825,0.3967,0.3208
1529379600,0.2754,35.4,0.3658,59.0,0.00179,0.2926,0.3887,0.3187
1529379900,0.2851,37.1,0.3659,75.8,0.00111,0.2998,0.3848,0.3155
1529380200,0.2689,34.5,0.3661,76.8,0.00287,0.2876,0.3916,0.3209
1529380500,0.2961,33.7,0.3656,78.4,0.0011,0.3079,0.3802,0.3119
1529380800,0.2816,35.8,0.3651,86.9,0.00134,0.2975,0.3857,0.3169
1529381100,0.2585,33.5,0.3646,69.1,0.00319,0.28,0.395,0.325
1529381400,0.2699,36.7,0.3658,73.3,0.00294,0.2884,0.3909,0.3206
1529381700,0.2497,34.8,0.3635,63.5,0.00131,0.2734,0.3981,0.3285
1529382000,0.255,32.9,0.3662,84.6,0.00167,0.2768,0.3975,0.3257
1529382300,0.3507,36.9,0.3685,83.6,0.00217,0.3441,0.3616,0.2943
1529382600,0.3209,35.5,0.3717,79.5,0.00169,0.3233,0.3745,0.3022
1529382900,0.3638,38.8,0.3733,86.1,0.00209,0.3508,0.3599,0.2893
1529383200,0.3867,41.1,0.3703,92.5,0.00125,0.3658,0.3503,0.2838
1529383500,0.3897,43.1,0.3719,91.1,0.00101,0.3671,0.3503,0.2826
1529383800,0.3914,44.5,0.3734,105.0,0.00189,0.3676,0.3507,0.2817
1529384100,0.4104,43.6,0.3727,93.8,0.00122,0.3789,0.3441,0.277
1529384400,0.308,36.6,0.3697,78.0,0.00151,0.315,0.3781,0.3068
1529384700,0.3161,37.6,0.3672,78.2,0.00157,0.3215,0.3734,0.3051
1529385000,0.3033,34.7,0.3651,78.0,0.00185,0.3132,0.377,0.3098
1529385300,0.2881,32.4,0.3642,69.8,0.00156,0.3025,0.3824,0.315
1529385600,0.2711,28.7,0.3676,77.3,0.00184,0.2888,0.3916,0.3196
1529385900,0.3771,39.3,0.3704,92.4,0.00126,0.36,0.3536,0.2864
1529386200,0.319,38.7,0.3724,78.2,0.00162,0.3218,0.3756,0.3026
1529386500,0.3027,34.1,0.3695,75.4,0.0017,0.3114,0.3801,0.3086
1529386800,0.338,37.9,0.3662,92.9,0.00165,0.3366,0.3647,0.2987
1529387100,0.3092,38.0,0.3632,72.4,0.00155,0.318,0.3735,0.3085
1529387400,0.2614,34.9,0.3587,63.7,0.00127,0.2841,0.3898,0.3261
1529387700,0.2759,31.1,0.359,70.7,0.00216,0.2951,0.384,0.3209
1529388000,0.2139,33.0,0.3567,62.1,0.00108,0.2457,0.4097,0.3446
1529388300,0.2058,32.8,0.3547,72.9,0.0021,0.2392,0.4122,0.3486
1529388600,0.2137,26.6,0.3572,69.2,0.00279,0.2454,0.4102,0.3445
1529388900,0.2086,27.1,0.3592,69.5,0.00124,0.2404,0.4139,0.3457
1529389200,0.1652,30.1,0.3599,73.4,0.00164,0.2002,0.4362,0.3636
1529389500,0.255,32.4,0.3603,71.4,0.00164,0.2786,0.3936,0.3278
1529389800,0.2176,23.6,0.3603,76.4,0.00203,0.2479,0.4104,0.3417
1529390100,0.1933,24.3,0.3571,78.4,0.0012,0.2273,0.4199,0.3528
1529390400,0.2276,30.2,0.3566,70.0,0.00236,0.2574,0.4033,0.3393
1529390700,0.2282,27.5,0.3546,77.2,0.00194,0.2585,0.4017,0.3398
1529391000,0.1983,27.6,0.3543,68.4,0.00159,0.2326,0.4156,0.3519
1529391300,0.24,31.9,0.3527,79.5,0.00151,0.2688,0.3951,0.3361
1529391600,0.2117,34.2,0.3494,61.7,0.00171,0.2458,0.4058,0.3484
1529391900,0.2061,28.6,0.3478,60.7,0.0013,0.2414,0.4073,0.3513
1529392200,0.1883,31.4,0.3477,66.5,0.00285,0.2252,0.4159,0.3589
1529392500,0.1687,31.1,0.3461,61.5,0.00152,0.207,0.4248,0.3682
1529392800,0.1441,29.4,0.3461,61.3,0.00211,0.1824,0.438,0.3797
1529393100,0.2347,32.3,0.348,72.2,0.0014,0.2659,0.3942,0.3399
1529393400,0.1821,21.9,0.3551,72.5,0.00131,0.2175,0.4242,0.3583
1529393700,0.179,28.9,0.3601,65.5,0.00216,0.2133,0.4292,0.3575
1529394000,0.1781,30.6,0.359,62.9,0.00167,0.2128,0.4289,0.3584
1529394300,0.1487,25.2,0.3452,62.8,0.00121,0.1873,0.4348,0.3779
1529394600,0.1152,28.3,0.3404,56.9,0.00121,0.1525,0.4505,0.397
1529394900,0.1307,26.7,0.3391,57.5,0.00154,0.1698,0.4405,0.3897
1529395200,0.1043,24.0,0.3393,50.8,0.00167,0.1403,0.4563,0.4034
1529395500,0.1073,25.8,0.3376,61.1,0.00171,0.144,0.4532,0.4027
1529395800,0.0991,22.9,0.3383,56.5,0.00243,0.1344,0.4588,0.4068
1529396100,0.0945,14.1,0.3381,65.2,0.00286,0.129,0.4615,0.4095
1529396400,0.0837,19.4,0.3398,49.7,0.00193,0.1157,0.4697,0.4147
1529396700,0.16,29.8,0.3428,62.7,0.00167,0.1993,0.427,0.3737
1529397000,0.1164,20.7,0.3458,72.5,0.00214,0.1527,0.4537,0.3936
1529397300,0.123,22.9,0.3522,56.7,0.00153,0.1587,0.4543,0.387
1529397600,0.1849,24.8,0.3605,67.1,0.00168,0.2187,0.4264,0.3549
1529397900,0.1815,33.1,0.3675,60.9,0.0019,0.2138,0.4329,0.3534
1529398200,0.145,30.2,0.3667,56.4,0.00124,0.1786,0.4518,0.3696
1529398500,0.1576,23.4,0.348,75.0,0.00133,0.1956,0.432,0.3724
1529398800,0.1097,23.1,0.3435,62.0,0.00125,0.1456,0.4561,0.3983
1529399100,0.1338,22.3,0.3432,64.2,0.00186,0.1722,0.4417,0.3861
1529399400,0.1173,25.1,0.3438,51.6,0.00132,0.1541,0.4517,0.3942
1529399700,0.097,23.3,0.3436,61.9,0.00224,0.131,0.4639,0.4051
1529400000,0.0932,24.0,0.3439,66.3,0.00133,0.1264,0.4666,0.407
1529400300,0.174,28.2,0.3459,74.3,0.00115,0.2122,0.4219,0.3659
1529400600,0.1179,32.1,0.3476,65.8,0.00121,0.154,0.4541,0.3919
1529400900,0.1443,22.0,0.3514,57.7,0.00128,0.1813,0.4416,0.377
1529401200,0.1989,23.8,0.361,71.8,0.00168,0.2313,0.4198,0.3489
1529401500,0.2353,30.3,0.3654,77.5,0.00168,0.2612,0.4057,0.3331
1529401800,0.1928,23.8,0.3716,58.5,0.00233,0.223,0.4299,0.3471
1529402100,0.2201,25.9,0.3747,65.3,0.00163,0.246,0.4188,0.3353
1529402400,0.2196,27.4,0.3744,77.3,0.00194,0.2456,0.4188,0.3356
1529402700,0.2404,29.1,0.3718,79.3,0.0027,0.2635,0.4076,0.3289
1529403000,0.2185,27.4,0.3716,62.6,0.00117,0.2455,0.4175,0.337
1529403300,0.2321,32.8,0.372,78.0,0.00172,0.2567,0.4115,0.3318
1529403600,0.2375,30.1,0.376,74.3,0.0021,0.26,0.4116,0.3284
1529403900,0.3361,38.0,0.3788,88.3,0.00149,0.3312,0.3732,0.2956
1529404200,0.2308,33.8,0.3829,69.3,0.00277,0.2526,0.4191,0.3283
1529404500,0.2013,26.8,0.3796,74.0,0.00153,0.2285,0.4309,0.3406
1529404800,0.2268,30.1,0.3746,77.7,0.00128,0.2516,0.4156,0.3328
1529405100,0.2294,32.2,0.3738,70.8,0.00316,0.254,0.4139,0.3322
1529405400,0.213,24.1,0.3734,71.4,0.00109,0.2403,0.4213,0.3384
1529405700,0.2397,24.6,0.3732,70.1,0.00116,0.2626,0.4088,0.3286
1529406000,0.2005,30.1,0.3743,80.0,0.00218,0.2292,0.4279,0.3429
1529406300,0.2124,31.3,0.3745,70.5,0.00127,0.2395,0.4223,0.3383
1529406600,0.2054,35.6,0.373,65.0,0.00101,0.2338,0.4246,0.3415
1529406900,0.1904,28.8,0.3722,64.7,0.00219,0.2207,0.4315,0.3478
1529407200,0.1454,27.6,0.3674,65.3,0.00192,0.1789,0.452,0.3691
1529407500,0.2409,31.3,0.368,78.6,0.00184,0.265,0.4049,0.3301
1529407800,0.1806,28.5,0.3735,60.0,0.00129,0.2115,0.4373,0.3512
1529408100,0.1664,31.6,0.3738,77.7,0.0012,0.198,0.4449,0.3571
1529408400,0.2059,23.0,0.3725,72.4,0.00173,0.2344,0.4241,0.3415
1529408700,0.2435,33.3,0.3733,77.1,0.0012,0.2656,0.4072,0.3272
1529409000,0.1919,34.8,0.3745,68.6,0.00293,0.2215,0.4322,0.3463
1529409300,0.2122,30.7,0.3689,71.3,0.00149,0.2408,0.4187,0.3405
1529409600,0.178,32.4,0.3689,66.9,0.00181,0.2102,0.4356,0.3542
1529409900,0.1789,25.6,0.3684,74.0,0.00139,0.2111,0.4348,0.3541
1529410200,0.189,28.1,0.3686,68.9,0.00246,0.2204,0.4298,0.3498
1529410500,0.1646,26.6,0.3683,71.1,0.00113,0.1976,0.4422,0.3602
1529410800,0.1792,20.9,0.3696,65.3,0.001,0.2111,0.4354,0.3534
1529411100,0.315,33.5,0.3713,82.7,0.00151,0.3194,0.3765,0.3042
1529411400,0.2286,27.7,0.3764,68.0,0.00151,0.2526,0.4159,0.3315
1529411700,0.2031,31.7,0.3828,77.6,0.00192,0.2293,0.4321,0.3386
1529412000,0.2499,35.1,0.3844,70.0,0.00106,0.2675,0.4114,0.3211
1529412300,0.3267,38.8,0.3856,80.7,0.00104,0.3227,0.3809,0.2964
1529412600,0.2904,37.8,0.3844,77.2,0.00127,0.2979,0.3943,0.3078
1529412900,0.2667,33.2,0.3843,74.5,0.00129,0.2804,0.4041,0.3155
1529413200,0.2067,33.1,0.3805,75.0,0.00359,0.233,0.4289,0.3381
1529413500,0.2231,30.6,0.381,70.4,0.00218,0.2468,0.4214,0.3318
1529413800,0.2032,29.4,0.3838,78.7,0.00198,0.2291,0.4327,0.3382
1529414100,0.1841,27.1,0.3844,63.5,0.00218,0.212,0.4426,0.3454
1529414400,0.1734,29.2,0.387,68.4,0.00149,0.2015,0.4498,0.3487
1529414700,0.2987,34.6,0.391,75.2,0.00165,0.3018,0.3951,0.3031
1529415000,0.1911,31.3,0.3951,71.6,0.00266,0.2156,0.4458,0.3385
1529415300,0.2053,26.0,0.3964,70.4,0.00319,0.2277,0.4396,0.3327
1529415600,0.2259,27.5,0.3888,71.7,0.00168,0.247,0.4251,0.328
1529415900,0.2439,34.1,0.3873,81.5,0.00217,0.2619,0.4159,0.3222
1529416200,0.2109,29.5,0.3873,67.2,0.00137,0.2348,0.4312,0.334
1529416500,0.2429,30.6,0.389,77.8,0.0026,0.2607,0.4174,0.3219
1529416800,0.2025,31.8,0.3882,65.6,0.00251,0.2273,0.4358,0.3368
1529417100,0.1929,26.7,0.3854,70.0,0.00211,0.2196,0.4388,0.3416
1529417400,0.1844,27.3,0.384,61.3,0.00153,0.2123,0.4422,0.3455
1529417700,0.1896,32.5,0.3868,65.0,0.00142,0.2163,0.4414,0.3423
1529418000,0.1876,32.7,0.3895,68.3,0.00122,0.2139,0.4441,0.342
1529418300,0.2846,39.6,0.3912,89.3,0.00149,0.2917,0.4009,0.3074
1529418600,0.2436,31.2,0.3953,75.0,0.00242,0.2595,0.421,0.3195
1529418900,0.2326,35.0,0.395,83.2,0.00251,0.2508,0.4258,0.3234
1529419200,0.2402,29.0,0.3928,75.3,0.00141,0.2574,0.421,0.3215
1529419500,0.2551,30.1,0.3912,73.2,0.00271,0.2696,0.4134,0.317
1529419800,0.2954,28.6,0.3875,88.8,0.00316,0.3005,0.3942,0.3052
1529420100,0.3063,41.5,0.3816,83.3,0.00124,0.3101,0.3863,0.3037
1529420400,0.2586,30.5,0.3838,72.0,0.00166,0.2744,0.4073,0.3183
1529420700,0.262,33.0,0.391,79.0,0.00106,0.2749,0.4103,0.3148
1529421000,0.2525,29.9,0.3943,73.5,0.00107,0.2667,0.4165,0.3169
1529421300,0.2199,32.5,0.3922,60.1,0.0018,0.2411,0.43,0.3289
1529421600,0.1917,27.3,0.3928,74.8,0.00165,0.2167,0.4441,0.3392
1529421900,0.2742,30.3,0.3948,84.0,0.00268,0.283,0.4074,0.3096
1529422200,0.2078,30.9,0.3977,81.8,0.00322,0.2295,0.4392,0.3313
1529422500,0.2246,26.4,0.4006,75.0,0.00108,0.2428,0.433,0.3243
1529422800,0.2567,30.5,0.4019,74.2,0.00197,0.2678,0.4193,0.313
1529423100,0.2657,27.3,0.4026,81.6,0.00249,0.2744,0.4158,0.3098
1529423400,0.2558,28.6,0.4027,80.7,0.00213,0.2669,0.4201,0.313
1529423700,0.285,35.5,0.4035,88.3,0.00138,0.2883,0.4082,0.3035
1529424000,0.2444,26.2,0.4011,74.2,0.0014,0.2585,0.4242,0.3173
1529424300,0.2368,27.1,0.3935,72.7,0.00246,0.2545,0.423,0.3225
1529424600,0.2417,31.9,0.3921,69.9,0.00101,0.2588,0.4199,0.3213
1529424900,0.2322,29.6,0.3923,76.4,0.00276,0.2512,0.4243,0.3245
1529425200,0.2336,37.3,0.3935,64.1,0.00124,0.252,0.4244,0.3236
1529425500,0.3256,43.3,0.3951,87.2,0.00239,0.319,0.3871,0.2939
1529425800,0.2673,31.1,0.3974,80.3,0.00221,0.2771,0.4119,0.311
1529426100,0.2609,34.9,0.3975,79.6,0.00158,0.2722,0.4148,0.313
1529426400,0.2665,35.9,0.3904,77.5,0.00119,0.2785,0.408,0.3135
1529426700,0.2897,33.5,0.3912,88.2,0.00159,0.2953,0.3988,0.3058
1529427000,0.2682,29.3,0.3928,82.1,0.00136,0.2791,0.4087,0.3122
1529427300,0.2943,35.6,0.392,75.8,0.00179,0.2984,0.3974,0.3042
1529427600,0.254,32.3,0.3845,71.9,0.00141,0.2706,0.4097,0.3197
1529427900,0.2628,32.1,0.3846,71.0,0.00212,0.2774,0.406,0.3167
1529428200,0.2477,33.7,0.3848,78.1,0.00134,0.2656,0.4127,0.3217
1529428500,0.243,29.8,0.377,68.3,0.00121,0.2641,0.4098,0.3261
1529428800,0.2236,27.2,0.3791,78.9,0.00121,0.2477,0.42,0.3323
1529429100,0.3086,36.9,0.3814,88.8,0.00102,0.3117,0.3853,0.303
1529429400,0.2523,33.8,0.3879,70.0,0.0026,0.2683,0.4126,0.3191
1529429700,0.2618,29.8,0.3885,75.1,0.00125,0.2755,0.4088,0.3157
1529430000,0.3029,39.0,0.3873,80.4,0.001,0.3059,0.3911,0.303
1529430300,0.3233,32.3,0.387,87.6,0.00124,0.32,0.3831,0.2969
1529430600,0.2904,33.6,0.3874,88.7,0.00184,0.297,0.3962,0.3068
1529430900,0.3097,35.9,0.3856,70.9,0.00171,0.3112,0.3874,0.3014
1529431200,0.2682,31.9,0.3836,74.9,0.00127,0.2818,0.403,0.3152
1529431500,0.2682,32.1,0.383,75.2,0.00216,0.282,0.4026,0.3154
1529431800,0.2595,38.8,0.384,67.5,0.0019,0.275,0.407,0.318
1529432100,0.251,30.0,0.385,72.2,0.00118,0.2682,0.4113,0.3205
1529432400,0.2239,38.0,0.3867,75.0,0.00235,0.2459,0.4247,0.3295
1529432700,0.302,37.5,0.3886,78.5,0.00125,0.3049,0.3923,0.3028
1529433000,0.2508,32.8,0.3879,65.8,0.00159,0.2672,0.4132,0.3196
1529433300,0.244,33.5,0.3862,91.6,0.00276,0.2623,0.4152,0.3225
1529433600,0.287,42.7,0.3846,80.3,0.00251,0.2954,0.3958,0.3088
1529433900,0.2807,31.7,0.3822,78.7,0.00157,0.2915,0.3969,0.3116
1529434200,0.259,29.8,0.3835,69.3,0.0018,0.2748,0.4069,0.3183
1529434500,0.3047,34.1,0.3845,82.0,0.00196,0.308,0.3887,0.3033
1529434800,0.2812,34.8,0.3839,77.1,0.00116,0.2914,0.3978,0.3108
1529435100,0.3045,31.1,0.3854,69.1,0.00108,0.3076,0.3893,0.3031
1529435400,0.2972,35.9,0.3831,73.3,0.00249,0.3032,0.3908,0.306
1529435700,0.2768,39.5,0.3809,82.4,0.00118,0.289,0.3977,0.3133
1529436000,0.2677,34.2,0.3821,88.4,0.00159,0.2818,0.4023,0.3159
1529436300,0.3578,39.2,0.3767,88.0,0.00187,0.3459,0.3641,0.29
1529436600,0.2845,33.1,0.3689,85.1,0.00164,0.2984,0.3869,0.3147
1529436900,0.2841,37.6,0.3457,77.5,0.00113,0.3055,0.3718,0.3227
1529437200,0.2586,30.6,0.3127,75.3,0.00103,0.2968,0.3589,0.3443
1529437500,0.2793,40.1,0.3033,84.5,0.00178,0.3165,0.3436,0.3399
1529437800,0.2504,38.3,0.3212,85.0,0.00178,0.2873,0.3685,0.3442
1529438100,0.3089,37.4,0.3563,88.7,0.00217,0.32,0.3691,0.3108
1529438400,0.2838,34.8,0.3738,72.0,0.00155,0.2964,0.3904,0.3133
1529438700,0.2941,38.7,0.3788,79.0,0.0016,0.3023,0.3894,0.3084
1529439000,0.2966,39.0,0.3784,81.3,0.00145,0.3042,0.3881,0.3077
1529439300,0.2785,32.1,0.3801,76.3,0.00158,0.2905,0.3965,0.313
1529439600,0.2624,31.8,0.3814,78.6,0.00178,0.278,0.4041,0.3179
1529439900,0.3455,35.2,0.3835,89.5,0.00157,0.3358,0.3727,0.2915
1529440200,0.2796,35.8,0.3877,84.0,0.00102,0.2891,0.4008,0.3101
1529440500,0.2882,37.2,0.3869,88.9,0.00238,0.2956,0.3968,0.3077
1529440800,0.3136,32.9,0.3843,79.4,0.00222,0.3143,0.3851,0.3006
1529441100,0.3353,37.1,0.3819,75.3,0.0013,0.3296,0.3754,0.2949
1529441400,0.2903,31.3,0.3826,81.2,0.0013,0.2984,0.3933,0.3084
1529441700,0.3198,34.7,0.3805,93.3,0.00112,0.3197,0.3804,0.2999
1529442000,0.2898,36.9,0.3807,76.1,0.00187,0.2986,0.3923,0.3091
1529442300,0.2952,33.5,0.3817,83.6,0.00104,0.3022,0.3907,0.3071
1529442600,0.2932,34.6,0.3832,83.5,0.00156,0.3003,0.3925,0.3073
1529442900,0.2909,30.5,0.3841,80.2,0.00222,0.2984,0.3939,0.3077
1529443200,0.2681,34.3,0.3851,76.9,0.00118,0.2813,0.404,0.3147
1529443500,0.3584,40.0,0.3871,80.3,0.00158,0.3428,0.3703,0.2869
1529443800,0.2846,32.7,0.3882,64.8,0.00148,0.2926,0.3991,0.3084
1529444100,0.2742,33.6,0.3899,70.7,0.00197,0.2844,0.4044,0.3112
1529444400,0.3337,38.9,0.3862,81.0,0.00201,0.3272,0.3787,0.2941
1529444700,0.3404,36.4,0.3832,90.6,0.0012,0.3326,0.3744,0.2931
1529445000,0.297,31.4,0.3851,79.1,0.00125,0.3024,0.3921,0.3055
1529445300,0.3034,41.7,0.3868,77.2,0.00145,0.3064,0.3906,0.303
1529445600,0.2843,33.0,0.3843,73.1,0.00163,0.2935,0.3968,0.3097
1529445900,0.2792,34.3,0.3801,81.9,0.00155,0.291,0.3962,0.3127
1529446200,0.3041,39.3,0.3803,88.6,0.00249,0.3089,0.3863,0.3048
1529446500,0.2991,46.5,0.3813,86.3,0.00203,0.3051,0.3889,0.306
1529446800,0.2962,32.0,0.3821,83.3,0.00212,0.3028,0.3906,0.3067
1529447100,0.4227,45.9,0.3806,83.4,0.00127,0.3831,0.345,0.2719
1529447400,0.3682,38.7,0.3863,84.7,0.00113,0.3492,0.3663,0.2845
1529447700,0.3392,37.1,0.3887,95.6,0.00116,0.33,0.3781,0.2919
1529448000,0.3884,40.0,0.3893,95.6,0.00265,0.3604,0.3612,0.2784
1529448300,0.3766,38.0,0.3872,78.4,0.00404,0.354,0.364,0.282
1529448600,0.3455,39.1,0.3806,84.2,0.00263,0.3367,0.3709,0.2924
1529448900,0.3658,36.2,0.3781,88.8,0.00198,0.3504,0.3622,0.2874
1529449200,0.3489,42.3,0.3789,80.3,0.00116,0.3395,0.3687,0.2919
1529449500,0.356,40.1,0.3794,71.7,0.00205,0.3438,0.3664,0.2897
1529449800,0.3553,41.1,0.3794,86.1,0.00196,0.3434,0.3667,0.2899
1529450100,0.3239,36.3,0.3792,77.7,0.00241,0.3229,0.378,0.2991
1529450400,0.2948,34.5,0.376,74.8,0.00128,0.3037,0.3873,0.309
1529450700,0.3877,43.0,0.3771,86.6,0.00189,0.3641,0.3542,0.2817
1529451000,0.3207,34.0,0.3778,81.3,0.00193,0.3212,0.3784,0.3005
1529451300,0.3074,35.4,0.3784,80.7,0.00112,0.3118,0.3839,0.3043
1529451600,0.3267,35.3,0.3775,77.4,0.00123,0.3253,0.3759,0.2987
1529451900,0.3459,36.5,0.3753,83.3,0.00148,0.3387,0.3675,0.2938
1529452200,0.3244,31.4,0.376,71.9,0.00201,0.3243,0.3758,0.2999
1529452500,0.3509,43.6,0.3746,87.0,0.0026,0.3422,0.3653,0.2925
1529452800,0.3466,37.2,0.3728,67.5,0.0022,0.34,0.3657,0.2943
1529453100,0.3476,42.8,0.3722,83.0,0.00162,0.3409,0.365,0.2942
1529453400,0.333,41.5,0.3721,88.8,0.00137,0.3313,0.3702,0.2985
1529453700,0.327,34.0,0.3706,76.3,0.00247,0.3278,0.3715,0.3007
1529454000,0.2796,31.3,0.3416,82.3,0.00115,0.3035,0.3708,0.3257
1529454300,0.362,48.0,0.327,93.1,0.00183,0.366,0.3306,0.3033
1529454600,0.3196,42.6,0.3345,62.1,0.00258,0.335,0.3506,0.3144
1529454900,0.3417,38.8,0.3602,83.3,0.00178,0.3411,0.3595,0.2994
1529455200,0.4074,44.3,0.3778,73.5,0.00203,0.3754,0.3481,0.2764
1529455500,0.4232,42.7,0.376,91.6,0.00165,0.385,0.3421,0.2729
1529455800,0.3966,44.1,0.3758,89.6,0.00233,0.3698,0.3504,0.2797
1529456100,0.4322,43.1,0.3757,78.3,0.0014,0.3901,0.3391,0.2708
1529456400,0.4047,37.2,0.3757,102.0,0.00171,0.3746,0.3477,0.2777
1529456700,0.4134,40.0,0.3759,93.1,0.00138,0.3795,0.3451,0.2754
1529457000,0.4143,44.1,0.3773,86.3,0.00159,0.3795,0.3456,0.2748
1529457300,0.3837,38.5,0.3792,97.2,0.00126,0.361,0.3568,0.2822
1529457600,0.3639,40.3,0.3813,75.6,0.00124,0.3482,0.3648,0.287
1529457900,0.4735,44.9,0.3835,90.0,0.00126,0.4092,0.3315,0.2593
1529458200,0.4212,42.1,0.3846,78.3,0.00184,0.3809,0.3478,0.2713
1529458500,0.4134,46.5,0.3841,102.1,0.00181,0.3767,0.35,0.2733
1529458800,0.4459,47.0,0.3796,96.6,0.0017,0.3962,0.3373,0.2665
1529459100,0.435,45.4,0.3779,97.5,0.00276,0.3909,0.3396,0.2696
1529459400,0.4034,45.9,0.3766,92.1,0.00108,0.3735,0.3487,0.2778
1529459700,0.413,45.4,0.3752,94.7,0.00132,0.3795,0.3448,0.2757
1529460000,0.3665,45.0,0.3736,87.1,0.0016,0.3524,0.3592,0.2884
1529460300,0.3573,38.6,0.3703,87.4,0.00243,0.3477,0.3604,0.2919
1529460600,0.3597,38.9,0.3689,86.6,0.00101,0.3497,0.3586,0.2917
1529460900,0.325,33.8,0.3694,78.8,0.00134,0.3268,0.3715,0.3017
1529461200,0.3142,35.7,0.3716,81.1,0.0029,0.3187,0.377,0.3043
1529461500,0.4005,45.9,0.3738,91.7,0.00207,0.3728,0.3479,0.2793
1529461800,0.344,43.0,0.3733,85.1,0.00109,0.3382,0.367,0.2949
1529462100,0.3546,42.7,0.3709,76.6,0.00151,0.3458,0.3617,0.2925
1529462400,0.3539,34.4,0.3668,77.3,0.00118,0.3467,0.3594,0.2939
1529462700,0.3601,43.5,0.3668,92.5,0.00156,0.3507,0.3572,0.2921
1529463000,0.3319,32.7,0.3668,81.3,0.00208,0.3323,0.3673,0.3004
1529463300,0.3732,43.8,0.3653,90.8,0.00259,0.3594,0.3518,0.2889
1529463600,0.3163,36.0,0.3619,75.1,0.00108,0.3233,0.37,0.3067
1529463900,0.33,40.2,0.3615,74.2,0.00223,0.3328,0.3646,0.3026
1529464200,0.2979,31.9,0.3602,74.7,0.00187,0.3109,0.376,0.3131
1529464500,0.2769,37.9,0.3591,76.4,0.00193,0.2958,0.3837,0.3205
1529464800,0.2749,29.8,0.3575,73.5,0.00119,0.2948,0.3834,0.3218
1529465100,0.3399,36.8,0.359,91.8,0.00157,0.3403,0.3594,0.3003
1529465400,0.2811,31.7,0.3621,79.2,0.0017,0.298,0.3839,0.3181
1529465700,0.276,29.1,0.3571,88.7,0.00162,0.2958,0.3827,0.3215
1529466000,0.3044,36.6,0.3555,82.9,0.00121,0.3171,0.3704,0.3125
1529466300,0.3071,41.9,0.3552,66.2,0.00221,0.3191,0.3691,0.3118
1529466600,0.2691,41.8,0.3511,83.2,0.00295,0.2924,0.3815,0.326
1529466900,0.297,36.1,0.3488,70.6,0.00288,0.314,0.3688,0.3172
1529467200,0.2628,36.7,0.3473,77.7,0.00222,0.2888,0.3816,0.3296
1529467500,0.2709,34.7,0.3481,72.4,0.00153,0.2948,0.3788,0.3264
1529467800,0.2666,35.2,0.3492,89.5,0.00251,0.2911,0.3813,0.3276
1529468100,0.2513,31.6,0.3535,83.8,0.00115,0.2777,0.3907,0.3316
1529468400,0.2486,33.0,0.3559,70.4,0.0016,0.2748,0.3935,0.3317
1529468700,0.3508,41.2,0.3578,84.3,0.00243,0.3478,0.3547,0.2974
1529469000,0.3115,35.1,0.3606,82.6,0.00244,0.3204,0.3709,0.3086
1529469300,0.3625,40.1,0.362,91.4,0.00138,0.3538,0.3533,0.2928
1529469600,0.4021,43.0,0.3621,90.4,0.00245,0.3778,0.3403,0.2819
1529469900,0.3723,43.5,0.36,81.1,0.0014,0.3607,0.3487,0.2906
1529470200,0.3988,39.7,0.3596,85.6,0.00156,0.3768,0.3398,0.2834
1529470500,0.3897,42.1,0.3605,88.9,0.0017,0.3711,0.3433,0.2857
1529470800,0.3532,45.5,0.3611,92.7,0.00169,0.3482,0.356,0.2958
1529471100,0.3642,44.0,0.3631,89.0,0.00127,0.3545,0.3535,0.292
1529471400,0.3791,45.6,0.3681,83.3,0.00104,0.362,0.3515,0.2865
1529471700,0.3907,42.4,0.3735,93.0,0.00141,0.3671,0.351,0.2819
1529472000,0.4216,45.5,0.3761,89.8,0.00102,0.3841,0.3426,0.2733
1529472300,0.4983,52.9,0.3845,105.2,0.00276,0.4213,0.3251,0.2536
1529472600,0.4317,49.9,0.3957,108.3,0.0016,0.3829,0.351,0.2661
1529472900,0.4232,38.8,0.4065,90.2,0.00209,0.3746,0.3598,0.2656
1529473200,0.4677,43.8,0.415,101.6,0.00192,0.3955,0.3509,0.2537
1529473500,0.413,47.8,0.4067,86.8,0.0021,0.3688,0.3632,0.2679
1529473800,0.3607,39.4,0.3976,85.4,0.00164,0.3408,0.3757,0.2835
1529474100,0.3624,38.4,0.3917,86.4,0.0025,0.3438,0.3716,0.2846
1529474400,0.3017,32.4,0.3819,79.0,0.00154,0.3067,0.3883,0.305
1529474700,0.3439,37.4,0.3724,99.2,0.00151,0.3384,0.3664,0.2952
1529475000,0.3115,32.6,0.3697,79.3,0.00255,0.3175,0.3768,0.3057
1529475300,0.3023,42.4,0.3736,83.8,0.00113,0.3098,0.3828,0.3074
1529475600,0.2659,33.5,0.3778,65.0,0.00154,0.2818,0.4003,0.3179
1529475900,0.3681,40.6,0.3817,89.4,0.00115,0.3506,0.3636,0.2858
1529476200,0.3146,38.8,0.3855,88.3,0.00111,0.3146,0.3855,0.3
1529476500,0.3015,39.0,0.3825,77.0,0.00133,0.3064,0.3887,0.3049
1529476800,0.3111,39.6,0.383,66.0,0.00347,0.3129,0.3853,0.3018
1529477100,0.3102,39.9,0.383,80.8,0.00218,0.3123,0.3856,0.3021
1529477400,0.2952,33.8,0.3862,79.6,0.00187,0.3008,0.3935,0.3057
1529477700,0.3555,39.0,0.3851,89.9,0.00102,0.3416,0.3701,0.2883
1529478000,0.3334,40.6,0.3923,95.4,0.00185,0.325,0.3825,0.2925
1529478300,0.3791,40.0,0.3949,85.6,0.00105,0.353,0.3677,0.2793
1529478600,0.3941,42.6,0.4015,84.3,0.00239,0.3597,0.3665,0.2738
1529478900,0.3913,43.6,0.4044,82.1,0.0016,0.3571,0.3691,0.2738
1529479200,0.3588,42.5,0.4054,87.1,0.00105,0.3372,0.3809,0.2819
1529479500,0.4317,39.9,0.4047,96.0,0.00255,0.3799,0.3561,0.264
1529479800,0.3576,42.2,0.3856,82.5,0.00151,0.3428,0.3696,0.2876
1529480100,0.3266,37.2,0.3785,87.3,0.00196,0.3249,0.3766,0.2985
1529480400,0.3221,39.7,0.3792,85.0,0.00245,0.3217,0.3787,0.2996
1529480700,0.2655,35.9,0.364,76.8,0.00208,0.2856,0.3916,0.3228
1529481000,0.2487,37.2,0.3667,69.5,0.00318,0.2717,0.4006,0.3277
1529481300,0.3026,40.2,0.3781,77.4,0.00298,0.3086,0.3855,0.3059
1529481600,0.2824,38.8,0.39,63.7,0.00144,0.2904,0.4011,0.3085
1529481900,0.3291,42.4,0.3964,84.3,0.00175,0.3209,0.3865,0.2925
1529482200,0.3916,43.3,0.4034,89.3,0.00135,0.3576,0.3684,0.274
1529482500,0.3833,41.9,0.3988,89.5,0.0016,0.3542,0.3685,0.2772
1529482800,0.3479,42.0,0.3878,87.8,0.00155,0.3359,0.3744,0.2897
1529483100,0.3981,45.1,0.3803,92.1,0.00168,0.3692,0.3527,0.2782
1529483400,0.3264,36.9,0.3743,82.0,0.00236,0.3262,0.374,0.2998
1529483700,0.3035,37.5,0.3691,80.6,0.00162,0.3121,0.3795,0.3085
1529484000,0.2939,35.5,0.367,71.0,0.00155,0.3059,0.3819,0.3122
1529484300,0.3201,34.8,0.3529,78.5,0.00128,0.329,0.3627,0.3083
1529484600,0.3221,41.4,0.3511,82.5,0.00144,0.331,0.3608,0.3083
1529484900,0.3717,41.2,0.3515,82.8,0.00145,0.3633,0.3435,0.2932
1529485200,0.3484,45.5,0.3575,90.0,0.00183,0.3464,0.3554,0.2982
1529485500,0.4286,40.1,0.3681,88.9,0.001,0.3908,0.3356,0.2735
1529485800,0.4584,45.4,0.3737,97.1,0.00152,0.4049,0.3301,0.265
1529486100,0.473,48.2,0.3806,98.0,0.00131,0.41,0.3299,0.2601
1529486400,0.4744,51.6,0.3821,101.9,0.00151,0.4102,0.3304,0.2594
1529486700,0.4483,47.6,0.3776,100.2,0.00176,0.3982,0.3354,0.2665
1529487000,0.3035,37.2,0.3694,84.5,0.00258,0.312,0.3797,0.3084
1529487300,0.2992,32.6,0.3735,67.3,0.00134,0.3076,0.384,0.3084
1529487600,0.3945,39.1,0.3747,96.6,0.00112,0.369,0.3504,0.2806
1529487900,0.4379,46.6,0.3785,103.0,0.00232,0.3922,0.339,0.2687
1529488200,0.4565,42.9,0.3824,92.8,0.00119,0.4008,0.3358,0.2634
1529488500,0.5027,48.6,0.3851,101.7,0.00153,0.4232,0.3242,0.2526
1529488800,0.4848,50.4,0.3836,93.1,0.00176,0.4149,0.3283,0.2568
1529489100,0.5055,47.4,0.3824,88.9,0.00256,0.4255,0.3219,0.2525
1529489400,0.4956,54.5,0.3817,95.1,0.00152,0.421,0.3242,0.2548
1529489700,0.4019,46.8,0.3832,86.9,0.00128,0.3704,0.3531,0.2765
1529490000,0.3321,33.5,0.3737,81.1,0.00145,0.3302,0.3715,0.2983
1529490300,0.4781,45.7,0.3747,92.1,0.00166,0.4147,0.325,0.2602
1529490600,0.4157,37.2,0.3775,87.2,0.00197,0.3803,0.3453,0.2744
1529490900,0.3967,40.4,0.381,89.6,0.00195,0.3681,0.3535,0.2784
1529491200,0.4202,46.7,0.3811,87.4,0.00208,0.3815,0.346,0.2724
1529491500,0.4234,43.4,0.3827,95.6,0.00172,0.3828,0.346,0.2712
1529491800,0.392,43.8,0.3831,93.3,0.00165,0.3646,0.3563,0.279
1529492100,0.468,43.2,0.3833,111.1,0.00211,0.4065,0.3329,0.2606
1529492400,0.4395,48.2,0.3801,100.7,0.00154,0.3926,0.3395,0.268
1529492700,0.4661,46.0,0.3799,98.1,0.00205,0.4067,0.3315,0.2618
1529493000,0.4499,46.5,0.375,91.3,0.00343,0.3999,0.3334,0.2667
1529493300,0.4086,43.3,0.3694,92.6,0.00116,0.379,0.3427,0.2783
1529493600,0.4348,41.6,0.37,95.4,0.00126,0.3936,0.3349,0.2715
1529493900,0.5852,52.5,0.3756,105.4,0.00112,0.4641,0.2979,0.2379
1529494200,0.5709,57.9,0.3864,111.8,0.00387,0.4541,0.3073,0.2386
1529494500,0.57,56.1,0.3905,98.6,0.00138,0.4522,0.3098,0.238
1529494800,0.5943,59.8,0.3922,108.0,0.00115,0.462,0.3049,0.2332
1529495100,0.596,57.7,0.3944,112.9,0.00143,0.4619,0.3056,0.2325
1529495400,0.5667,55.1,0.3949,104.9,0.00144,0.4492,0.313,0.2378
1529495700,0.6271,53.7,0.3871,111.5,0.00193,0.4772,0.2946,0.2283
1529496000,0.5427,52.2,0.387,103.4,0.00136,0.4413,0.3147,0.244
1529496300,0.534,52.3,0.3939,98.4,0.00132,0.4349,0.3208,0.2443
1529496600,0.5436,58.9,0.3956,111.4,0.00162,0.4387,0.3192,0.2421
1529496900,0.5521,55.7,0.3986,99.1,0.00256,0.4414,0.3187,0.2399
1529497200,0.5618,58.9,0.4034,108.1,0.0015,0.444,0.3188,0.2371
1529497500,0.6641,63.3,0.4062,118.9,0.00128,0.4846,0.2964,0.2189
1529497800,0.6275,56.8,0.4041,107.1,0.00144,0.4712,0.3035,0.2253
1529498100,0.5774,55.8,0.4096,108.2,0.00129,0.4486,0.3183,0.2331
1529498400,0.5667,55.4,0.4066,101.2,0.00123,0.4451,0.3193,0.2356
1529498700,0.5727,52.3,0.4034,115.6,0.00143,0.4488,0.3161,0.2351
1529499000,0.5273,50.8,0.4011,95.9,0.00198,0.4293,0.3265,0.2442
1529499300,0.588,55.5,0.3999,104.9,0.00119,0.4566,0.3105,0.2329
1529499600,0.5461,58.0,0.4007,97.3,0.00164,0.438,0.3214,0.2406
1529499900,0.5401,46.6,0.4016,95.9,0.00254,0.435,0.3234,0.2416
1529500200,0.5471,56.9,0.402,114.3,0.00117,0.438,0.3218,0.2402
1529500500,0.5314,49.4,0.4009,106.4,0.00254,0.4312,0.3253,0.2434
1529500800,0.538,48.5,0.3979,104.6,0.00246,0.4353,0.322,0.2427
1529501100,0.7099,68.2,0.4002,117.1,0.00112,0.5034,0.2838,0.2128
1529501400,0.6256,61.0,0.405,118.0,0.0018,0.4702,0.3044,0.2255
1529501700,0.6206,62.2,0.4147,107.1,0.0033,0.4648,0.3106,0.2247
1529502000,0.6691,64.2,0.4193,121.7,0.00149,0.4819,0.302,0.2161
1529502300,0.6844,69.1,0.4203,113.2,0.00163,0.4872,0.2992,0.2136
1529502600,0.6376,61.3,0.4218,109.9,0.00217,0.469,0.3103,0.2207
1529502900,0.6678,61.3,0.4255,121.3,0.00214,0.4793,0.3054,0.2153
1529503200,0.6214,59.5,0.4271,117.3,0.00187,0.4608,0.3167,0.2225
1529503500,0.6377,63.4,0.4279,117.4,0.00137,0.467,0.3133,0.2197
1529503800,0.6255,56.4,0.4293,106.3,0.00285,0.4617,0.3169,0.2214
1529504100,0.5893,54.3,0.4315,106.2,0.00188,0.4462,0.3267,0.2271
1529504400,0.5877,55.2,0.4348,109.7,0.00216,0.4444,0.3288,0.2268
1529504700,0.6638,55.2,0.4386,111.3,0.00185,0.4733,0.3127,0.2139
1529505000,0.576,55.7,0.4383,115.8,0.00261,0.4383,0.3335,0.2283
1529505300,0.5939,50.9,0.4385,95.0,0.00161,0.4457,0.3291,0.2252
1529505600,0.6091,57.8,0.4366,106.2,0.00267,0.4526,0.3244,0.2229
1529505900,0.6557,63.5,0.4378,112.5,0.00106,0.4705,0.3142,0.2153
1529506200,0.6306,57.7,0.4372,96.0,0.00121,0.461,0.3196,0.2193
1529506500,0.6692,66.9,0.4364,108.5,0.00131,0.4761,0.3105,0.2134
1529506800,0.6151,53.7,0.4377,115.3,0.00153,0.4547,0.3236,0.2218
1529507100,0.6404,63.4,0.4345,114.2,0.00101,0.4658,0.316,0.2182
1529507400,0.5915,58.4,0.4284,118.6,0.00296,0.4481,0.3246,0.2273
1529507700,0.5801,50.5,0.4306,117.3,0.00154,0.4426,0.3285,0.2289
1529508000,0.5831,63.9,0.4326,110.9,0.0011,0.4432,0.3288,0.228
1529508300,0.6946,63.4,0.4329,121.3,0.0019,0.4866,0.3033,0.2102
1529508600,0.6458,57.6,0.4349,115.0,0.00257,0.4677,0.315,0.2173
1529508900,0.6236,54.4,0.4394,96.4,0.00254,0.4575,0.3224,0.2201
1529509200,0.6309,58.5,0.4369,104.7,0.00223,0.4613,0.3194,0.2193
1529509500,0.6294,58.7,0.4399,113.5,0.00171,0.4597,0.3213,0.2191
1529509800,0.6105,58.0,0.4424,114.7,0.00168,0.4513,0.327,0.2217
1529510100,0.65,59.6,0.4432,116.7,0.00352,0.4666,0.3181,0.2153
1529510400,0.6097,59.6,0.4435,105.6,0.00176,0.4506,0.3277,0.2217
1529510700,0.5538,52.6,0.4378,111.0,0.00137,0.4288,0.339,0.2323
1529511000,0.5517,47.8,0.4407,114.1,0.00137,0.4269,0.341,0.2321
1529511300,0.6037,56.8,0.4412,116.0,0.00212,0.4489,0.3281,0.2231
1529511600,0.5769,48.3,0.4419,113.6,0.00185,0.4374,0.3351,0.2275
1529511900,0.6392,60.8,0.4432,110.6,0.00118,0.4624,0.3206,0.217
1529512200,0.592,53.5,0.4443,115.7,0.00104,0.443,0.3325,0.2245
1529512500,0.5938,57.1,0.4451,110.3,0.00105,0.4435,0.3324,0.2241
1529512800,0.6089,61.6,0.4449,114.0,0.00168,0.4498,0.3286,0.2216
1529513100,0.6202,55.6,0.4444,114.2,0.00186,0.4545,0.3257,0.2198
1529513400,0.6163,61.3,0.441,110.9,0.00143,0.4541,0.3249,0.221
1529513700,0.6722,60.8,0.4422,112.1,0.00192,0.4753,0.3126,0.2121
1529514000,0.6477,65.6,0.4464,114.3,0.00234,0.4646,0.3202,0.2152
1529514300,0.6466,59.2,0.4485,120.6,0.00153,0.4635,0.3215,0.215
1529514600,0.6535,58.2,0.4487,112.7,0.00169,0.4661,0.32,0.2139
1529514900,0.632,61.3,0.4506,118.6,0.00108,0.4571,0.3259,0.217
1529515200,0.5837,54.6,0.4501,112.8,0.00185,0.4376,0.3375,0.2249
1529515500,0.6726,59.6,0.4501,115.5,0.0025,0.4728,0.3164,0.2109
1529515800,0.598,55.4,0.456,118.1,0.00262,0.4417,0.3368,0.2216
1529516100,0.5963,56.6,0.4554,107.5,0.0017,0.4411,0.3369,0.2219
1529516400,0.6054,61.4,0.4583,119.6,0.00256,0.4439,0.3361,0.22
1529516700,0.6062,51.6,0.459,113.2,0.00115,0.444,0.3362,0.2197
1529517000,0.5789,55.6,0.4586,107.8,0.00176,0.4328,0.3429,0.2243
1529517300,0.6082,59.4,0.4602,105.5,0.00222,0.4445,0.3363,0.2192
1529517600,0.5732,55.7,0.456,106.8,0.00101,0.4312,0.3431,0.2257
1529517900,0.5846,59.9,0.4594,107.2,0.00107,0.435,0.3418,0.2232
1529518200,0.5974,56.6,0.4568,102.2,0.00193,0.4411,0.3373,0.2215
1529518500,0.5753,54.7,0.459,106.2,0.00165,0.4312,0.344,0.2248
1529518800,0.6096,59.4,0.4585,106.1,0.00176,0.4456,0.3351,0.2193
1529519100,0.7124,65.2,0.4604,124.8,0.00319,0.4837,0.3126,0.2037
1529519400,0.6564,59.8,0.468,123.5,0.00118,0.4608,0.3286,0.2106
1529519700,0.6449,61.7,0.4694,107.1,0.0031,0.456,0.3319,0.2121
1529520000,0.685,61.0,0.4701,128.8,0.00199,0.4708,0.3231,0.2062
1529520300,0.6965,61.9,0.4708,118.9,0.00187,0.4747,0.3209,0.2045
1529520600,0.6798,61.0,0.4708,112.1,0.00157,0.4686,0.3246,0.2068
1529520900,0.7549,71.9,0.4698,130.6,0.00207,0.4951,0.3081,0.1968
1529521200,0.7338,56.7,0.4664,120.9,0.00204,0.4891,0.3109,0.2
1529521500,0.7269,67.1,0.4671,122.3,0.00151,0.4865,0.3127,0.2008
1529521800,0.6916,63.5,0.4705,116.7,0.00163,0.473,0.3218,0.2052
1529522100,0.6889,58.2,0.4708,114.0,0.00166,0.4719,0.3225,0.2055
1529522400,0.661,62.2,0.4727,120.4,0.0035,0.461,0.3297,0.2092
1529522700,0.7936,72.0,0.4724,129.4,0.00319,0.5068,0.3017,0.1916
1529523000,0.6802,64.4,0.4741,109.4,0.0028,0.4677,0.326,0.2063
1529523300,0.6655,53.6,0.4682,119.9,0.00151,0.4642,0.3266,0.2092
1529523600,0.6553,65.0,0.4583,108.3,0.00309,0.4636,0.3242,0.2122
1529523900,0.6333,57.1,0.457,106.4,0.00118,0.4555,0.3287,0.2158
1529524200,0.5677,56.8,0.4596,113.9,0.00155,0.4277,0.3463,0.226
1529524500,0.6583,63.3,0.4675,108.7,0.00212,0.4617,0.3279,0.2104
1529524800,0.6598,58.6,0.4692,102.1,0.00196,0.4617,0.3283,0.2099
1529525100,0.6885,65.2,0.4758,122.6,0.00151,0.4702,0.3249,0.2049
1529525400,0.8103,70.6,0.4893,131.6,0.0044,0.5066,0.3059,0.1875
1529525700,0.8321,67.0,0.4891,135.4,0.0058,0.5133,0.3017,0.185
1529526000,0.6794,66.1,0.4863,116.1,0.00136,0.4635,0.3318,0.2047
1529526300,0.6502,58.2,0.4874,116.4,0.00115,0.4523,0.339,0.2087
1529526600,0.6003,54.5,0.4802,105.5,0.00101,0.4348,0.3478,0.2173
1529526900,0.564,53.3,0.4693,115.3,0.00101,0.423,0.352,0.225
1529527200,0.5702,55.7,0.4595,98.2,0.00167,0.4288,0.3456,0.2256
1529527500,0.562,54.2,0.4523,108.9,0.00224,0.4276,0.3441,0.2283
1529527800,0.5212,53.1,0.4506,106.0,0.00134,0.4098,0.3543,0.2359
1529528100,0.5901,52.3,0.4488,104.5,0.00139,0.4407,0.3352,0.2241
1529528400,0.5627,52.2,0.4504,100.1,0.00174,0.4285,0.343,0.2285
1529528700,0.5465,52.9,0.45,110.8,0.00185,0.4215,0.3471,0.2314
1529529000,0.5364,58.2,0.4468,97.7,0.00217,0.418,0.3482,0.2338
1529529300,0.5118,50.5,0.4436,97.5,0.00117,0.4077,0.3534,0.239
1529529600,0.5306,55.4,0.4425,108.4,0.00217,0.4168,0.3476,0.2356
1529529900,0.6439,60.2,0.4458,114.6,0.00191,0.4633,0.3208,0.2159
1529530200,0.6288,57.6,0.4589,102.1,0.00222,0.4531,0.3307,0.2162
1529530500,0.608,56.8,0.4629,121.3,0.00159,0.4435,0.3377,0.2188
1529530800,0.6293,58.5,0.4583,109.7,0.00178,0.4535,0.3303,0.2162
1529531100,0.6198,60.2,0.4577,109.6,0.00206,0.4499,0.3323,0.2178
1529531400,0.5752,59.4,0.4592,109.1,0.00128,0.4311,0.3441,0.2248
1529531700,0.6103,58.8,0.4535,114.8,0.00118,0.4475,0.3325,0.22
1529532000,0.591,59.9,0.4477,120.9,0.00158,0.4415,0.3344,0.2241
1529532300,0.5835,53.0,0.417,98.4,0.00136,0.4487,0.3206,0.2307
1529532600,0.5447,51.9,0.4117,109.4,0.00149,0.4335,0.3277,0.2388
1529532900,0.5294,49.9,0.4087,107.4,0.00198,0.4276,0.3301,0.2423
1529533200,0.5353,53.4,0.4377,102.7,0.00186,0.4205,0.3438,0.2357
1529533500,0.6692,60.8,0.4504,121.6,0.00118,0.4714,0.3173,0.2113
1529533800,0.6096,59.9,0.4635,116.6,0.0012,0.444,0.3376,0.2185
1529534100,0.5466,50.5,0.4686,96.4,0.00116,0.4156,0.3563,0.2281
1529534400,0.5744,55.3,0.4637,117.9,0.00105,0.4293,0.3465,0.2242
1529534700,0.581,57.7,0.4554,98.7,0.00109,0.4348,0.3408,0.2245
1529535000,0.6126,51.7,0.457,104.4,0.00131,0.4473,0.3337,0.219
1529535300,0.6481,66.7,0.4577,113.2,0.00242,0.461,0.3256,0.2134
1529535600,0.6006,56.2,0.4595,121.6,0.00176,0.4416,0.3378,0.2206
1529535900,0.6145,51.9,0.4585,109.6,0.00102,0.4476,0.3339,0.2185
1529536200,0.5881,56.6,0.4655,108.6,0.00145,0.4345,0.3439,0.2216
1529536500,0.6194,58.5,0.4734,120.5,0.00112,0.4447,0.3399,0.2154
1529536800,0.5708,54.7,0.4852,105.3,0.00142,0.4209,0.3578,0.2212
1529537100,0.5854,59.0,0.477,101.5,0.0025,0.4297,0.3501,0.2202
1529537400,0.5538,56.0,0.4795,102.9,0.00237,0.4154,0.3596,0.225
1529537700,0.5442,54.0,0.4827,112.6,0.00166,0.4101,0.3638,0.2261
1529538000,0.5719,56.4,0.4823,107.6,0.00213,0.4223,0.3562,0.2215
1529538300,0.5962,56.4,0.4747,121.2,0.00249,0.4349,0.3463,0.2188
1529538600,0.5461,58.6,0.4712,109.0,0.00118,0.4146,0.3577,0.2277
1529538900,0.5622,49.9,0.4651,102.4,0.00206,0.4236,0.3504,0.226
1529539200,0.5416,53.3,0.4607,104.5,0.00143,0.4159,0.3538,0.2304
1529539500,0.5976,57.0,0.4643,104.6,0.00136,0.4388,0.3409,0.2203
1529539800,0.573,57.5,0.4679,103.3,0.00113,0.4273,0.3489,0.2237
1529540100,0.5286,49.5,0.4705,129.7,0.00141,0.4069,0.3622,0.2309
1529540400,0.5227,46.4,0.4732,108.4,0.00172,0.4033,0.3652,0.2315
1529540700,0.623,59.1,0.4764,117.5,0.00123,0.4452,0.3404,0.2144
1529541000,0.5545,54.7,0.4618,101.7,0.00123,0.4213,0.3508,0.2279
1529541300,0.5436,57.5,0.455,113.8,0.00116,0.4186,0.3504,0.231
1529541600,0.5809,51.9,0.4499,114.7,0.00157,0.4365,0.3381,0.2254
1529541900,0.5917,59.9,0.4498,120.5,0.00126,0.4411,0.3353,0.2236
1529542200,0.5808,62.8,0.4473,119.1,0.0027,0.4373,0.3368,0.2259
1529542500,0.6375,58.5,0.447,104.9,0.00223,0.4605,0.3229,0.2167
1529542800,0.5883,52.3,0.4446,102.2,0.00273,0.4414,0.3336,0.2251
1529543100,0.5762,54.1,0.4443,101.6,0.00281,0.4363,0.3365,0.2272
1529543400,0.5614,54.3,0.4432,100.5,0.00308,0.4303,0.3397,0.23
1529543700,0.5099,52.4,0.441,102.9,0.00167,0.4076,0.3525,0.2398
1529544000,0.474,46.4,0.4355,94.0,0.00155,0.3919,0.3601,0.248
1529544300,0.5634,59.1,0.4317,118.8,0.00221,0.435,0.3333,0.2316
1529544600,0.5245,48.4,0.4382,113.9,0.00206,0.4154,0.347,0.2376
1529544900,0.5212,46.3,0.4472,102.1,0.00175,0.4109,0.3526,0.2365
1529545200,0.5204,54.7,0.4368,113.8,0.00106,0.4139,0.3474,0.2386
1529545500,0.5172,44.4,0.435,110.6,0.00117,0.413,0.3474,0.2396
1529545800,0.4743,47.6,0.431,94.7,0.00163,0.3935,0.3576,0.2489
1529546100,0.4882,58.5,0.4231,86.8,0.00176,0.403,0.3493,0.2477
1529546400,0.4469,46.2,0.4124,93.4,0.00359,0.3855,0.3557,0.2588
1529546700,0.4264,41.5,0.4139,88.8,0.00233,0.3739,0.363,0.2631
1529547000,0.4292,44.9,0.4087,94.2,0.00153,0.3772,0.3592,0.2636
1529547300,0.3914,42.2,0.4087,89.7,0.00209,0.3558,0.3715,0.2727
1529547600,0.3852,42.4,0.4052,88.9,0.00109,0.3533,0.3716,0.2751
1529547900,0.4722,50.0,0.4026,100.4,0.00118,0.4019,0.3427,0.2554
1529548200,0.4279,41.8,0.4063,85.5,0.00207,0.3773,0.3582,0.2645
1529548500,0.3962,47.8,0.4049,92.1,0.00217,0.3598,0.3677,0.2725
1529548800,0.3792,42.3,0.403,85.3,0.00129,0.3504,0.3724,0.2772
1529549100,0.4009,45.2,0.3923,91.3,0.00253,0.3667,0.3589,0.2744
1529549400,0.4002,41.1,0.3903,95.8,0.00144,0.367,0.3579,0.2751
1529549700,0.4467,50.1,0.3941,87.3,0.00111,0.3916,0.3455,0.263
1529550000,0.4116,43.0,0.3945,89.5,0.00294,0.3721,0.3567,0.2712
1529550300,0.4011,43.9,0.4019,89.4,0.00255,0.3636,0.3644,0.272
1529550600,0.413,41.1,0.4121,88.2,0.00237,0.3671,0.3663,0.2666
1529550900,0.407,40.5,0.4179,96.1,0.0027,0.3618,0.3715,0.2667
1529551200,0.3262,39.9,0.4168,78.3,0.00233,0.3128,0.3996,0.2876
1529551500,0.4009,41.7,0.4176,86.8,0.00268,0.3584,0.3734,0.2682
1529551800,0.3425,36.4,0.4182,80.0,0.00125,0.3229,0.3943,0.2828
1529552100,0.3367,36.6,0.4154,90.2,0.00217,0.32,0.3948,0.2851
1529552400,0.3649,42.6,0.4129,83.5,0.00235,0.3386,0.3831,0.2783
1529552700,0.3678,38.9,0.4102,89.5,0.0012,0.3412,0.3805,0.2783
1529553000,0.3536,39.4,0.4058,97.2,0.00145,0.3338,0.383,0.2832
1529553300,0.3668,40.7,0.4105,86.2,0.00104,0.3405,0.381,0.2785
1529553600,0.3096,30.9,0.4107,87.6,0.00116,0.3034,0.4025,0.294
1529553900,0.3125,32.5,0.4095,91.3,0.00283,0.3058,0.4007,0.2935
1529554200,0.3373,39.6,0.4067,89.9,0.00115,0.3231,0.3896,0.2874
1529554500,0.314,34.8,0.4065,81.3,0.00181,0.3077,0.3983,0.294
1529554800,0.2919,38.6,0.4061,83.0,0.00114,0.2925,0.4069,0.3006
1529555100,0.4122,46.8,0.4074,83.5,0.0021,0.3682,0.3639,0.268
1529555400,0.4383,47.8,0.4102,89.1,0.00155,0.3816,0.3572,0.2612
1529555700,0.4388,51.2,0.4085,90.3,0.00166,0.3825,0.3561,0.2615
1529556000,0.4693,47.6,0.4112,110.4,0.00109,0.3975,0.3483,0.2541
1529556300,0.4136,45.9,0.4058,86.5,0.00131,0.3695,0.3625,0.268
1529556600,0.409,41.9,0.4022,85.9,0.00294,0.3681,0.362,0.27
1529556900,0.3931,49.9,0.4013,83.0,0.00261,0.3592,0.3667,0.2741
1529557200,0.3843,47.9,0.3987,91.8,0.00191,0.3548,0.3681,0.277
1529557500,0.4188,44.4,0.3974,92.7,0.00166,0.3752,0.356,0.2688
1529557800,0.4305,46.3,0.3978,99.6,0.00162,0.3815,0.3526,0.2659
1529558100,0.3841,46.0,0.4014,92.4,0.00117,0.3538,0.3698,0.2764
1529558400,0.4043,42.9,0.4042,82.1,0.00139,0.3647,0.3646,0.2706
1529558700,0.4786,46.5,0.4055,93.0,0.00142,0.4042,0.3425,0.2534
1529559000,0.4276,47.6,0.4085,101.0,0.00105,0.3764,0.3596,0.2641
1529559300,0.4057,43.6,0.3927,89.4,0.0012,0.3694,0.3575,0.2731
1529559600,0.3964,43.3,0.3888,96.8,0.0017,0.3653,0.3583,0.2764
1529559900,0.4041,40.8,0.3859,89.5,0.00119,0.3707,0.354,0.2752
1529560200,0.3715,35.9,0.3838,81.3,0.00211,0.352,0.3637,0.2843
1529560500,0.3672,41.4,0.3774,84.9,0.00157,0.3515,0.3613,0.2872
1529560800,0.3433,41.7,0.3765,78.5,0.00192,0.3366,0.3692,0.2942
1529561100,0.3152,36.4,0.3742,78.1,0.00105,0.3186,0.3782,0.3032
1529561400,0.2944,39.9,0.3738,80.6,0.00173,0.3041,0.3861,0.3099
1529561700,0.2713,31.9,0.3752,80.2,0.00113,0.2866,0.3964,0.317
1529562000,0.2382,28.5,0.3763,64.3,0.00103,0.2605,0.4115,0.328
1529562300,0.3342,38.2,0.3775,83.3,0.00135,0.3303,0.3731,0.2965
1529562600,0.2978,35.6,0.3799,76.3,0.00221,0.3046,0.3886,0.3068
1529562900,0.2898,37.6,0.3808,75.1,0.00124,0.2986,0.3923,0.3091
1529563200,0.3041,34.0,0.3754,81.2,0.00148,0.3105,0.3833,0.3063
1529563500,0.3149,41.1,0.3781,78.2,0.00137,0.3171,0.3808,0.3021
1529563800,0.327,43.8,0.3785,91.0,0.00257,0.3252,0.3764,0.2984
1529564100,0.3611,40.2,0.3858,93.2,0.00164,0.3449,0.3685,0.2866
1529564400,0.3052,40.1,0.3884,87.6,0.00108,0.3072,0.3909,0.3019
1529564700,0.2933,32.4,0.381,76.4,0.00112,0.301,0.391,0.3079
1529565000,0.317,40.4,0.3796,75.9,0.00198,0.3181,0.3809,0.301
1529565300,0.2858,38.1,0.381,79.1,0.00161,0.2956,0.3941,0.3103
1529565600,0.2654,36.2,0.3857,75.6,0.00278,0.279,0.4055,0.3154
1529565900,0.3691,40.8,0.3867,83.3,0.00107,0.3496,0.3663,0.2841
1529566200,0.2999,27.1,0.3852,72.9,0.00219,0.3044,0.391,0.3045
1529566500,0.2704,32.0,0.3842,76.8,0.00259,0.2833,0.4025,0.3143
1529566800,0.2806,32.8,0.3787,75.6,0.00111,0.2925,0.3948,0.3127
1529567100,0.275,31.3,0.3737,81.6,0.00104,0.2899,0.3939,0.3162
1529567400,0.2608,33.6,0.3742,80.1,0.00152,0.2789,0.4002,0.3209
1529567700,0.3066,35.2,0.3771,87.3,0.00126,0.3117,0.3833,0.305
1529568000,0.2806,32.2,0.3825,70.5,0.00152,0.2914,0.3972,0.3115
1529568300,0.2725,30.9,0.3873,79.7,0.00109,0.2839,0.4035,0.3126
1529568600,0.2987,33.8,0.381,75.5,0.00201,0.3049,0.3889,0.3062
1529568900,0.2607,36.6,0.3813,68.7,0.00172,0.2768,0.4048,0.3185
1529569200,0.2541,30.8,0.3729,72.8,0.00181,0.2741,0.4023,0.3236
1529569500,0.3729,39.6,0.3735,93.7,0.00121,0.3564,0.3569,0.2867
1529569800,0.3074,35.1,0.375,78.5,0.00293,0.3129,0.3817,0.3054
1529570100,0.3103,37.7,0.3795,90.4,0.00148,0.3135,0.3834,0.3031
1529570400,0.3397,40.1,0.3843,87.3,0.00125,0.3317,0.3753,0.293
1529570700,0.3294,28.9,0.3884,80.6,0.00176,0.3236,0.3816,0.2948
1529571000,0.3047,39.4,0.3953,87.4,0.0011,0.3047,0.3953,0.3
1529571300,0.3351,42.8,0.3933,86.2,0.00111,0.3258,0.3824,0.2917
1529571600,0.3144,33.9,0.3925,75.8,0.00179,0.3122,0.3898,0.2979
1529571900,0.3559,37.0,0.3895,96.7,0.00129,0.3404,0.3726,0.287
1529572200,0.331,36.8,0.3914,84.7,0.00117,0.3237,0.3828,0.2934
1529572500,0.2739,31.9,0.392,77.5,0.00106,0.2836,0.4058,0.3106
1529572800,0.2463,32.9,0.3914,69.5,0.00276,0.2627,0.4174,0.3199
1529573100,0.3385,32.9,0.3887,90.9,0.00114,0.3295,0.3784,0.2921
1529573400,0.289,31.9,0.384,82.0,0.00138,0.297,0.3947,0.3083
1529573700,0.2776,39.0,0.3864,81.5,0.00102,0.288,0.4008,0.3112
1529574000,0.317,34.4,0.3873,78.7,0.00204,0.3156,0.3856,0.2987
1529574300,0.3023,39.9,0.3875,85.2,0.00305,0.3054,0.3915,0.3031
1529574600,0.2825,35.8,0.3881,83.7,0.00168,0.2911,0.3999,0.3091
1529574900,0.3398,33.4,0.3881,80.0,0.00223,0.3306,0.3776,0.2919
1529575200,0.315,39.0,0.3874,73.0,0.00135,0.3142,0.3865,0.2993
1529575500,0.2936,35.2,0.3814,82.8,0.0016,0.3011,0.3912,0.3077
1529575800,0.3018,34.8,0.3793,70.7,0.00148,0.3076,0.3866,0.3058
1529576100,0.3052,37.1,0.3772,81.4,0.00199,0.3107,0.384,0.3054
1529576400,0.2741,35.6,0.3661,74.7,0.0011,0.2915,0.3894,0.3191
1529576700,0.3766,43.5,0.362,95.0,0.00136,0.3626,0.3485,0.2889
1529577000,0.3289,41.6,0.363,80.5,0.00275,0.3316,0.366,0.3024
1529577300,0.3007,37.3,0.3648,86.7,0.00106,0.3114,0.3778,0.3107
1529577600,0.3371,34.5,0.3643,80.6,0.00202,0.3366,0.3638,0.2996
1529577900,0.3611,38.9,0.3646,92.1,0.00248,0.3521,0.3555,0.2925
1529578200,0.362,49.2,0.3668,98.6,0.0025,0.3519,0.3565,0.2916
1529578500,0.388,44.3,0.3615,82.4,0.0045,0.3697,0.3444,0.2859
1529578800,0.368,47.9,0.3629,88.6,0.00177,0.357,0.352,0.291
1529579100,0.3856,46.2,0.3642,105.1,0.00191,0.3673,0.3469,0.2858
1529579400,0.3807,42.4,0.3679,88.5,0.00141,0.3631,0.3508,0.2861
1529579700,0.3799,42.5,0.3774,88.4,0.0023,0.3593,0.3569,0.2837
1529580000,0.3839,41.8,0.3834,93.1,0.00106,0.3597,0.3592,0.2811
1529580300,0.4767,43.2,0.3869,97.9,0.00128,0.4097,0.3325,0.2578
1529580600,0.4395,45.8,0.3901,83.7,0.00154,0.3891,0.3453,0.2656
1529580900,0.4222,48.2,0.3907,99.0,0.00241,0.3794,0.3511,0.2696
1529581200,0.4377,43.8,0.3845,81.8,0.00205,0.39,0.3426,0.2673
1529581500,0.4628,48.6,0.3814,93.8,0.00132,0.4045,0.3333,0.2622
1529581800,0.4859,51.6,0.3822,105.8,0.00219,0.416,0.3272,0.2568
1529582100,0.5385,50.0,0.3865,101.7,0.00138,0.4396,0.3155,0.2449
1529582400,0.4908,48.0,0.3872,94.9,0.00224,0.4166,0.3287,0.2547
1529582700,0.4818,45.7,0.3886,103.5,0.00156,0.4117,0.332,0.2563
1529583000,0.4975,47.4,0.385,94.6,0.00143,0.4207,0.3256,0.2537
1529583300,0.4712,44.1,0.3855,89.8,0.00137,0.4074,0.3333,0.2594
1529583600,0.4958,47.0,0.3892,101.2,0.00161,0.4184,0.3284,0.2532
1529583900,0.5769,59.6,0.3899,106.6,0.00139,0.4554,0.3078,0.2368
1529584200,0.5554,51.1,0.3951,98.1,0.0023,0.4441,0.316,0.2399
1529584500,0.5829,56.2,0.4038,112.1,0.00195,0.453,0.3138,0.2332
1529584800,0.573,53.6,0.41,110.1,0.00216,0.4466,0.3196,0.2338
1529585100,0.5763,58.9,0.4116,105.5,0.00125,0.4475,0.3196,0.2329
1529585400,0.5798,59.5,0.4212,106.2,0.00155,0.4457,0.3238,0.2306
1529585700,0.6267,61.5,0.4256,115.5,0.00256,0.4634,0.3147,0.2218
1529586000,0.6079,58.5,0.4255,117.9,0.00109,0.4559,0.3191,0.225
1529586300,0.6329,58.6,0.4266,111.6,0.00235,0.4655,0.3138,0.2207
1529586600,0.6107,54.2,0.4292,115.0,0.00249,0.4558,0.3203,0.2239
1529586900,0.5911,62.2,0.4302,112.5,0.00102,0.4474,0.3256,0.227
1529587200,0.5869,53.8,0.4299,114.0,0.00176,0.4457,0.3265,0.2278
1529587500,0.7295,68.1,0.432,123.4,0.00135,0.4991,0.2956,0.2053
1529587800,0.6129,61.1,0.432,105.8,0.00116,0.4557,0.3212,0.2231
1529588100,0.625,57.1,0.4324,109.7,0.00161,0.4604,0.3186,0.221
1529588400,0.6781,65.6,0.4293,119.9,0.0027,0.4818,0.305,0.2132
1529588700,0.6419,62.2,0.4329,125.1,0.00185,0.4669,0.3149,0.2182
1529589000,0.6064,62.6,0.4347,107.7,0.00182,0.4522,0.3241,0.2237
1529589300,0.6394,58.3,0.4347,118.8,0.00223,0.4653,0.3164,0.2183
1529589600,0.6022,53.3,0.4244,108.3,0.00133,0.4539,0.3199,0.2261
1529589900,0.625,57.2,0.4224,113.2,0.00215,0.4639,0.3135,0.2227
1529590200,0.6353,60.1,0.4286,122.6,0.00116,0.4658,0.3142,0.22
1529590500,0.6479,60.5,0.4304,119.4,0.00124,0.4701,0.3123,0.2177
1529590800,0.6294,57.9,0.4353,105.5,0.00183,0.4612,0.319,0.2198
1529591100,0.7332,60.6,0.444,120.1,0.00143,0.4963,0.3006,0.2031
1529591400,0.6858,64.4,0.4495,126.1,0.00236,0.4778,0.3132,0.209
1529591700,0.691,69.3,0.4499,120.0,0.00211,0.4796,0.3122,0.2082
1529592000,0.6743,63.6,0.4415,110.5,0.00111,0.4763,0.3118,0.2119
1529592300,0.6525,62.5,0.4425,110.3,0.00169,0.4677,0.3172,0.2151
1529592600,0.6551,62.6,0.4408,119.7,0.00187,0.4693,0.3158,0.2149
1529592900,0.6715,63.2,0.441,123.1,0.00261,0.4754,0.3122,0.2124
1529593200,0.636,62.3,0.4401,113.7,0.00138,0.4622,0.3198,0.218
1529593500,0.635,60.6,0.4403,128.4,0.00113,0.4617,0.3201,0.2181
1529593800,0.6106,56.8,0.442,116.0,0.00203,0.4514,0.3268,0.2218
1529594100,0.5538,51.4,0.4372,103.9,0.00225,0.429,0.3387,0.2324
1529594400,0.5302,51.4,0.4343,98.1,0.00123,0.4193,0.3435,0.2372
1529594700,0.6199,59.3,0.4332,106.1,0.00178,0.4581,0.3202,0.2217
1529595000,0.5769,54.4,0.438,109.7,0.00223,0.4387,0.3331,0.2282
1529595300,0.5795,56.5,0.4373,105.0,0.00246,0.4401,0.3321,0.2278
1529595600,0.6779,63.8,0.4399,127.8,0.00149,0.4781,0.3103,0.2116
1529595900,0.6532,63.2,0.4395,124.1,0.00201,0.469,0.3156,0.2154
1529596200,0.5644,58.4,0.4395,110.2,0.00182,0.4329,0.3371,0.2301
1529596500,0.5803,55.9,0.4377,101.0,0.00154,0.4403,0.3321,0.2276
1529596800,0.5466,49.3,0.4356,100.6,0.00168,0.4263,0.3397,0.234
1529597100,0.586,55.0,0.4344,116.1,0.00152,0.4438,0.329,0.2272
1529597400,0.6269,59.0,0.4379,109.3,0.00181,0.4593,0.3209,0.2198
1529597700,0.5499,48.0,0.4445,111.7,0.00279,0.4248,0.3434,0.2318
1529598000,0.5565,58.1,0.453,108.5,0.00162,0.425,0.3459,0.2291
1529598300,0.667,62.1,0.4574,117.0,0.00105,0.4683,0.3211,0.2106
1529598600,0.6534,61.9,0.4622,111.1,0.0012,0.4616,0.3265,0.2119
1529598900,0.5872,60.2,0.4624,108.2,0.00122,0.4351,0.3426,0.2223
1529599200,0.5837,54.0,0.4577,109.5,0.00161,0.4351,0.3412,0.2236
1529599500,0.6117,59.5,0.4512,117.4,0.0012,0.4488,0.3311,0.2201
1529599800,0.5849,55.6,0.4515,103.2,0.00139,0.4377,0.3378,0.2245
1529600100,0.6141,57.4,0.4539,109.8,0.00186,0.4489,0.3318,0.2193
1529600400,0.6276,56.6,0.4526,113.0,0.00209,0.4547,0.3279,0.2174
1529600700,0.5981,61.9,0.4534,113.8,0.00219,0.4425,0.3355,0.222
1529601000,0.5812,54.6,0.4506,102.7,0.00161,0.4364,0.3383,0.2253
1529601300,0.5988,59.0,0.4508,102.0,0.00107,0.4437,0.334,0.2223
1529601600,0.5694,49.2,0.4474,111.0,0.00399,0.4324,0.3398,0.2278
1529601900,0.6497,64.0,0.4496,105.9,0.00142,0.4643,0.3213,0.2144
1529602200,0.601,60.2,0.4527,117.8,0.00139,0.444,0.3344,0.2216
1529602500,0.5609,54.6,0.4595,105.2,0.00125,0.4248,0.348,0.2272
1529602800,0.6121,57.2,0.4634,101.9,0.0029,0.445,0.3369,0.2181
1529603100,0.624,59.9,0.4685,109.5,0.00149,0.4481,0.3364,0.2154
1529603400,0.5946,63.5,0.4691,111.7,0.00245,0.436,0.344,0.22
1529603700,0.6505,55.2,0.4672,111.9,0.00112,0.4588,0.3295,0.2116
1529604000,0.631,61.5,0.4653,113.2,0.0019,0.4519,0.3332,0.2149
1529604300,0.5948,53.9,0.4663,113.9,0.00147,0.437,0.3426,0.2204
1529604600,0.5918,56.4,0.466,108.0,0.00222,0.4359,0.3432,0.2209
1529604900,0.5806,54.9,0.4662,102.4,0.00175,0.4311,0.3462,0.2228
1529605200,0.5553,52.6,0.4689,103.7,0.0016,0.4193,0.3541,0.2266
1529605500,0.6518,60.6,0.4695,123.7,0.0023,0.4586,0.3303,0.2111
1529605800,0.6308,55.8,0.4673,123.2,0.00203,0.4512,0.3342,0.2146
1529606100,0.6104,60.8,0.4726,98.9,0.00188,0.4414,0.3417,0.2169
1529606400,0.6959,58.3,0.4765,126.1,0.00147,0.4726,0.3236,0.2037
1529606700,0.693,65.1,0.488,120.8,0.00139,0.4679,0.3295,0.2026
1529607000,0.7116,63.8,0.4892,126.7,0.0024,0.4741,0.326,0.1999
1529607300,0.7897,66.8,0.4894,127.3,0.00338,0.5001,0.3099,0.19
1529607600,0.7604,68.8,0.488,116.2,0.00263,0.4911,0.3152,0.1937
1529607900,0.7139,60.3,0.4854,124.9,0.00113,0.4762,0.3238,0.2001
1529608200,0.691,63.5,0.4851,113.5,0.00255,0.4681,0.3286,0.2032
1529608500,0.6983,59.6,0.4818,111.5,0.00212,0.4718,0.3255,0.2027
1529608800,0.6309,60.5,0.4857,105.2,0.00225,0.4454,0.3429,0.2118
1529609100,0.6829,60.0,0.4832,121.9,0.00149,0.4658,0.3296,0.2046
1529609400,0.665,60.2,0.4882,117.3,0.00223,0.4576,0.3359,0.2064
1529609700,0.6111,58.7,0.492,115.8,0.00277,0.4355,0.3507,0.2138
1529610000,0.6578,58.7,0.487,119.8,0.00163,0.4553,0.3371,0.2076
1529610300,0.6219,58.4,0.4868,109.7,0.00285,0.4415,0.3456,0.213
1529610600,0.5925,51.9,0.4841,108.8,0.00116,0.4304,0.3517,0.2179
1529610900,0.6882,65.1,0.4865,115.8,0.00345,0.4667,0.3299,0.2034
1529611200,0.6148,63.3,0.4893,110.2,0.0026,0.4379,0.3485,0.2137
1529611500,0.6245,67.1,0.4911,106.6,0.00119,0.4412,0.3469,0.2119
1529611800,0.6662,61.9,0.4889,119.0,0.00231,0.4578,0.336,0.2062
1529612100,0.5516,56.0,0.4866,111.6,0.00175,0.4122,0.3636,0.2242
1529612400,0.5343,47.1,0.485,98.5,0.00115,0.405,0.3676,0.2274
1529612700,0.5962,61.2,0.4789,117.3,0.00115,0.4336,0.3483,0.2182
1529613000,0.583,58.1,0.4821,109.0,0.00216,0.4271,0.3532,0.2198
1529613300,0.5933,55.1,0.4786,110.8,0.00127,0.4325,0.3489,0.2187
1529613600,0.6051,61.1,0.4769,100.3,0.00124,0.4378,0.3451,0.2171
1529613900,0.5946,55.9,0.479,98.6,0.00211,0.4329,0.3487,0.2184
1529614200,0.5965,55.4,0.4721,110.5,0.00162,0.4358,0.345,0.2192
1529614500,0.6248,60.2,0.4712,117.2,0.00119,0.4476,0.3375,0.2149
1529614800,0.5446,49.9,0.473,100.4,0.00195,0.4133,0.359,0.2277
1529615100,0.5859,59.1,0.4751,118.6,0.00123,0.4305,0.3491,0.2204
1529615400,0.6046,54.2,0.4765,114.9,0.00178,0.4378,0.345,0.2172
1529615700,0.5507,50.4,0.4751,99.6,0.00163,0.4154,0.3583,0.2263
1529616000,0.5442,50.4,0.4758,104.6,0.00217,0.4123,0.3605,0.2273
1529616300,0.643,62.3,0.479,129.2,0.00115,0.4522,0.3368,0.211
1529616600,0.57,53.0,0.4819,99.5,0.00168,0.4216,0.3565,0.2219
1529616900,0.5573,50.0,0.4784,108.9,0.00201,0.4172,0.3582,0.2246
1529617200,0.5867,54.3,0.4725,106.7,0.00116,0.4317,0.3476,0.2207
1529617500,0.571,54.9,0.475,111.3,0.00252,0.4242,0.3529,0.2229
1529617800,0.539,49.2,0.4765,111.5,0.00122,0.4097,0.3622,0.2281
1529618100,0.5816,52.3,0.4767,105.8,0.00146,0.4282,0.351,0.2209
1529618400,0.5566,60.3,0.4757,112.4,0.00124,0.4178,0.3571,0.2252
1529618700,0.5236,49.1,0.4742,115.7,0.00151,0.4035,0.3654,0.2312
1529619000,0.5582,53.1,0.4718,106.2,0.00159,0.4197,0.3547,0.2256
1529619300,0.4986,48.8,0.4587,104.6,0.00199,0.3966,0.3648,0.2386
1529619600,0.4557,45.6,0.4612,92.0,0.00139,0.3745,0.379,0.2465
1529619900,0.6202,60.3,0.4558,112.1,0.00186,0.4507,0.3312,0.218
1529620200,0.5612,57.1,0.4582,105.1,0.00197,0.4253,0.3473,0.2274
1529620500,0.5604,53.3,0.4635,110.8,0.0019,0.4233,0.3501,0.2266
1529620800,0.6178,54.5,0.4623,119.0,0.00112,0.4476,0.335,0.2174
1529621100,0.5897,60.1,0.4605,108.3,0.00105,0.4368,0.3411,0.2222
1529621400,0.6064,57.2,0.4546,119.8,0.00195,0.4456,0.334,0.2204
1529621700,0.5968,62.0,0.4517,118.9,0.00209,0.4426,0.335,0.2225
1529622000,0.6031,50.5,0.4579,115.4,0.0017,0.4431,0.3364,0.2204
1529622300,0.5738,55.8,0.4527,104.3,0.00135,0.4326,0.3413,0.2262
1529622600,0.5748,61.0,0.454,103.8,0.00205,0.4326,0.3417,0.2258
1529622900,0.5448,52.1,0.4564,99.6,0.00207,0.4187,0.3508,0.2306
1529623200,0.484,48.2,0.4636,104.1,0.00185,0.3879,0.3716,0.2405
1529623500,0.68,63.5,0.47,110.7,0.00175,0.469,0.3241,0.2069
1529623800,0.5941,54.9,0.4795,113.5,0.00107,0.4325,0.3491,0.2184
1529624100,0.5284,51.1,0.4839,96.4,0.00187,0.4027,0.3687,0.2286
1529624400,0.5357,51.5,0.4866,108.5,0.002,0.4051,0.368,0.2269
1529624700,0.5515,51.7,0.4851,105.3,0.00173,0.4126,0.3629,0.2245
1529625000,0.5187,55.0,0.4865,109.9,0.00103,0.3974,0.3727,0.2298
1529625300,0.5622,55.7,0.4683,113.1,0.00101,0.4225,0.352,0.2255
1529625600,0.5689,55.6,0.4714,115.5,0.00133,0.4245,0.3517,0.2238
1529625900,0.5064,52.9,0.4762,109.4,0.00153,0.3948,0.3713,0.2339
1529626200,0.5918,55.6,0.4887,110.0,0.00218,0.4287,0.354,0.2173
1529626500,0.5282,49.7,0.5012,95.9,0.00105,0.3973,0.377,0.2257
1529626800,0.5118,49.0,0.4983,94.9,0.00101,0.3907,0.3804,0.229
1529627100,0.673,62.1,0.495,104.8,0.0018,0.4584,0.3372,0.2044
1529627400,0.5524,50.5,0.4958,98.7,0.00168,0.4097,0.3677,0.2225
1529627700,0.5347,50.9,0.4962,103.9,0.00201,0.4018,0.3728,0.2254
1529628000,0.6271,57.3,0.4937,109.4,0.00145,0.4414,0.3475,0.2111
1529628300,0.598,63.2,0.4915,108.7,0.00148,0.4304,0.3537,0.2159
1529628600,0.6238,50.3,0.4937,115.3,0.00141,0.4401,0.3483,0.2116
1529628900,0.6667,61.1,0.4888,114.8,0.00132,0.4581,0.3358,0.2061
1529629200,0.5376,57.8,0.4799,97.0,0.00119,0.408,0.3643,0.2277
1529629500,0.5502,53.9,0.4737,104.7,0.00104,0.4156,0.3578,0.2266
1529629800,0.4987,52.2,0.47,94.5,0.00101,0.3931,0.3705,0.2365
1529630100,0.4957,50.0,0.4708,97.9,0.00106,0.3914,0.3717,0.2369
1529630400,0.5018,48.1,0.4747,108.2,0.00113,0.3931,0.3719,0.235
1529630700,0.6055,50.7,0.4782,108.9,0.00106,0.4376,0.3456,0.2168
1529631000,0.536,53.1,0.4793,114.2,0.0021,0.4075,0.3644,0.2281
1529631300,0.5597,51.9,0.4801,114.6,0.00115,0.4177,0.3583,0.2239
1529631600,0.5679,52.4,0.4759,103.3,0.00126,0.4226,0.3541,0.2232
1529631900,0.5252,50.3,0.472,95.9,0.0011,0.4049,0.3639,0.2313
1529632200,0.4983,55.1,0.4729,99.5,0.00195,0.392,0.372,0.236
1529632500,0.5022,57.4,0.4726,107.1,0.00162,0.3939,0.3707,0.2353
1529632800,0.4764,49.0,0.4741,94.7,0.00187,0.381,0.3791,0.2399
1529633100,0.4711,46.6,0.4764,102.6,0.00117,0.3776,0.3819,0.2405
1529633400,0.4246,41.2,0.476,99.7,0.00131,0.3537,0.3965,0.2499
1529633700,0.4189,45.7,0.4739,87.2,0.001,0.3512,0.3973,0.2515
1529634000,0.4042,48.6,0.4731,86.4,0.001,0.3433,0.4019,0.2548
1529634300,0.4458,45.5,0.4733,98.9,0.00161,0.3657,0.3882,0.2461
1529634600,0.4033,36.1,0.4688,91.2,0.00118,0.3441,0.4,0.256
1529634900,0.3624,42.4,0.4439,82.1,0.00223,0.3276,0.4012,0.2712
1529635200,0.3638,43.4,0.418,84.3,0.00124,0.3363,0.3864,0.2773
1529635500,0.3617,35.6,0.3875,85.7,0.00183,0.3447,0.3693,0.2859
1529635800,0.3872,42.6,0.3977,79.3,0.00147,0.3569,0.3666,0.2765
1529636100,0.3743,42.6,0.4017,92.0,0.0016,0.3479,0.3733,0.2788
1529636400,0.341,38.7,0.4219,81.2,0.00261,0.3208,0.3969,0.2822
1529636700,0.3638,38.1,0.4361,69.7,0.00235,0.3308,0.3965,0.2728
1529637000,0.3654,43.6,0.4508,86.4,0.00101,0.3274,0.4039,0.2688
1529637300,0.3933,41.3,0.4546,84.9,0.00195,0.3426,0.396,0.2613
1529637600,0.3321,33.8,0.4571,93.3,0.00231,0.3049,0.4197,0.2754
1529637900,0.3983,36.7,0.4528,86.3,0.00122,0.346,0.3934,0.2606
1529638200,0.3627,44.2,0.4578,79.7,0.00206,0.3237,0.4086,0.2677
1529638500,0.3363,40.4,0.4615,86.7,0.00107,0.3063,0.4204,0.2733
1529638800,0.3446,39.4,0.4637,80.5,0.00253,0.3109,0.4184,0.2707
1529639100,0.3437,37.7,0.4651,79.7,0.00101,0.31,0.4195,0.2706
1529639400,0.3016,34.5,0.4659,83.2,0.00162,0.2825,0.4364,0.281
1529639700,0.3318,35.0,0.4628,76.9,0.00192,0.3031,0.4228,0.2741
1529640000,0.3371,37.3,0.4632,75.0,0.00103,0.3064,0.421,0.2727
1529640300,0.3032,29.9,0.4634,90.7,0.00228,0.2843,0.4345,0.2813
1529640600,0.2982,33.7,0.4584,83.3,0.0025,0.2822,0.4338,0.2839
1529640900,0.3024,35.2,0.459,78.7,0.00102,0.2849,0.4324,0.2826
1529641200,0.2958,37.5,0.4622,79.6,0.00342,0.2796,0.4369,0.2836
1529641500,0.386,41.9,0.4637,91.6,0.00152,0.3357,0.4033,0.2609
1529641800,0.3625,42.8,0.4659,92.1,0.00123,0.3213,0.4129,0.2659
1529642100,0.3943,46.6,0.4734,84.9,0.00206,0.3377,0.4054,0.2569
1529642400,0.4092,46.8,0.4832,93.1,0.00199,0.3432,0.4052,0.2516
1529642700,0.4125,45.3,0.478,88.2,0.00219,0.3465,0.4015,0.252
1529643000,0.4532,46.8,0.4503,94.2,0.00202,0.3766,0.3742,0.2493
1529643300,0.4198,41.4,0.4459,92.9,0.0013,0.3601,0.3825,0.2574
1529643600,0.3735,43.4,0.4371,87.3,0.00199,0.3363,0.3936,0.2701
1529643900,0.4161,49.2,0.435,96.0,0.001,0.3615,0.3779,0.2606
1529644200,0.4781,49.5,0.4286,100.7,0.00239,0.3962,0.3552,0.2486
1529644500,0.4375,51.4,0.4288,84.7,0.00114,0.3751,0.3677,0.2572
1529644800,0.3677,36.2,0.4248,78.6,0.00185,0.3366,0.3888,0.2746
1529645100,0.4668,44.2,0.4281,94.5,0.00211,0.3907,0.3583,0.2511
1529645400,0.4191,46.9,0.4307,102.9,0.00161,0.3645,0.3746,0.2609
1529645700,0.3745,42.0,0.4318,82.3,0.00131,0.3385,0.3903,0.2712
1529646000,0.3975,46.8,0.428,88.5,0.00114,0.3532,0.3803,0.2665
1529646300,0.3806,41.6,0.425,84.8,0.00231,0.3442,0.3844,0.2713
1529646600,0.3578,37.4,0.4252,82.5,0.00175,0.3304,0.3926,0.277
1529646900,0.3826,41.1,0.4173,89.3,0.00255,0.3478,0.3794,0.2728
1529647200,0.3558,35.3,0.406,94.0,0.00105,0.3351,0.3824,0.2825
1529647500,0.3402,35.4,0.4074,86.8,0.00193,0.3247,0.3889,0.2864
1529647800,0.3324,41.2,0.4041,78.4,0.00123,0.3207,0.3899,0.2894
1529648100,0.3007,38.7,0.4028,96.6,0.00231,0.2997,0.4014,0.299
1529648400,0.2821,35.8,0.4028,78.7,0.003,0.2864,0.409,0.3046
1529648700,0.3624,35.2,0.4066,82.8,0.00119,0.339,0.3804,0.2806
1529649000,0.3014,35.0,0.4157,88.6,0.00264,0.2963,0.4087,0.295
1529649300,0.2723,30.4,0.4235,74.4,0.00196,0.2734,0.4253,0.3013
1529649600,0.3165,40.7,0.4133,91.6,0.00233,0.3073,0.4013,0.2913
1529649900,0.3403,37.1,0.4134,78.8,0.00101,0.323,0.3923,0.2847
1529650200,0.375,38.0,0.4091,96.1,0.00154,0.3459,0.3774,0.2767
1529650500,0.3827,41.9,0.4116,89.5,0.00203,0.3497,0.3761,0.2741
1529650800,0.3481,37.4,0.4132,92.6,0.0021,0.328,0.3893,0.2827
1529651100,0.3462,43.7,0.4141,96.0,0.00181,0.3265,0.3905,0.2829
1529651400,0.3115,34.6,0.4152,74.4,0.00151,0.3034,0.4044,0.2922
1529651700,0.3211,33.3,0.4146,89.8,0.00107,0.31,0.4003,0.2897
1529652000,0.2951,29.2,0.4165,71.1,0.00151,0.2917,0.4117,0.2966
1529652300,0.4147,43.9,0.4168,85.2,0.00114,0.3665,0.3684,0.2651
1529652600,0.3681,39.1,0.4195,82.0,0.00196,0.3385,0.3857,0.2758
1529652900,0.2927,31.2,0.425,82.3,0.00195,0.2876,0.4176,0.2948
1529653200,0.2944,39.2,0.4233,79.6,0.00207,0.2893,0.4159,0.2948
1529653500,0.2731,36.1,0.4173,76.3,0.00127,0.2757,0.4213,0.3029
1529653800,0.2704,33.8,0.4147,77.9,0.00267,0.2745,0.421,0.3045
1529654100,0.2746,38.3,0.4113,81.0,0.00113,0.2785,0.4172,0.3043
1529654400,0.2391,33.7,0.4108,77.9,0.0016,0.2517,0.4325,0.3158
1529654700,0.2403,29.4,0.4082,80.6,0.00231,0.2533,0.4304,0.3163
1529655000,0.2521,29.5,0.4084,86.1,0.00142,0.2625,0.4252,0.3123
1529655300,0.2476,34.8,0.4082,74.6,0.00101,0.2591,0.4271,0.3139
1529655600,0.2427,33.2,0.4037,71.1,0.00123,0.2564,0.4266,0.317
1529655900,0.3569,40.5,0.4092,89.4,0.00128,0.3348,0.3838,0.2814
1529656200,0.3388,36.2,0.4164,77.0,0.00217,0.3211,0.3946,0.2843
1529656500,0.2745,36.0,0.4202,73.4,0.00105,0.276,0.4224,0.3016
1529656800,0.2909,33.1,0.4123,85.1,0.00265,0.29,0.411,0.299
1529657100,0.3321,37.9,0.4153,82.5,0.00123,0.3171,0.3965,0.2864
1529657400,0.2905,39.7,0.4187,71.8,0.00144,0.2879,0.4149,0.2973
1529657700,0.301,34.1,0.417,71.2,0.00113,0.2957,0.4096,0.2947
1529658000,0.2204,25.7,0.4082,72.3,0.00156,0.2373,0.4396,0.3231
1529658300,0.2503,29.4,0.4055,81.9,0.00251,0.2619,0.4243,0.3139
1529658600,0.3244,40.7,0.4046,89.2,0.00137,0.3153,0.3932,0.2915
1529658900,0.2936,36.3,0.4079,80.0,0.00193,0.2932,0.4073,0.2996
1529659200,0.2629,33.0,0.412,88.3,0.00226,0.2697,0.4226,0.3077
1529659500,0.3482,37.8,0.4141,84.2,0.00344,0.3278,0.3898,0.2824
1529659800,0.2994,37.4,0.4194,79.1,0.00269,0.2939,0.4117,0.2945
1529660100,0.3695,38.3,0.4226,71.5,0.0022,0.3383,0.387,0.2747
1529660400,0.3536,40.7,0.4207,82.7,0.00141,0.3291,0.3916,0.2793
1529660700,0.4108,41.6,0.4207,96.2,0.00102,0.3631,0.3718,0.2651
1529661000,0.4169,41.5,0.4254,101.1,0.00109,0.365,0.3724,0.2626
1529661300,0.4695,46.0,0.434,92.0,0.00107,0.3901,0.3606,0.2493
1529661600,0.4696,46.7,0.4398,99.7,0.00341,0.3883,0.3637,0.2481
1529661900,0.4625,47.2,0.4453,102.5,0.00208,0.3829,0.3687,0.2484
1529662200,0.4136,44.7,0.4482,91.4,0.00171,0.356,0.3858,0.2582
1529662500,0.4228,33.5,0.4419,78.6,0.00264,0.363,0.3794,0.2576
1529662800,0.3941,40.2,0.4484,90.9,0.00162,0.3449,0.3925,0.2626
1529663100,0.4797,47.4,0.4567,102.5,0.00139,0.388,0.3694,0.2426
1529663400,0.4581,51.6,0.46,90.1,0.00203,0.3761,0.3776,0.2463
1529663700,0.4633,44.2,0.4595,94.8,0.00149,0.3789,0.3758,0.2453
1529664000,0.4908,49.8,0.4533,92.1,0.00119,0.3945,0.3644,0.2411
1529664300,0.4591,51.6,0.4546,80.5,0.00194,0.3783,0.3746,0.2472
1529664600,0.4325,41.3,0.4511,99.4,0.00189,0.3654,0.3811,0.2535
1529664900,0.4776,49.6,0.4527,97.7,0.0015,0.3882,0.368,0.2438
1529665200,0.4547,44.4,0.4517,105.1,0.00154,0.3769,0.3744,0.2487
1529665500,0.4649,46.0,0.4523,101.6,0.00307,0.3819,0.3716,0.2465
1529665800,0.4364,43.1,0.4507,91.5,0.00242,0.3676,0.3797,0.2527
1529666100,0.4487,44.2,0.449,94.4,0.0013,0.3746,0.3749,0.2505
1529666400,0.4421,54.1,0.4487,97.6,0.00115,0.3713,0.3768,0.2519
1529666700,0.5307,54.7,0.4504,108.9,0.00263,0.4143,0.3516,0.2342
1529667000,0.4947,52.9,0.4576,101.4,0.00229,0.395,0.3654,0.2396
1529667300,0.4723,49.5,0.4612,103.9,0.0014,0.3829,0.3739,0.2432
1529667600,0.4888,44.4,0.4598,97.1,0.00181,0.3915,0.3683,0.2403
1529667900,0.509,51.8,0.4574,94.9,0.00308,0.4019,0.3612,0.2369
1529668200,0.4983,53.1,0.4622,99.4,0.00179,0.3953,0.3667,0.238
1529668500,0.5507,51.0,0.4646,106.3,0.00136,0.4187,0.3532,0.2281
1529668800,0.5391,55.6,0.4597,96.7,0.00122,0.4151,0.3539,0.231
1529669100,0.5412,55.0,0.4623,96.1,0.00125,0.4152,0.3547,0.2301
1529669400,0.5988,62.5,0.4603,112.6,0.00127,0.4406,0.3387,0.2207
1529669700,0.6187,57.1,0.4627,109.4,0.00171,0.4479,0.335,0.2172
1529670000,0.6184,55.0,0.469,110.8,0.00162,0.4457,0.338,0.2162
1529670300,0.6779,61.4,0.478,115.6,0.00332,0.4656,0.3283,0.2061
1529670600,0.6133,62.2,0.482,120.5,0.00145,0.4395,0.3454,0.215
1529670900,0.5957,51.2,0.4841,117.1,0.00115,0.4317,0.3508,0.2174
1529671200,0.5987,50.7,0.4814,102.4,0.00134,0.4338,0.3488,0.2174
1529671500,0.5812,56.0,0.4754,104.9,0.00283,0.4284,0.3504,0.2211
1529671800,0.5863,54.7,0.4738,113.7,0.00176,0.4311,0.3484,0.2206
1529672100,0.6161,58.2,0.4789,115.2,0.00225,0.4416,0.3433,0.2151
1529672400,0.5994,59.8,0.4842,109.7,0.00107,0.4332,0.35,0.2168
1529672700,0.6078,55.9,0.4876,104.0,0.00115,0.4356,0.3494,0.215
1529673000,0.6247,53.1,0.4783,108.4,0.00102,0.4453,0.3409,0.2138
1529673300,0.5828,61.9,0.4766,105.2,0.00217,0.4287,0.3506,0.2207
1529673600,0.5879,53.2,0.477,110.5,0.00105,0.4307,0.3495,0.2198
1529673900,0.7459,64.0,0.4798,135.2,0.00143,0.4889,0.3145,0.1966
1529674200,0.7865,73.4,0.4851,126.0,0.00288,0.5004,0.3087,0.1909
1529674500,0.7228,64.4,0.4926,116.2,0.00161,0.477,0.3251,0.198
1529674800,0.6644,61.3,0.497,115.8,0.00239,0.4546,0.3401,0.2053
1529675100,0.6467,61.7,0.4953,120.9,0.00114,0.4485,0.3435,0.208
1529675400,0.6316,62.5,0.4946,104.5,0.00178,0.4429,0.3468,0.2103
1529675700,0.7092,63.6,0.4962,129.7,0.00246,0.4711,0.3296,0.1993
1529676000,0.6888,67.8,0.4957,117.8,0.00236,0.464,0.3339,0.2021
1529676300,0.6936,57.1,0.4999,115.0,0.00139,0.4644,0.3347,0.2009
1529676600,0.667,64.0,0.4968,107.1,0.00204,0.4557,0.3394,0.2049
1529676900,0.6438,57.5,0.496,118.6,0.00125,0.4471,0.3445,0.2084
1529677200,0.6382,63.8,0.4978,112.8,0.00212,0.4444,0.3467,0.2089
1529677500,0.7665,69.1,0.5054,128.6,0.00239,0.4876,0.3215,0.1909
1529677800,0.7319,64.2,0.5081,118.0,0.00128,0.4753,0.3299,0.1948
1529678100,0.69,65.3,0.51,117.1,0.00143,0.46,0.34,0.2
1529678400,0.6977,66.5,0.5035,116.9,0.00126,0.4648,0.3354,0.1998
1529678700,0.7444,69.0,0.5054,124.2,0.00129,0.4803,0.3261,0.1936
1529679000,0.7385,63.6,0.5089,120.1,0.00116,0.4773,0.3289,0.1939
1529679300,0.748,65.9,0.5101,116.1,0.00125,0.4801,0.3274,0.1925
1529679600,0.6639,61.5,0.5144,132.8,0.00276,0.4491,0.348,0.2029
1529679900,0.6153,57.9,0.5124,103.3,0.00148,0.431,0.3589,0.2101
1529680200,0.6106,60.0,0.5158,112.1,0.00157,0.4281,0.3616,0.2103
1529680500,0.6048,51.3,0.5152,99.8,0.00128,0.4259,0.3628,0.2113
1529680800,0.6122,58.9,0.5126,99.2,0.00206,0.4297,0.3598,0.2106
1529681100,0.7125,64.0,0.5099,121.9,0.00174,0.468,0.3349,0.1971
1529681400,0.6744,59.7,0.5118,118.5,0.00248,0.4538,0.3444,0.2019
1529681700,0.6335,57.1,0.514,120.9,0.00241,0.4377,0.3551,0.2073
1529682000,0.6678,61.1,0.5138,119.2,0.00273,0.4507,0.3468,0.2025
1529682300,0.6706,51.1,0.5128,116.2,0.0023,0.4521,0.3457,0.2022
1529682600,0.6736,60.0,0.5089,111.7,0.00218,0.4544,0.3433,0.2024
1529682900,0.6705,59.3,0.5114,126.0,0.00239,0.4525,0.3451,0.2024
1529683200,0.674,63.8,0.5112,123.0,0.00105,0.4538,0.3442,0.202
1529683500,0.6574,58.6,0.508,108.3,0.00136,0.4486,0.3467,0.2047
1529683800,0.65,59.9,0.5118,115.2,0.00244,0.4447,0.3501,0.2052
1529684100,0.6301,63.7,0.5149,113.9,0.00114,0.4361,0.3563,0.2076
1529684400,0.5606,57.2,0.5206,104.0,0.00274,0.4059,0.3769,0.2172
1529684700,0.6596,63.9,0.5186,120.6,0.00137,0.4462,0.3508,0.2029
1529685000,0.6238,57.2,0.5179,117.4,0.00306,0.4327,0.3592,0.2081
1529685300,0.6035,58.9,0.5212,109.2,0.00166,0.4236,0.3658,0.2106
1529685600,0.6255,58.1,0.513,110.9,0.00121,0.4348,0.3566,0.2086
1529685900,0.6188,57.7,0.506,120.9,0.0017,0.4343,0.3551,0.2106
1529686200,0.6577,62.3,0.5,121.4,0.00152,0.4512,0.343,0.2058
1529686500,0.6676,59.9,0.5002,117.2,0.0018,0.4548,0.3408,0.2044
1529686800,0.6014,61.6,0.497,100.4,0.0027,0.4301,0.3554,0.2145
1529687100,0.6259,58.3,0.4985,114.7,0.00214,0.4394,0.35,0.2106
1529687400,0.6524,62.5,0.4995,119.4,0.00135,0.4493,0.344,0.2066
1529687700,0.6448,64.5,0.5022,98.0,0.00131,0.4456,0.3471,0.2073
1529688000,0.6236,61.7,0.5045,113.9,0.00194,0.4367,0.3533,0.2101
1529688300,0.729,61.8,0.5092,120.6,0.00165,0.4739,0.331,0.195
1529688600,0.7362,67.9,0.5131,122.6,0.00131,0.4752,0.3312,0.1936
1529688900,0.7218,68.1,0.5213,116.8,0.00166,0.4678,0.3378,0.1944
1529689200,0.7611,71.0,0.5231,126.0,0.00214,0.4804,0.3302,0.1894
1529689500,0.7697,65.5,0.5268,136.3,0.00223,0.4821,0.33,0.1879
1529689800,0.7617,66.3,0.5278,124.3,0.0033,0.4792,0.3321,0.1887
1529690100,0.7739,72.2,0.5263,134.3,0.00286,0.4836,0.3289,0.1875
1529690400,0.7763,67.1,0.5266,124.0,0.00366,0.4843,0.3285,0.1872
1529690700,0.7787,68.6,0.5228,133.7,0.00361,0.4862,0.3264,0.1873
1529691000,0.757,72.7,0.5223,126.4,0.00312,0.4793,0.3307,0.19
1529691300,0.7459,67.1,0.5225,127.1,0.00117,0.4756,0.3331,0.1913
1529691600,0.7333,64.2,0.5237,123.6,0.00179,0.471,0.3364,0.1927
1529691900,0.8162,69.5,0.5292,138.2,0.00639,0.496,0.3216,0.1823
1529692200,0.7481,68.4,0.5288,109.9,0.00133,0.4744,0.3353,0.1902
1529692500,0.6935,59.5,0.53,110.8,0.00181,0.4552,0.3479,0.1969
1529692800,0.6721,61.3,0.5224,119.7,0.00119,0.4497,0.3495,0.2007
1529693100,0.6812,63.7,0.5224,105.9,0.00198,0.453,0.3474,0.1995
1529693400,0.661,65.2,0.5227,112.9,0.00153,0.4455,0.3523,0.2022
1529693700,0.6903,65.3,0.5214,118.7,0.00161,0.4566,0.3449,0.1985
1529694000,0.709,62.5,0.5223,115.9,0.00129,0.463,0.3411,0.1959
1529694300,0.7148,68.6,0.5287,117.4,0.00197,0.4631,0.3425,0.1944
1529694600,0.7529,66.8,0.5313,127.5,0.00177,0.4753,0.3354,0.1894
1529694900,0.7346,62.7,0.5354,129.8,0.00102,0.4679,0.341,0.1911
1529695200,0.7611,67.8,0.5391,121.1,0.00173,0.4756,0.3369,0.1875
1529695500,0.8299,77.4,0.5404,132.9,0.00501,0.4969,0.3235,0.1796
1529695800,0.7178,65.7,0.5416,117.5,0.00143,0.4603,0.3473,0.1924
1529696100,0.7169,65.2,0.5411,107.2,0.001,0.4601,0.3473,0.1926
1529696400,0.7522,72.6,0.5418,126.6,0.0016,0.4719,0.3399,0.1882
1529696700,0.735,62.2,0.5428,129.4,0.00113,0.4658,0.344,0.1901
1529697000,0.7295,62.2,0.5443,129.2,0.00142,0.4635,0.3459,0.1906
1529697300,0.7803,64.8,0.5472,124.1,0.00335,0.4794,0.3362,0.1843
1529697600,0.6848,64.1,0.5472,111.0,0.0016,0.447,0.3572,0.1958
1529697900,0.7265,66.4,0.5428,122.9,0.00173,0.4629,0.3459,0.1912
1529698200,0.712,69.5,0.5377,126.2,0.00157,0.4594,0.347,0.1936
1529698500,0.6327,60.0,0.5332,114.2,0.00229,0.4316,0.3637,0.2047
1529698800,0.5909,55.2,0.5264,110.8,0.00173,0.4169,0.3714,0.2117
1529699100,0.6858,63.0,0.526,125.4,0.00208,0.4536,0.3479,0.1984
1529699400,0.6308,59.5,0.5269,108.6,0.00144,0.4327,0.3615,0.2058
1529699700,0.6492,55.4,0.5291,113.6,0.00139,0.4392,0.3579,0.2029
1529700000,0.6583,69.2,0.5235,125.6,0.00168,0.4443,0.3533,0.2025
1529700300,0.6407,61.4,0.5246,112.9,0.00249,0.4372,0.358,0.2047
1529700600,0.5864,56.7,0.5221,101.0,0.00197,0.4163,0.3707,0.213
1529700900,0.6111,59.6,0.5202,107.1,0.00236,0.427,0.3634,0.2096
1529701200,0.5816,57.8,0.5149,102.5,0.00105,0.4165,0.3687,0.2148
1529701500,0.5705,54.5,0.5119,109.2,0.00195,0.4127,0.3703,0.217
1529701800,0.5501,51.6,0.5121,99.6,0.00178,0.4038,0.3759,0.2202
1529702100,0.5614,56.1,0.51,107.8,0.00133,0.4094,0.3719,0.2188
1529702400,0.5349,53.6,0.5076,99.1,0.00113,0.3984,0.3781,0.2235
1529702700,0.6209,56.0,0.4951,99.3,0.0011,0.4385,0.3496,0.2119
1529703000,0.5485,57.7,0.4972,106.7,0.0013,0.4076,0.3695,0.2229
1529703300,0.5192,52.2,0.5022,102.8,0.00101,0.3929,0.3801,0.227
1529703600,0.5815,57.9,0.4991,111.3,0.00104,0.4212,0.3615,0.2173
1529703900,0.5226,55.8,0.498,98.2,0.00152,0.3957,0.3771,0.2272
1529704200,0.4879,49.2,0.4968,94.1,0.00257,0.3798,0.3867,0.2335
1529704500,0.521,52.4,0.4938,104.5,0.00212,0.3963,0.3756,0.2282
1529704800,0.5089,53.1,0.494,110.0,0.00172,0.3906,0.3792,0.2303
1529705100,0.5023,48.0,0.4982,100.3,0.00131,0.3862,0.3831,0.2307
1529705400,0.4912,49.5,0.496,101.7,0.00166,0.3816,0.3853,0.2331
1529705700,0.4833,49.2,0.491,96.4,0.00241,0.3793,0.3853,0.2354
1529706000,0.4637,44.6,0.4912,87.1,0.00272,0.3695,0.3914,0.2391
1529706300,0.5882,63.1,0.4899,114.6,0.0017,0.4268,0.3555,0.2177
1529706600,0.5795,51.3,0.4925,113.4,0.00189,0.4224,0.359,0.2187
1529706900,0.5353,48.6,0.4964,107.8,0.00156,0.402,0.3728,0.2253
1529707200,0.5541,57.7,0.4959,104.3,0.0014,0.4104,0.3673,0.2222
1529707500,0.5806,57.8,0.4961,111.6,0.0016,0.4217,0.3604,0.2179
1529707800,0.5291,49.0,0.4991,108.3,0.00164,0.3984,0.3758,0.2259
1529708100,0.6659,63.4,0.504,126.3,0.00135,0.453,0.3429,0.2041
1529708400,0.7021,68.6,0.5168,126.1,0.00223,0.4622,0.3402,0.1975
1529708700,0.8304,73.0,0.5313,136.8,0.00529,0.4997,0.3197,0.1805
1529709000,0.99,92.1,0.5426,158.0,0.01483,0.5402,0.2961,0.1637
1529709300,0.783,64.6,0.5494,130.6,0.00444,0.4797,0.3366,0.1838
1529709600,0.5998,59.1,0.5467,111.5,0.00149,0.4147,0.3779,0.2074
1529709900,0.6619,64.8,0.5343,120.4,0.00114,0.4424,0.3571,0.2005
1529710200,0.584,58.6,0.5189,116.5,0.0013,0.4163,0.3699,0.2138
1529710500,0.6171,57.6,0.5189,111.1,0.00132,0.4297,0.3614,0.2089
1529710800,0.6136,57.1,0.513,124.0,0.00104,0.4301,0.3596,0.2103
1529711100,0.6078,58.9,0.5121,100.2,0.00144,0.4281,0.3607,0.2113
1529711400,0.6095,60.1,0.512,113.5,0.00121,0.4288,0.3602,0.211
1529711700,0.5661,56.4,0.5065,101.8,0.00132,0.4124,0.369,0.2186
1529712000,0.5343,55.5,0.5021,92.0,0.0022,0.3998,0.3757,0.2245
1529712300,0.4978,46.8,0.5025,98.6,0.00146,0.3828,0.3864,0.2307
1529712600,0.5675,54.0,0.497,98.0,0.0018,0.4159,0.3642,0.2199
1529712900,0.5177,48.4,0.4931,100.8,0.00103,0.3949,0.3762,0.2289
1529713200,0.4667,46.5,0.4959,96.9,0.0013,0.3696,0.3928,0.2376
1529713500,0.5731,58.2,0.4946,114.0,0.00128,0.419,0.3616,0.2193
1529713800,0.5516,53.9,0.4984,96.1,0.00206,0.4086,0.3692,0.2222
1529714100,0.5026,58.0,0.4989,105.7,0.00124,0.3862,0.3833,0.2305
1529714400,0.5924,57.0,0.4916,109.8,0.00202,0.428,0.3552,0.2168
1529714700,0.5603,54.4,0.4923,112.2,0.00209,0.4142,0.364,0.2218
1529715000,0.5582,54.4,0.4943,103.2,0.00221,0.4127,0.3655,0.2218
1529715300,0.6251,56.8,0.4924,104.5,0.00142,0.441,0.3474,0.2116
1529715600,0.5869,55.9,0.4859,101.4,0.00174,0.4275,0.3539,0.2185
1529715900,0.6151,61.4,0.49,103.8,0.00262,0.4378,0.3487,0.2135
1529716200,0.5152,51.4,0.4971,104.4,0.00181,0.3926,0.3788,0.2286
1529716500,0.4951,47.3,0.4985,108.4,0.00137,0.3827,0.3854,0.2319
1529716800,0.4991,47.2,0.494,96.5,0.00143,0.386,0.382,0.232
1529717100,0.5771,54.0,0.4936,111.5,0.00124,0.421,0.3601,0.2189
1529717400,0.4879,49.4,0.4931,89.6,0.00169,0.3809,0.3849,0.2342
1529717700,0.5523,57.2,0.4901,106.3,0.00147,0.4114,0.3651,0.2235
1529718000,0.5497,49.5,0.4871,109.0,0.00132,0.4112,0.3644,0.2244
1529718300,0.5091,49.7,0.4834,92.2,0.00108,0.3939,0.374,0.2321
1529718600,0.4839,49.3,0.4753,97.2,0.00202,0.3843,0.3775,0.2382
1529718900,0.4876,43.6,0.4731,103.1,0.00191,0.3868,0.3753,0.238
1529719200,0.4369,43.1,0.477,76.1,0.00155,0.3599,0.3929,0.2471
1529719500,0.4497,44.4,0.4794,103.0,0.00149,0.3659,0.39,0.2441
1529719800,0.4385,43.3,0.4803,96.0,0.00213,0.3598,0.3941,0.2461
1529720100,0.4338,45.9,0.4808,97.7,0.00145,0.3572,0.3959,0.247
1529720400,0.3909,41.9,0.48,86.6,0.00115,0.3338,0.4099,0.2562
1529720700,0.4637,45.8,0.4716,86.0,0.00138,0.3754,0.3818,0.2429
1529721000,0.4225,45.9,0.4693,95.5,0.0013,0.3545,0.3938,0.2517
1529721300,0.4476,51.5,0.4715,94.3,0.00308,0.3672,0.3868,0.2461
1529721600,0.4485,51.3,0.4655,95.0,0.0019,0.3694,0.3834,0.2471
1529721900,0.5123,45.1,0.4614,107.8,0.00197,0.4022,0.3623,0.2355
1529722200,0.4615,49.0,0.464,100.7,0.00203,0.3766,0.3786,0.2448
1529722500,0.4859,48.5,0.469,110.1,0.0015,0.3872,0.3737,0.2391
1529722800,0.4163,44.6,0.4694,92.6,0.00158,0.3511,0.3959,0.253
1529723100,0.3773,40.2,0.4664,83.6,0.00105,0.3299,0.4078,0.2623
1529723400,0.367,41.0,0.4605,85.6,0.0015,0.3255,0.4084,0.2661
1529723700,0.3802,42.1,0.4619,90.5,0.00114,0.3329,0.4044,0.2627
1529724000,0.3308,36.4,0.4622,89.2,0.00127,0.3027,0.4229,0.2745
1529724300,0.4508,43.9,0.4629,86.3,0.00279,0.3714,0.3814,0.2472
1529724600,0.3541,38.4,0.4697,85.5,0.00187,0.3151,0.418,0.267
1529724900,0.3477,40.0,0.4721,94.4,0.00156,0.3105,0.4216,0.2679
1529725200,0.3737,43.0,0.4669,85.9,0.00128,0.3276,0.4093,0.263
1529725500,0.376,43.9,0.4675,93.2,0.00126,0.3288,0.4088,0.2624
1529725800,0.3518,38.1,0.468,88.1,0.0011,0.3142,0.4179,0.2679
1529726100,0.3696,41.7,0.4679,92.7,0.00207,0.3249,0.4113,0.2637
1529726400,0.3313,41.1,0.4648,78.3,0.00382,0.3023,0.424,0.2737
1529726700,0.3393,42.2,0.4632,79.1,0.0016,0.3078,0.4201,0.2721
1529727000,0.3371,38.4,0.4616,83.8,0.00274,0.3068,0.4201,0.273
1529727300,0.3513,38.9,0.4578,75.9,0.0022,0.3167,0.4128,0.2705
1529727600,0.3187,37.9,0.4578,80.3,0.0034,0.2961,0.4253,0.2787
1529727900,0.4058,40.0,0.4594,92.1,0.0016,0.3483,0.3943,0.2575
1529728200,0.4429,45.4,0.4655,105.0,0.00195,0.3665,0.3852,0.2483
1529728500,0.4811,50.9,0.4659,100.5,0.00108,0.3858,0.3736,0.2406
1529728800,0.4335,47.3,0.4609,97.1,0.00176,0.3629,0.3859,0.2512
1529729100,0.4905,48.5,0.457,106.0,0.00277,0.3932,0.3663,0.2405
1529729400,0.4576,47.7,0.4481,90.0,0.00204,0.3795,0.3717,0.2488
1529729700,0.4625,44.9,0.4461,95.3,0.00182,0.3827,0.3691,0.2482
1529730000,0.484,51.0,0.4386,113.0,0.00153,0.3959,0.3587,0.2454
1529730300,0.4167,43.9,0.4317,91.2,0.00151,0.3629,0.3759,0.2612
1529730600,0.4502,45.7,0.4251,101.7,0.00132,0.3831,0.3617,0.2553
1529730900,0.4308,44.1,0.4266,98.9,0.00108,0.3722,0.3686,0.2592
1529731200,0.411,43.6,0.4296,82.2,0.00236,0.3603,0.3766,0.263
1529731500,0.5146,49.7,0.4278,103.3,0.0011,0.4142,0.3443,0.2415
1529731800,0.403,45.2,0.4313,91.2,0.00196,0.3553,0.3802,0.2645
1529732100,0.4257,43.6,0.4286,94.5,0.00153,0.3688,0.3713,0.2599
1529732400,0.4447,50.9,0.4237,89.9,0.00231,0.3806,0.3626,0.2568
1529732700,0.4201,48.8,0.4214,85.3,0.00187,0.368,0.3692,0.2628
1529733000,0.4137,41.3,0.423,88.5,0.00101,0.3639,0.3721,0.2639
1529733300,0.3995,43.2,0.4236,89.4,0.00254,0.3557,0.3772,0.2671
1529733600,0.405,41.4,0.421,97.6,0.00168,0.3597,0.3739,0.2664
1529733900,0.3767,40.4,0.4206,98.6,0.00205,0.3433,0.3833,0.2734
1529734200,0.3856,48.0,0.4193,96.9,0.00297,0.349,0.3795,0.2715
1529734500,0.3783,40.6,0.4214,93.0,0.00117,0.344,0.3832,0.2728
1529734800,0.308,37.6,0.4234,74.8,0.00153,0.2986,0.4105,0.2909
1529735100,0.4547,48.5,0.4234,93.0,0.00177,0.386,0.3594,0.2546
1529735400,0.3501,36.5,0.4256,86.3,0.0023,0.3255,0.3956,0.2789
1529735700,0.3603,37.7,0.4209,82.2,0.00228,0.3332,0.3893,0.2775
1529736000,0.3455,35.6,0.4134,88.0,0.00245,0.3263,0.3904,0.2833
1529736300,0.3545,37.2,0.4065,89.8,0.00103,0.3341,0.3831,0.2828
1529736600,0.3511,31.0,0.4071,88.3,0.00204,0.3318,0.3847,0.2835
1529736900,0.3726,42.7,0.4105,93.4,0.00105,0.344,0.379,0.277
1529737200,0.3939,48.7,0.41,84.0,0.00188,0.3568,0.3714,0.2718
1529737500,0.3242,38.1,0.4121,88.0,0.00212,0.3128,0.3977,0.2895
1529737800,0.329,33.8,0.4111,78.7,0.00263,0.3163,0.3953,0.2884
1529738100,0.3465,37.3,0.4047,79.0,0.00202,0.3296,0.385,0.2854
1529738400,0.2851,33.6,0.4062,81.7,0.00204,0.2876,0.4098,0.3026
1529738700,0.4218,41.5,0.4025,99.5,0.00104,0.3752,0.358,0.2668
1529739000,0.3147,39.6,0.4049,84.4,0.00196,0.3087,0.3971,0.2942
1529739300,0.3133,39.4,0.4065,81.5,0.00213,0.3072,0.3986,0.2942
1529739600,0.3228,34.1,0.4014,84.1,0.00123,0.3152,0.3919,0.2929
1529739900,0.2758,36.5,0.4032,78.4,0.00159,0.2817,0.4118,0.3064
1529740200,0.2991,40.5,0.4042,73.2,0.0017,0.2981,0.4029,0.299
1529740500,0.3005,41.7,0.3996,72.6,0.0018,0.3005,0.3996,0.3
1529740800,0.2494,41.1,0.3882,74.5,0.00177,0.266,0.414,0.32
1529741100,0.2405,29.1,0.3909,74.5,0.00116,0.2582,0.4197,0.3221
1529741400,0.2442,40.6,0.3918,74.5,0.00194,0.2609,0.4186,0.3205
1529741700,0.2545,31.8,0.3906,79.5,0.00106,0.2693,0.4133,0.3174
1529742000,0.2294,29.3,0.3914,71.6,0.00294,0.2491,0.4251,0.3258
1529742300,0.3204,38.4,0.3995,85.4,0.00156,0.3141,0.3917,0.2941
1529742600,0.2944,33.9,0.4145,78.6,0.00134,0.2918,0.4108,0.2974
1529742900,0.2932,36.7,0.4246,90.3,0.00277,0.2881,0.4172,0.2948
1529743200,0.3178,33.3,0.4274,82.3,0.00357,0.3041,0.4089,0.287
1529743500,0.3351,37.7,0.4263,97.6,0.00334,0.3157,0.4016,0.2826
1529743800,0.3438,42.9,0.4252,86.5,0.00233,0.3216,0.3978,0.2806
1529744100,0.4133,43.8,0.4204,90.0,0.00108,0.3646,0.3708,0.2646
1529744400,0.3715,41.4,0.4209,81.8,0.00153,0.3401,0.3853,0.2746
1529744700,0.3073,37.9,0.4184,72.1,0.00195,0.2996,0.4079,0.2925
1529745000,0.3072,40.0,0.4123,74.8,0.0014,0.3013,0.4044,0.2943
1529745300,0.3,31.0,0.4124,74.7,0.00127,0.2963,0.4073,0.2963
1529745600,0.3016,37.9,0.415,82.5,0.00103,0.2967,0.4082,0.2951
1529745900,0.387,41.3,0.4173,85.5,0.00147,0.3504,0.3779,0.2717
1529746200,0.3472,39.8,0.4176,85.8,0.00129,0.3261,0.3922,0.2817
1529746500,0.3243,40.9,0.4232,90.1,0.00177,0.3096,0.404,0.2864
1529746800,0.3179,33.7,0.4192,81.3,0.00118,0.3065,0.4042,0.2893
1529747100,0.3319,35.2,0.4174,95.7,0.00146,0.3163,0.3978,0.2859
1529747400,0.3638,34.7,0.4178,79.3,0.00134,0.3364,0.3863,0.2774
1529747700,0.4125,42.2,0.4227,90.3,0.0033,0.3634,0.3724,0.2643
1529748000,0.3744,45.2,0.4264,84.2,0.00128,0.3401,0.3874,0.2725
1529748300,0.3979,42.5,0.4265,95.4,0.00221,0.3539,0.3793,0.2668
1529748600,0.409,39.6,0.4247,77.5,0.00163,0.3608,0.3746,0.2646
1529748900,0.3655,39.1,0.4275,77.9,0.00109,0.3344,0.3911,0.2745
1529749200,0.3243,33.2,0.4293,81.8,0.00111,0.3078,0.4075,0.2847
1529749500,0.4439,42.7,0.4272,103.7,0.0017,0.379,0.3648,0.2562
1529749800,0.4083,44.7,0.4342,92.2,0.00193,0.3574,0.38,0.2626
1529750100,0.4152,40.5,0.4358,83.4,0.00137,0.3607,0.3786,0.2606
1529750400,0.422,47.9,0.4333,85.0,0.00127,0.3653,0.3751,0.2597
1529750700,0.4223,44.3,0.4315,102.3,0.00118,0.366,0.374,0.26
1529751000,0.4241,44.9,0.4303,88.7,0.00193,0.3674,0.3727,0.2599
1529751300,0.4393,44.9,0.4294,88.3,0.0016,0.3759,0.3674,0.2567
1529751600,0.4305,47.5,0.4268,101.9,0.0017,0.372,0.3688,0.2592
1529751900,0.4401,48.2,0.4282,100.1,0.00111,0.3767,0.3665,0.2568
1529752200,0.4435,47.1,0.4298,102.0,0.00207,0.378,0.3663,0.2557
1529752500,0.5123,52.6,0.4298,95.5,0.00153,0.4124,0.346,0.2415
1529752800,0.4783,47.8,0.4363,88.7,0.00106,0.3938,0.3592,0.247
1529753100,0.6051,59.0,0.4448,111.3,0.00169,0.4483,0.3295,0.2222
1529753400,0.4743,47.2,0.4515,99.4,0.00258,0.3869,0.3683,0.2447
1529753700,0.4426,46.0,0.4539,96.4,0.00156,0.3699,0.3794,0.2507
1529754000,0.4493,45.6,0.4501,103.8,0.0014,0.3746,0.3753,0.2501
1529754300,0.4764,47.0,0.4508,87.2,0.00108,0.3882,0.3673,0.2445
1529754600,0.4669,45.6,0.4513,101.8,0.0023,0.3833,0.3705,0.2463
1529754900,0.4999,51.4,0.4483,93.4,0.00122,0.4005,0.3592,0.2403
1529755200,0.5435,57.0,0.4449,109.5,0.00131,0.4218,0.3453,0.2328
1529755500,0.5582,57.6,0.4413,103.0,0.00204,0.4295,0.3396,0.2309
1529755800,0.5655,50.8,0.4421,101.7,0.00112,0.4325,0.3381,0.2294
1529756100,0.5313,56.1,0.4414,99.5,0.00154,0.4175,0.3468,0.2357
1529756400,0.5382,51.7,0.4445,95.1,0.0015,0.4196,0.3465,0.2339
1529756700,0.6187,60.1,0.4486,112.1,0.00189,0.4525,0.3281,0.2194
1529757000,0.5949,53.9,0.4541,104.9,0.00109,0.441,0.3366,0.2224
1529757300,0.613,58.3,0.4601,116.0,0.00181,0.4464,0.3351,0.2185
1529757600,0.6424,60.9,0.4602,118.1,0.0016,0.458,0.3281,0.2139
1529757900,0.6558,56.5,0.4581,125.7,0.0013,0.4638,0.324,0.2122
1529758200,0.6489,62.2,0.4553,117.1,0.00123,0.4621,0.3242,0.2136
1529758500,0.6834,66.9,0.456,121.5,0.00142,0.4748,0.3168,0.2084
1529758800,0.6651,61.0,0.4553,124.9,0.00127,0.4682,0.3205,0.2112
1529759100,0.6937,67.6,0.4526,115.6,0.00245,0.4796,0.3129,0.2074
1529759400,0.6973,63.2,0.4587,110.8,0.0024,0.4789,0.315,0.206
1529759700,0.7022,66.7,0.4631,121.4,0.00169,0.4792,0.316,0.2047
1529760000,0.7256,59.1,0.4616,114.2,0.00165,0.4879,0.3104,0.2017
1529760300,0.8393,81.0,0.4666,152.5,0.00706,0.5226,0.2906,0.1868
1529760600,0.7327,70.8,0.4742,132.2,0.0016,0.4862,0.3147,0.1991
1529760900,0.6931,62.7,0.4815,132.3,0.00133,0.47,0.3265,0.2034
1529761200,0.7321,60.3,0.4859,123.8,0.00293,0.4823,0.3201,0.1976
1529761500,0.7327,67.2,0.4858,126.8,0.00189,0.4825,0.3199,0.1976
1529761800,0.6815,58.4,0.4864,115.4,0.00245,0.4643,0.3314,0.2044
1529762100,0.742,68.3,0.4867,129.9,0.00306,0.4854,0.3184,0.1962
1529762400,0.7113,66.0,0.4823,113.9,0.00205,0.4762,0.3229,0.2009
1529762700,0.7227,62.8,0.4783,107.1,0.00112,0.4815,0.3187,0.1999
1529763000,0.7293,69.4,0.4797,118.4,0.00232,0.4833,0.3179,0.1988
1529763300,0.7051,66.8,0.4832,111.8,0.00125,0.4738,0.3247,0.2016
1529763600,0.6704,64.9,0.4886,125.9,0.00157,0.4595,0.3349,0.2056
1529763900,0.7819,69.8,0.4925,140.4,0.00446,0.4966,0.3128,0.1905
1529764200,0.7186,61.1,0.5015,113.5,0.00213,0.4727,0.3299,0.1974
1529764500,0.6964,66.7,0.503,127.4,0.00102,0.4645,0.3355,0.2001
1529764800,0.6809,61.9,0.4954,123.8,0.00173,0.4612,0.3356,0.2032
1529765100,0.6499,56.3,0.4912,105.6,0.00128,0.451,0.3409,0.2082
1529765400,0.6275,63.0,0.4894,110.4,0.00115,0.4429,0.3454,0.2117
1529765700,0.6519,66.9,0.4883,111.7,0.00117,0.4526,0.3391,0.2083
1529766000,0.624,58.6,0.484,116.9,0.00122,0.4432,0.3437,0.2131
1529766300,0.6543,67.3,0.4839,108.1,0.00262,0.4549,0.3365,0.2086
1529766600,0.6986,64.2,0.4876,119.3,0.00113,0.4701,0.3281,0.2019
1529766900,0.6408,58.7,0.4887,110.0,0.00262,0.4483,0.3419,0.2099
1529767200,0.6648,59.6,0.4924,119.3,0.00156,0.4562,0.3379,0.2059
1529767500,0.7791,74.4,0.4962,127.9,0.00281,0.4946,0.315,0.1904
1529767800,0.7421,64.6,0.4982,121.4,0.00111,0.4818,0.3234,0.1948
1529768100,0.6849,65.1,0.4871,117.2,0.00197,0.4653,0.3309,0.2038
1529768400,0.6596,59.5,0.4876,128.2,0.00111,0.4558,0.3369,0.2073
1529768700,0.5894,54.9,0.4898,106.4,0.00193,0.4273,0.3551,0.2175
1529769000,0.6246,61.8,0.4874,106.2,0.00197,0.4424,0.3452,0.2125
1529769300,0.6664,60.5,0.482,120.1,0.00142,0.4601,0.3328,0.2071
1529769600,0.6376,58.4,0.4794,112.9,0.00191,0.45,0.3383,0.2117
1529769900,0.6527,64.1,0.4777,106.8,0.00106,0.4563,0.334,0.2097
1529770200,0.667,66.5,0.4817,130.1,0.00206,0.4604,0.3325,0.2071
1529770500,0.6371,61.5,0.4859,111.6,0.0013,0.4477,0.3415,0.2108
1529770800,0.6541,58.8,0.4882,113.1,0.00172,0.4535,0.3385,0.208
1529771100,0.7028,62.7,0.4907,121.2,0.00241,0.4706,0.3286,0.2009
1529771400,0.6816,63.0,0.4937,128.5,0.00155,0.462,0.3346,0.2033
1529771700,0.6474,61.3,0.4908,104.7,0.00202,0.4501,0.3413,0.2086
1529772000,0.6755,59.3,0.4852,119.2,0.00327,0.4624,0.3322,0.2054
1529772300,0.6627,63.6,0.48,128.8,0.00133,0.4593,0.3327,0.2079
1529772600,0.6215,58.8,0.4758,112.9,0.00184,0.4448,0.3405,0.2147
1529772900,0.6142,52.8,0.4765,104.0,0.0027,0.4416,0.3426,0.2157
1529773200,0.5914,53.6,0.4763,105.4,0.00246,0.4324,0.3482,0.2193
1529773500,0.593,55.0,0.4758,110.5,0.00221,0.4332,0.3476,0.2192
1529773800,0.5855,55.8,0.4707,116.5,0.00264,0.4317,0.3471,0.2212
1529774100,0.5655,60.3,0.4683,104.5,0.00302,0.424,0.3511,0.2249
1529774400,0.5492,54.2,0.4636,109.9,0.00148,0.4183,0.3531,0.2285
1529774700,0.6863,60.5,0.4671,110.0,0.00162,0.4722,0.3214,0.2064
1529775000,0.6509,61.2,0.4749,106.4,0.00133,0.4565,0.3331,0.2104
1529775300,0.627,57.8,0.4794,109.8,0.00149,0.4458,0.3409,0.2133
1529775600,0.6135,58.9,0.4795,120.0,0.00167,0.4404,0.3442,0.2154
1529775900,0.599,58.7,0.4686,110.3,0.00161,0.438,0.3426,0.2194
1529776200,0.5596,57.8,0.4694,107.7,0.00122,0.4211,0.3532,0.2257
1529776500,0.6175,58.2,0.4716,113.4,0.00181,0.4445,0.3395,0.216
1529776800,0.6082,62.5,0.4721,117.5,0.00275,0.4406,0.342,0.2173
1529777100,0.6052,60.1,0.4701,106.9,0.00154,0.44,0.3418,0.2181
1529777400,0.6076,55.4,0.472,114.9,0.00113,0.4404,0.3421,0.2175
1529777700,0.5787,62.1,0.471,102.9,0.00152,0.4288,0.349,0.2223
1529778000,0.5515,54.6,0.4736,117.0,0.00201,0.4162,0.3574,0.2264
1529778300,0.6571,58.5,0.4731,110.9,0.00211,0.4594,0.3308,0.2098
1529778600,0.6422,64.9,0.4798,108.9,0.00115,0.4516,0.3374,0.211
1529778900,0.5807,61.9,0.4833,111.4,0.00215,0.4257,0.3543,0.2199
1529779200,0.5863,55.9,0.4776,109.1,0.00133,0.4299,0.3502,0.22
1529779500,0.5954,55.2,0.4754,111.5,0.00165,0.4343,0.3468,0.2189
1529779800,0.5836,55.3,0.4753,109.7,0.00142,0.4295,0.3498,0.2208
1529780100,0.6118,60.0,0.4756,104.6,0.00108,0.441,0.3428,0.2162
1529780400,0.5981,60.7,0.4698,119.5,0.00221,0.4372,0.3434,0.2193
1529780700,0.5887,57.9,0.4653,114.2,0.00282,0.4348,0.3436,0.2216
1529781000,0.5959,57.0,0.4691,117.7,0.00163,0.4366,0.3437,0.2198
1529781300,0.5821,60.2,0.4798,105.0,0.00193,0.4274,0.3523,0.2203
1529781600,0.5461,52.3,0.49,107.1,0.00184,0.4087,0.3667,0.2245
1529781900,0.625,61.8,0.4899,113.7,0.00226,0.4417,0.3462,0.212
1529782200,0.6102,56.8,0.4935,117.8,0.002,0.4347,0.3516,0.2137
1529782500,0.6003,58.3,0.4911,117.0,0.0013,0.4314,0.353,0.2156
1529782800,0.6294,58.7,0.4982,114.1,0.00187,0.4409,0.349,0.2101
1529783100,0.5684,54.6,0.5118,97.7,0.00273,0.4118,0.3708,0.2174
1529783400,0.5517,52.5,0.5128,115.8,0.0012,0.4043,0.3758,0.2199
1529783700,0.6044,61.3,0.5113,113.8,0.00189,0.4269,0.3612,0.2119
1529784000,0.5684,52.6,0.511,103.2,0.00151,0.4121,0.3705,0.2175
1529784300,0.5791,53.3,0.5189,110.3,0.00126,0.4142,0.3712,0.2146
1529784600,0.5617,60.7,0.5197,97.1,0.00104,0.4066,0.3762,0.2172
1529784900,0.575,58.2,0.5192,113.8,0.00224,0.4124,0.3724,0.2152
1529785200,0.5086,43.4,0.5218,92.0,0.00183,0.3823,0.3922,0.2255
1529785500,0.5876,54.4,0.5256,107.4,0.00273,0.4158,0.3719,0.2123
1529785800,0.53,46.7,0.5216,104.5,0.00229,0.3921,0.3859,0.222
1529786100,0.5351,49.6,0.5137,109.7,0.00178,0.3967,0.3809,0.2224
1529786400,0.5603,44.8,0.5125,106.7,0.00241,0.4081,0.3733,0.2185
1529786700,0.6198,58.0,0.518,115.8,0.00132,0.4311,0.3603,0.2087
1529787000,0.6485,57.0,0.5336,114.7,0.00109,0.4376,0.36,0.2024
1529787300,0.5659,54.8,0.5359,106.4,0.00149,0.4037,0.3823,0.214
1529787600,0.5351,47.6,0.5134,104.0,0.00118,0.3968,0.3807,0.2225
1529787900,0.5257,52.0,0.5006,101.4,0.00239,0.3964,0.3774,0.2262
1529788200,0.5408,51.6,0.5059,94.0,0.00199,0.4016,0.3757,0.2228
1529788500,0.4417,50.4,0.512,89.6,0.0015,0.3523,0.4084,0.2393
1529788800,0.4543,51.0,0.5168,96.9,0.00103,0.3574,0.4066,0.236
1529789100,0.5611,56.6,0.5217,104.6,0.00169,0.4058,0.3773,0.217
1529789400,0.5452,52.2,0.5036,103.6,0.00232,0.4042,0.3734,0.2224
1529789700,0.5482,59.3,0.5075,102.9,0.00222,0.4044,0.3743,0.2213
1529790000,0.5225,46.9,0.5085,97.1,0.00136,0.3926,0.382,0.2254
1529790300,0.4913,45.2,0.5065,96.2,0.00151,0.3786,0.3903,0.2312
1529790600,0.4643,47.2,0.5044,94.6,0.00162,0.366,0.3976,0.2365
1529790900,0.5151,57.8,0.5,101.5,0.00105,0.3917,0.3802,0.2281
1529791200,0.4795,48.0,0.4937,100.3,0.00111,0.3766,0.3878,0.2356
1529791500,0.4951,49.1,0.4935,98.4,0.00284,0.3842,0.383,0.2328
1529791800,0.5269,47.6,0.4874,96.5,0.00187,0.4009,0.3708,0.2283
1529792100,0.4603,50.1,0.4827,87.6,0.00122,0.3703,0.3883,0.2414
1529792400,0.4687,50.7,0.4812,112.5,0.00112,0.375,0.385,0.24
1529792700,0.5713,57.4,0.4781,100.4,0.00175,0.4234,0.3543,0.2223
1529793000,0.5314,50.3,0.4815,100.0,0.00191,0.4048,0.3667,0.2285
1529793300,0.536,50.4,0.4983,106.7,0.0025,0.4017,0.3735,0.2248
1529793600,0.5901,52.4,0.5118,111.2,0.00277,0.4209,0.3651,0.214
1529793900,0.5644,54.8,0.5121,109.6,0.00205,0.41,0.372,0.2179
1529794200,0.5735,51.9,0.485,104.7,0.00248,0.4222,0.357,0.2208
1529794500,0.6219,55.0,0.4794,113.6,0.00164,0.4438,0.3421,0.2141
1529794800,0.5962,55.5,0.4782,110.0,0.00133,0.4338,0.3479,0.2183
1529795100,0.5616,52.8,0.4704,104.3,0.00225,0.4216,0.3532,0.2252
1529795400,0.557,52.4,0.4636,107.2,0.00145,0.4218,0.3511,0.2272
1529795700,0.4936,51.0,0.4675,105.7,0.00123,0.3914,0.3707,0.2379
1529796000,0.4894,49.5,0.4733,98.8,0.00123,0.3876,0.3748,0.2376
1529796300,0.5729,54.2,0.4767,107.2,0.00147,0.4245,0.3532,0.2223
1529796600,0.4961,50.3,0.4716,106.0,0.00151,0.3913,0.372,0.2366
1529796900,0.4679,44.8,0.4721,102.6,0.0032,0.3773,0.3807,0.2419
1529797200,0.4945,49.9,0.4661,109.0,0.00119,0.3923,0.3697,0.238
1529797500,0.5229,52.1,0.4627,91.8,0.00116,0.4067,0.3599,0.2334
1529797800,0.4804,44.1,0.457,103.5,0.00224,0.3882,0.3693,0.2424
1529798100,0.5275,54.9,0.4549,106.4,0.00105,0.4113,0.3547,0.2339
1529798400,0.5122,48.2,0.4568,95.9,0.00286,0.4036,0.36,0.2364
1529798700,0.4838,49.1,0.4546,99.9,0.00198,0.3907,0.3671,0.2422
1529799000,0.4716,51.5,0.4552,103.5,0.00154,0.3844,0.371,0.2445
1529799300,0.4637,50.2,0.4607,91.4,0.00103,0.3787,0.3763,0.245
1529799600,0.4719,48.1,0.4664,99.8,0.0023,0.3811,0.3766,0.2423
1529799900,0.5668,53.6,0.4699,111.9,0.00197,0.424,0.3515,0.2244
1529800200,0.5206,54.3,0.4703,95.6,0.00115,0.4033,0.3643,0.2324
1529800500,0.5095,52.7,0.4652,100.1,0.00149,0.3997,0.3649,0.2353
1529800800,0.5402,51.0,0.4612,105.8,0.00204,0.4151,0.3544,0.2305
1529801100,0.5543,51.4,0.4515,100.7,0.00149,0.4245,0.3458,0.2297
1529801400,0.5354,46.3,0.4508,98.3,0.00108,0.4163,0.3505,0.2332
1529801700,0.5711,55.4,0.4537,106.3,0.00257,0.4311,0.3425,0.2264
1529802000,0.5316,52.0,0.4583,108.0,0.00308,0.4121,0.3553,0.2326
1529802300,0.5407,56.3,0.4557,107.9,0.00157,0.4171,0.3515,0.2314
1529802600,0.5203,52.5,0.4573,96.9,0.00259,0.4072,0.3579,0.2348
1529802900,0.5133,54.9,0.4568,105.2,0.00287,0.4041,0.3597,0.2362
1529803200,0.4792,46.5,0.4545,92.9,0.00213,0.3884,0.3684,0.2432
1529803500,0.5801,59.0,0.4559,98.3,0.0011,0.4342,0.3412,0.2246
1529803800,0.5151,49.5,0.458,99.3,0.00127,0.4046,0.3598,0.2356
1529804100,0.4893,51.6,0.4517,105.7,0.00119,0.3943,0.364,0.2417
1529804400,0.4932,45.1,0.4448,103.3,0.00214,0.3984,0.3593,0.2423
1529804700,0.5103,51.4,0.4405,101.0,0.00141,0.408,0.3522,0.2398
1529805000,0.5032,44.3,0.4419,97.8,0.00113,0.4041,0.3549,0.2409
1529805300,0.5361,51.7,0.443,101.3,0.00176,0.4191,0.3463,0.2345
1529805600,0.4887,50.5,0.443,99.5,0.00161,0.3968,0.3597,0.2436
1529805900,0.4615,45.7,0.4416,89.7,0.00223,0.3836,0.3671,0.2494
1529806200,0.4574,43.9,0.4442,93.7,0.00141,0.3807,0.3697,0.2497
1529806500,0.4598,49.7,0.4419,94.7,0.00124,0.3826,0.3677,0.2496
1529806800,0.4289,44.7,0.4396,84.8,0.00143,0.3671,0.3762,0.2567
1529807100,0.5184,49.8,0.4453,96.8,0.00106,0.4102,0.3524,0.2374
1529807400,0.4441,46.2,0.4478,96.9,0.00108,0.3726,0.3757,0.2517
1529807700,0.4338,53.3,0.4456,93.4,0.00123,0.3678,0.3778,0.2544
1529808000,0.4721,51.5,0.439,95.4,0.00194,0.3898,0.3625,0.2477
1529808300,0.4792,52.0,0.4361,92.5,0.00159,0.3943,0.3588,0.2469
1529808600,0.4509,47.9,0.4382,104.6,0.00195,0.3792,0.3685,0.2523
1529808900,0.4687,48.3,0.4319,91.8,0.00185,0.3904,0.3597,0.2499
1529809200,0.4205,37.2,0.431,93.6,0.00151,0.3652,0.3743,0.2605
1529809500,0.3947,40.6,0.4292,86.5,0.00165,0.3512,0.3819,0.2669
1529809800,0.3757,39.9,0.4265,87.8,0.00167,0.3409,0.387,0.2722
1529810100,0.3884,36.6,0.4275,91.6,0.00168,0.3481,0.3831,0.2688
1529810400,0.3766,37.9,0.4262,79.4,0.00161,0.3415,0.3865,0.272
1529810700,0.4376,39.7,0.4257,93.7,0.00194,0.3762,0.3659,0.2579
1529811000,0.3913,42.3,0.4316,96.3,0.00148,0.3485,0.3844,0.2672
1529811300,0.4106,46.2,0.4351,101.6,0.00103,0.3584,0.3798,0.2618
1529811600,0.4048,46.7,0.4294,89.7,0.00238,0.3569,0.3786,0.2645
1529811900,0.3993,44.2,0.4215,90.2,0.00143,0.3563,0.3761,0.2677
1529812200,0.3733,38.2,0.4231,100.6,0.00318,0.3405,0.3859,0.2736
1529812500,0.3733,35.3,0.4257,94.1,0.0012,0.3397,0.3874,0.273
1529812800,0.3546,34.6,0.4231,81.8,0.0033,0.329,0.3926,0.2784
1529813100,0.363,36.6,0.423,82.6,0.00244,0.3343,0.3895,0.2762
1529813400,0.383,39.1,0.4287,94.0,0.00175,0.3445,0.3856,0.2699
1529813700,0.3661,40.1,0.4313,80.5,0.00353,0.3336,0.393,0.2734
1529814000,0.3438,36.0,0.4287,90.9,0.001,0.3206,0.3997,0.2797
1529814300,0.4157,45.1,0.4307,93.6,0.00163,0.3626,0.3757,0.2617
1529814600,0.4136,43.3,0.4334,94.5,0.00184,0.3606,0.3779,0.2616
1529814900,0.4827,48.8,0.4338,96.7,0.0018,0.3968,0.3566,0.2466
1529815200,0.4651,51.0,0.4345,92.7,0.00204,0.3877,0.3622,0.2501
1529815500,0.4873,45.6,0.4341,107.5,0.00153,0.399,0.3554,0.2456
1529815800,0.4701,49.2,0.4287,95.5,0.00116,0.3921,0.3576,0.2503
1529816100,0.4949,49.6,0.4252,97.0,0.00143,0.4056,0.3485,0.2459
1529816400,0.423,43.6,0.4285,91.8,0.00214,0.3673,0.3721,0.2605
1529816700,0.4478,49.0,0.4333,95.9,0.00257,0.3791,0.3669,0.254
1529817000,0.4425,48.6,0.4335,88.1,0.00105,0.3763,0.3686,0.2551
1529817300,0.4395,42.9,0.4327,90.6,0.00209,0.3749,0.3691,0.2559
1529817600,0.4097,43.1,0.4323,87.3,0.00204,0.3588,0.3785,0.2627
1529817900,0.5164,52.0,0.4345,106.7,0.00197,0.4128,0.3473,0.2398
1529818200,0.4589,46.3,0.436,90.6,0.00222,0.384,0.3649,0.2511
1529818500,0.44,47.6,0.4299,83.5,0.0015,0.3761,0.3675,0.2564
1529818800,0.4507,47.4,0.4266,83.3,0.00204,0.3828,0.3624,0.2548
1529819100,0.4061,48.9,0.4237,81.8,0.00145,0.3594,0.375,0.2655
1529819400,0.3782,36.9,0.417,96.0,0.00202,0.3453,0.3808,0.2739
1529819700,0.4202,44.0,0.416,92.1,0.00261,0.3698,0.3661,0.264
1529820000,0.3696,38.1,0.4156,90.0,0.00181,0.3406,0.383,0.2764
1529820300,0.3604,42.0,0.413,89.3,0.00107,0.3358,0.3848,0.2795
1529820600,0.3857,37.1,0.4151,88.9,0.00226,0.3504,0.3771,0.2725
1529820900,0.3441,40.1,0.4129,84.0,0.00258,0.3255,0.3906,0.2838
1529821200,0.3334,36.4,0.4156,89.6,0.00175,0.3178,0.3962,0.286
1529821500,0.4024,41.0,0.4162,91.1,0.00125,0.3597,0.3721,0.2682
1529821800,0.3545,35.5,0.4203,93.8,0.00324,0.3298,0.391,0.2791
1529822100,0.3495,38.1,0.4276,88.7,0.00207,0.3245,0.397,0.2785
1529822400,0.3533,43.0,0.4249,81.6,0.00271,0.3277,0.3941,0.2782
1529822700,0.3349,38.4,0.4139,80.5,0.00244,0.3193,0.3946,0.286
1529823000,0.3187,39.2,0.4112,77.5,0.00191,0.3094,0.3993,0.2913
1529823300,0.3588,45.1,0.4083,93.2,0.00159,0.3362,0.3826,0.2811
1529823600,0.3199,38.2,0.4091,79.6,0.00116,0.3109,0.3976,0.2915
1529823900,0.3023,34.5,0.4035,75.4,0.00176,0.3006,0.4012,0.2983
1529824200,0.33,39.5,0.4024,84.9,0.00116,0.3196,0.3898,0.2906
1529824500,0.3367,36.9,0.3986,83.1,0.0012,0.3252,0.385,0.2898
1529824800,0.3075,35.0,0.3999,82.5,0.00154,0.3052,0.397,0.2978
1529825100,0.3889,37.7,0.3996,100.2,0.00143,0.3573,0.3671,0.2756
1529825400,0.3472,42.1,0.403,90.2,0.00117,0.3306,0.3837,0.2857
1529825700,0.315,35.9,0.3993,81.7,0.00124,0.3106,0.3937,0.2958
1529826000,0.3377,39.2,0.4009,75.3,0.00187,0.3251,0.386,0.2889
1529826300,0.3313,35.1,0.3967,80.1,0.00179,0.3223,0.3859,0.2918
1529826600,0.3066,37.8,0.397,84.9,0.00402,0.3055,0.3956,0.2989
1529826900,0.3492,37.2,0.4013,77.9,0.00168,0.3324,0.382,0.2856
1529827200,0.2752,33.8,0.3989,90.4,0.00193,0.2825,0.4095,0.308
1529827500,0.2786,37.1,0.3937,77.9,0.0012,0.2865,0.4049,0.3085
1529827800,0.3017,38.5,0.3891,80.5,0.00127,0.3045,0.3927,0.3028
1529828100,0.3025,36.1,0.3938,76.3,0.00156,0.3036,0.3953,0.3011
1529828400,0.2566,27.7,0.3961,78.6,0.0015,0.2693,0.4158,0.3149
1529828700,0.3736,50.1,0.3965,80.4,0.00185,0.3491,0.3705,0.2803
1529829000,0.2863,40.3,0.3997,91.6,0.00106,0.2904,0.4054,0.3043
1529829300,0.2643,35.7,0.4055,84.3,0.00349,0.2725,0.4181,0.3093
1529829600,0.2848,32.7,0.4062,84.4,0.00256,0.2874,0.4099,0.3027
1529829900,0.2859,34.7,0.4058,70.2,0.00116,0.2883,0.4092,0.3025
1529830200,0.2884,33.6,0.417,80.1,0.00217,0.2869,0.4148,0.2984
1529830500,0.3305,41.9,0.4217,90.3,0.00188,0.3141,0.4008,0.2851
1529830800,0.2945,36.4,0.4251,83.0,0.00258,0.2888,0.4169,0.2942
1529831100,0.2833,32.5,0.4241,72.3,0.00233,0.2812,0.421,0.2978
1529831400,0.3155,35.7,0.4249,77.6,0.00163,0.3032,0.4084,0.2884
1529831700,0.3089,40.0,0.4265,78.2,0.00127,0.2983,0.4119,0.2897
1529832000,0.2507,37.3,0.4254,71.4,0.0016,0.2568,0.4358,0.3073
1529832300,0.3191,41.9,0.4272,91.1,0.00159,0.305,0.4083,0.2867
1529832600,0.2946,37.9,0.4324,67.9,0.00118,0.2869,0.421,0.2921
1529832900,0.2767,33.6,0.4355,81.6,0.00124,0.2734,0.4303,0.2964
1529833200,0.2956,26.0,0.4379,71.8,0.00249,0.286,0.4237,0.2903
1529833500,0.3149,37.9,0.4344,75.7,0.00169,0.3001,0.414,0.2859
1529833800,0.3251,37.8,0.4315,70.5,0.00132,0.3077,0.4084,0.2839
1529834100,0.3519,40.1,0.4339,81.9,0.0031,0.3241,0.3996,0.2763
1529834400,0.3531,39.9,0.4302,94.4,0.00149,0.3259,0.3971,0.2769
1529834700,0.3961,38.7,0.4221,91.2,0.00197,0.3542,0.3775,0.2683
1529835000,0.3739,42.8,0.4156,80.2,0.00126,0.3432,0.3815,0.2754
1529835300,0.3374,40.5,0.4159,89.8,0.00154,0.3203,0.3949,0.2848
1529835600,0.2803,36.7,0.4103,85.4,0.00169,0.283,0.4142,0.3028
1529835900,0.367,43.5,0.4108,87.3,0.00205,0.3405,0.3811,0.2783
1529836200,0.3605,42.0,0.4126,98.3,0.00109,0.3359,0.3845,0.2796
1529836500,0.3825,40.5,0.4196,93.2,0.00136,0.3471,0.3807,0.2722
1529836800,0.375,41.0,0.421,91.6,0.00248,0.3422,0.3841,0.2737
1529837100,0.3764,41.6,0.4235,82.8,0.00174,0.3422,0.385,0.2728
1529837400,0.3579,40.4,0.4254,89.6,0.00164,0.3304,0.3927,0.2769
1529837700,0.3933,45.5,0.4179,90.6,0.00143,0.3539,0.3761,0.27
1529838000,0.3689,42.8,0.4223,90.0,0.00227,0.3381,0.387,0.2749
1529838300,0.3714,47.2,0.422,83.0,0.00239,0.3397,0.386,0.2744
1529838600,0.3756,47.9,0.4208,88.3,0.00202,0.3426,0.3838,0.2736
1529838900,0.4234,44.9,0.4223,87.4,0.00101,0.3696,0.3686,0.2618
1529839200,0.3929,31.0,0.4191,76.4,0.00104,0.3533,0.3769,0.2698
1529839500,0.4572,50.7,0.4228,101.7,0.00105,0.3875,0.3583,0.2542
1529839800,0.4075,41.9,0.4283,81.7,0.00131,0.3588,0.3771,0.2641
1529840100,0.4694,45.5,0.4385,97.6,0.00133,0.3886,0.363,0.2484
1529840400,0.4838,47.7,0.4372,100.4,0.00138,0.3962,0.3581,0.2457
1529840700,0.46,45.9,0.4364,98.0,0.00213,0.3845,0.3648,0.2508
1529841000,0.4368,47.4,0.4345,92.0,0.00148,0.3729,0.371,0.2561
1529841300,0.4971,45.1,0.429,101.3,0.00344,0.4054,0.3499,0.2447
1529841600,0.5251,48.5,0.4312,105.3,0.00296,0.418,0.3432,0.2388
1529841900,0.4683,48.8,0.4363,101.2,0.00233,0.3888,0.3622,0.249
1529842200,0.4899,51.2,0.4414,109.4,0.00162,0.3979,0.3585,0.2436
1529842500,0.4774,50.3,0.4437,99.1,0.00301,0.391,0.3634,0.2457
1529842800,0.4827,46.4,0.4464,98.7,0.00129,0.3927,0.3632,0.2441
1529843100,0.602,54.2,0.4516,104.8,0.00183,0.4447,0.3336,0.2216
1529843400,0.5246,50.2,0.4592,105.1,0.00153,0.4086,0.3577,0.2337
1529843700,0.5215,52.2,0.4684,106.2,0.002,0.4043,0.3631,0.2326
1529844000,0.5522,58.1,0.4691,104.1,0.00112,0.4179,0.355,0.227
1529844300,0.5275,45.8,0.4645,106.0,0.0013,0.4083,0.3595,0.2322
1529844600,0.517,50.5,0.4554,99.9,0.0012,0.4063,0.3579,0.2358
1529844900,0.5312,48.2,0.4563,107.1,0.00101,0.4126,0.3544,0.233
1529845200,0.5098,45.7,0.4593,106.5,0.00113,0.4017,0.3619,0.2364
1529845500,0.5162,54.0,0.4609,107.0,0.00274,0.4042,0.3609,0.2349
1529845800,0.5415,54.5,0.4589,104.9,0.00162,0.4164,0.3529,0.2307
1529846100,0.5394,54.1,0.458,97.7,0.00192,0.4158,0.353,0.2312
1529846400,0.5412,55.6,0.4619,100.4,0.00119,0.4153,0.3545,0.2302
1529846700,0.6904,61.9,0.4584,122.6,0.00262,0.4765,0.3164,0.2071
1529847000,0.6569,59.7,0.464,130.4,0.00281,0.4623,0.3266,0.2111
1529847300,0.6175,64.8,0.4794,109.7,0.00308,0.4421,0.3432,0.2148
1529847600,0.6055,56.6,0.4865,113.3,0.00153,0.435,0.3495,0.2155
1529847900,0.6057,59.6,0.4827,107.2,0.00162,0.4363,0.3477,0.2161
1529848200,0.6014,57.1,0.4837,104.3,0.00125,0.4342,0.3492,0.2166
1529848500,0.606,51.9,0.4843,106.5,0.00155,0.4359,0.3483,0.2158
1529848800,0.5794,49.4,0.4719,95.4,0.00168,0.4288,0.3492,0.222
1529849100,0.5709,53.2,0.4731,115.2,0.00277,0.4248,0.352,0.2232
1529849400,0.5747,58.4,0.4765,94.1,0.0025,0.4253,0.3526,0.222
1529849700,0.6011,59.4,0.4728,108.5,0.00181,0.4375,0.3441,0.2184
1529850000,0.6083,60.3,0.4807,103.8,0.00197,0.4379,0.3461,0.216
1529850300,0.7041,61.3,0.4877,115.1,0.00138,0.472,0.3269,0.2011
1529850600,0.6543,65.6,0.4831,123.7,0.00114,0.4552,0.3361,0.2087
1529850900,0.6484,57.5,0.487,116.0,0.00209,0.4517,0.3393,0.209
1529851200,0.6676,62.4,0.4861,111.0,0.00269,0.4592,0.3344,0.2064
1529851500,0.646,60.2,0.4797,111.1,0.00103,0.4531,0.3365,0.2104
1529851800,0.6193,57.8,0.4856,107.3,0.00196,0.4408,0.3456,0.2135
1529852100,0.6744,66.2,0.4868,117.2,0.00193,0.4615,0.3332,0.2053
1529852400,0.6091,55.5,0.4856,111.9,0.00128,0.4367,0.3482,0.2151
1529852700,0.6128,53.8,0.481,122.7,0.00131,0.4397,0.3451,0.2152
1529853000,0.6291,59.1,0.4816,101.4,0.00237,0.4459,0.3414,0.2127
1529853300,0.6091,56.4,0.4772,110.7,0.00249,0.4394,0.3442,0.2164
1529853600,0.5808,65.8,0.4829,106.2,0.00172,0.4259,0.3541,0.22
1529853900,0.6545,62.8,0.489,121.1,0.00118,0.4534,0.3388,0.2078
1529854200,0.6259,57.6,0.4901,114.7,0.00131,0.442,0.3461,0.2119
1529854500,0.6096,54.5,0.4955,114.5,0.0021,0.4338,0.3526,0.2135
1529854800,0.5902,50.7,0.4976,111.1,0.00187,0.4253,0.3586,0.2162
1529855100,0.6276,55.9,0.4978,107.2,0.0011,0.4403,0.3492,0.2105
1529855400,0.5862,56.4,0.4937,115.9,0.0013,0.4248,0.3578,0.2174
1529855700,0.6292,63.3,0.4915,117.7,0.00133,0.4429,0.346,0.2112
1529856000,0.604,60.6,0.4909,115.9,0.00247,0.433,0.3519,0.2151
1529856300,0.6335,60.0,0.4936,120.9,0.00116,0.4439,0.3459,0.2102
1529856600,0.6566,60.0,0.4974,118.2,0.00125,0.4516,0.3421,0.2063
1529856900,0.5901,57.1,0.4903,117.9,0.00146,0.4275,0.3552,0.2173
1529857200,0.5656,53.0,0.4959,108.8,0.00192,0.4154,0.3642,0.2203
1529857500,0.6737,67.3,0.5094,116.1,0.00227,0.4543,0.3435,0.2023
1529857800,0.7288,65.4,0.5248,123.0,0.00123,0.4691,0.3378,0.1931
1529858100,0.7221,65.3,0.5283,122.2,0.00297,0.4658,0.3408,0.1935
1529858400,0.6692,55.2,0.5253,113.8,0.00182,0.4478,0.3515,0.2007
1529858700,0.6518,60.0,0.5125,125.0,0.00217,0.4451,0.35,0.2049
1529859000,0.6024,59.7,0.5147,112.0,0.00258,0.4251,0.3632,0.2117
1529859300,0.6344,56.2,0.5165,114.0,0.00105,0.4372,0.356,0.2068
1529859600,0.6373,57.4,0.5058,116.1,0.00168,0.4416,0.3505,0.2079
1529859900,0.6245,61.1,0.5013,130.3,0.00151,0.438,0.3516,0.2104
1529860200,0.5522,49.2,0.5027,98.4,0.00119,0.4076,0.371,0.2214
1529860500,0.5348,55.6,0.4895,98.4,0.00186,0.4038,0.3696,0.2265
1529860800,0.5351,50.9,0.4946,95.2,0.00166,0.4024,0.372,0.2256
1529861100,0.6384,58.5,0.5043,112.4,0.00145,0.4425,0.3496,0.2079
1529861400,0.563,51.0,0.5104,107.8,0.00193,0.4099,0.3716,0.2184
1529861700,0.5502,54.6,0.5048,102.2,0.00132,0.4061,0.3725,0.2214
1529862000,0.5497,60.9,0.4995,101.7,0.00107,0.4074,0.3702,0.2224
1529862300,0.5721,57.4,0.5016,108.1,0.00167,0.4165,0.3651,0.2184
1529862600,0.5178,48.7,0.5006,98.8,0.00117,0.3927,0.3797,0.2275
1529862900,0.5456,56.6,0.5014,106.4,0.0013,0.405,0.3722,0.2227
1529863200,0.5454,52.2,0.502,111.2,0.00176,0.4048,0.3726,0.2227
1529863500,0.5398,56.9,0.5029,108.0,0.00177,0.402,0.3745,0.2234
1529863800,0.5379,55.1,0.5038,109.1,0.00367,0.4009,0.3755,0.2236
1529864100,0.5111,41.9,0.5021,107.6,0.0012,0.3892,0.3823,0.2284
1529864400,0.5033,47.2,0.5047,102.0,0.00237,0.3848,0.3859,0.2294
1529864700,0.5443,55.9,0.4997,103.5,0.00268,0.405,0.3718,0.2232
1529865000,0.5224,52.0,0.5003,97.6,0.00118,0.3949,0.3782,0.2268
1529865300,0.5385,49.6,0.5044,101.5,0.00137,0.401,0.3756,0.2234
1529865600,0.5291,50.1,0.4982,99.8,0.0011,0.3986,0.3753,0.226
1529865900,0.5474,47.6,0.4964,109.1,0.00261,0.4074,0.3694,0.2232
1529866200,0.5638,54.2,0.4958,108.5,0.00255,0.4147,0.3647,0.2207
1529866500,0.5812,62.3,0.4919,112.3,0.00105,0.4233,0.3582,0.2185
1529866800,0.5481,55.8,0.5045,97.8,0.00142,0.4052,0.373,0.2218
1529867100,0.5743,61.8,0.5264,116.0,0.00289,0.41,0.3758,0.2142
1529867400,0.5208,54.1,0.5168,99.5,0.00124,0.3894,0.3864,0.2243
1529867700,0.5003,53.1,0.5207,93.4,0.00295,0.3787,0.3942,0.2271
1529868000,0.4902,55.2,0.5139,96.4,0.00148,0.3759,0.3941,0.23
1529868300,0.5748,56.4,0.5043,122.4,0.00291,0.4168,0.3657,0.2175
1529868600,0.5291,51.5,0.4898,100.6,0.00151,0.4012,0.3714,0.2275
1529868900,0.51,53.8,0.4779,99.0,0.00156,0.396,0.3711,0.2329
1529869200,0.5111,55.1,0.4695,100.0,0.00151,0.3991,0.3666,0.2343
1529869500,0.5147,49.6,0.4809,100.6,0.00158,0.3973,0.3712,0.2316
1529869800,0.5913,54.2,0.4897,104.4,0.00269,0.4282,0.3546,0.2172
1529870100,0.5942,57.0,0.4951,110.3,0.00114,0.4277,0.3564,0.2159
1529870400,0.4903,51.8,0.4982,105.5,0.00134,0.3805,0.3867,0.2328
1529870700,0.4852,51.4,0.4856,100.4,0.00125,0.3818,0.3821,0.2361
1529871000,0.4902,45.0,0.479,92.4,0.00262,0.3862,0.3774,0.2364
1529871300,0.4424,51.7,0.4816,92.2,0.00186,0.3614,0.3935,0.2451
1529871600,0.4265,42.9,0.4758,89.3,0.00245,0.3547,0.3957,0.2495
1529871900,0.4889,48.4,0.4783,99.2,0.00131,0.3858,0.3774,0.2367
1529872200,0.4547,44.1,0.4799,103.5,0.00104,0.3683,0.3887,0.243
1529872500,0.4637,55.6,0.4804,95.5,0.00142,0.3727,0.3861,0.2411
1529872800,0.4721,48.8,0.4766,96.7,0.00207,0.3781,0.3817,0.2402
1529873100,0.4594,44.6,0.4699,106.6,0.00125,0.3737,0.3823,0.244
1529873400,0.4366,48.2,0.4676,98.9,0.00237,0.3626,0.3883,0.2491
1529873700,0.4669,50.0,0.4627,100.1,0.00137,0.3797,0.3763,0.244
1529874000,0.4295,44.5,0.4668,104.7,0.00341,0.359,0.3902,0.2508
1529874300,0.4145,46.5,0.4738,94.4,0.00188,0.3488,0.3987,0.2525
1529874600,0.4328,42.8,0.4707,81.4,0.00227,0.3596,0.3911,0.2493
1529874900,0.3929,41.0,0.4639,94.3,0.00186,0.3396,0.401,0.2593
1529875200,0.3944,36.6,0.4834,79.9,0.0019,0.3349,0.4104,0.2547
1529875500,0.5323,48.3,0.4912,105.9,0.00133,0.4022,0.3711,0.2267
1529875800,0.4878,54.6,0.487,88.5,0.00154,0.3826,0.382,0.2353
1529876100,0.4581,52.0,0.4677,93.0,0.0021,0.3737,0.3815,0.2447
1529876400,0.4482,46.6,0.4464,92.6,0.0015,0.3752,0.3737,0.2511
1529876700,0.4135,48.9,0.4308,86.7,0.00179,0.3614,0.3765,0.2622
1529877000,0.3886,41.7,0.4332,86.8,0.00216,0.3464,0.3862,0.2674
1529877300,0.4106,43.0,0.4421,97.3,0.00276,0.3562,0.3835,0.2603
1529877600,0.398,43.0,0.4497,85.5,0.00211,0.3468,0.3918,0.2614
1529877900,0.39,41.9,0.4537,92.3,0.00141,0.341,0.3967,0.2623
1529878200,0.4187,43.7,0.4587,86.1,0.00196,0.3556,0.3896,0.2548
1529878500,0.4044,46.7,0.4625,89.3,0.002,0.3466,0.3963,0.2571
1529878800,0.3566,40.4,0.4642,87.6,0.00136,0.3182,0.4142,0.2677
1529879100,0.4703,50.1,0.4629,91.1,0.00108,0.3814,0.3754,0.2433
1529879400,0.4046,46.4,0.4554,82.6,0.00215,0.3488,0.3926,0.2586
1529879700,0.4613,48.5,0.4578,99.1,0.00135,0.3784,0.3755,0.2461
1529880000,0.4646,44.6,0.4599,103.2,0.00113,0.3794,0.3756,0.245
1529880300,0.4496,42.4,0.46,94.5,0.00121,0.3717,0.3803,0.248
1529880600,0.4189,44.8,0.4658,89.1,0.00186,0.3536,0.3932,0.2532
1529880900,0.4494,45.9,0.4641,95.9,0.00172,0.3703,0.3824,0.2472
1529881200,0.4451,46.4,0.4644,94.8,0.00212,0.368,0.384,0.248
1529881500,0.422,44.5,0.4538,93.7,0.00155,0.3589,0.3859,0.2551
1529881800,0.3982,50.6,0.4496,74.7,0.00218,0.3469,0.3917,0.2614
1529882100,0.3365,34.6,0.4427,77.2,0.00161,0.3118,0.4102,0.278
1529882400,0.2876,29.2,0.4424,73.7,0.00255,0.2792,0.4295,0.2913
1529882700,0.4079,44.6,0.4482,91.7,0.00153,0.3528,0.3877,0.2595
1529883000,0.4058,42.3,0.4542,91.7,0.00152,0.3498,0.3916,0.2586
1529883300,0.3878,43.1,0.4566,92.6,0.00142,0.3389,0.399,0.2621
1529883600,0.3886,44.0,0.4504,90.4,0.00114,0.3412,0.3954,0.2634
1529883900,0.3817,45.6,0.4535,80.4,0.00194,0.3362,0.3995,0.2643
1529884200,0.3927,38.0,0.4565,98.0,0.00235,0.3417,0.3972,0.2611
1529884500,0.4106,42.1,0.4547,98.7,0.0011,0.3524,0.3902,0.2574
1529884800,0.4075,44.8,0.4489,83.2,0.00188,0.3524,0.3882,0.2594
1529885100,0.412,46.2,0.447,93.2,0.00146,0.3555,0.3857,0.2588
1529885400,0.4479,52.9,0.4485,91.2,0.00174,0.3744,0.3749,0.2508
1529885700,0.4294,47.9,0.4437,93.8,0.00195,0.366,0.3782,0.2557
1529886000,0.4084,43.4,0.4481,97.2,0.00138,0.3531,0.3875,0.2594
1529886300,0.5133,48.3,0.4536,114.1,0.00167,0.4052,0.358,0.2368
1529886600,0.4744,46.5,0.4544,101.9,0.00191,0.3861,0.3698,0.2441
1529886900,0.4343,43.6,0.4577,95.2,0.00181,0.3643,0.384,0.2517
1529887200,0.4891,51.2,0.4488,96.9,0.00111,0.3951,0.3625,0.2423
1529887500,0.4982,50.6,0.4434,100.9,0.00225,0.4013,0.3571,0.2416
1529887800,0.5006,46.1,0.4404,108.2,0.00185,0.4034,0.3549,0.2417
1529888100,0.5116,49.5,0.4414,100.9,0.00273,0.4083,0.3523,0.2394
1529888400,0.4633,50.1,0.4368,91.0,0.00115,0.3861,0.364,0.25
1529888700,0.4229,45.7,0.4393,82.6,0.00286,0.3639,0.378,0.2581
1529889000,0.4173,45.9,0.443,94.8,0.00153,0.3596,0.3818,0.2586
1529889300,0.4162,45.3,0.4429,93.1,0.00422,0.3591,0.3821,0.2588
1529889600,0.3904,47.2,0.4391,85.2,0.00133,0.3456,0.3888,0.2656
1529889900,0.4807,49.4,0.4432,104.2,0.00124,0.3928,0.3621,0.2451
1529890200,0.4709,46.8,0.4438,94.6,0.00316,0.3877,0.3654,0.247
1529890500,0.4378,42.9,0.4402,93.0,0.00143,0.3716,0.3737,0.2547
1529890800,0.4289,45.8,0.432,92.8,0.00117,0.3695,0.3721,0.2584
1529891100,0.4393,38.4,0.4329,91.8,0.00141,0.3748,0.3693,0.2559
1529891400,0.4389,45.2,0.4338,95.3,0.00114,0.3743,0.3699,0.2558
1529891700,0.4513,46.0,0.4334,102.0,0.00107,0.3809,0.3658,0.2532
1529892000,0.4006,38.9,0.4309,83.2,0.00118,0.354,0.3808,0.2651
1529892300,0.3833,39.0,0.4293,91.3,0.00309,0.3445,0.3859,0.2696
1529892600,0.3888,44.6,0.4278,89.9,0.00137,0.3482,0.3831,0.2687
1529892900,0.3794,42.3,0.4287,88.9,0.00117,0.3424,0.3869,0.2707
1529893200,0.3598,40.5,0.4322,91.2,0.0014,0.3295,0.3958,0.2747
1529893500,0.4034,44.2,0.4254,90.6,0.00178,0.3574,0.3769,0.2658
1529893800,0.3601,40.5,0.4288,88.9,0.00118,0.3307,0.3938,0.2755
1529894100,0.3821,45.5,0.4281,92.5,0.00128,0.3442,0.3856,0.2702
1529894400,0.3934,42.9,0.423,86.3,0.00293,0.3524,0.3789,0.2687
1529894700,0.3808,37.3,0.4212,89.9,0.00124,0.3456,0.3822,0.2722
1529895000,0.3682,45.7,0.4204,85.3,0.00131,0.3382,0.3862,0.2756
1529895300,0.3824,42.9,0.414,87.4,0.00106,0.3488,0.3776,0.2736
1529895600,0.3422,37.2,0.4133,82.3,0.00218,0.3242,0.3916,0.2842
1529895900,0.3598,36.4,0.4182,88.8,0.00243,0.3338,0.3879,0.2783
1529896200,0.3509,40.8,0.4204,85.6,0.00186,0.3275,0.3924,0.28
1529896500,0.3182,36.9,0.4182,84.2,0.00243,0.307,0.4035,0.2895
1529896800,0.3274,42.6,0.4209,82.6,0.00215,0.3123,0.4015,0.2862
1529897100,0.3897,41.2,0.4214,79.3,0.00159,0.3507,0.3793,0.27
1529897400,0.3509,37.1,0.4233,85.3,0.00214,0.3267,0.3941,0.2793
1529897700,0.3209,40.2,0.4237,82.5,0.00284,0.3072,0.4056,0.2872
1529898000,0.3254,40.6,0.4147,84.0,0.00193,0.3129,0.3987,0.2884
1529898300,0.3141,37.5,0.4133,77.8,0.00127,0.3057,0.4023,0.292
1529898600,0.2948,37.7,0.4124,72.3,0.00171,0.2927,0.4095,0.2979
1529898900,0.3263,37.7,0.4094,86.4,0.00176,0.3151,0.3953,0.2897
1529899200,0.2911,36.1,0.4068,77.5,0.00157,0.2917,0.4077,0.3006
1529899500,0.2759,37.8,0.405,78.6,0.0014,0.2813,0.4129,0.3058
1529899800,0.3109,38.6,0.4064,79.4,0.00161,0.3056,0.3995,0.2949
1529900100,0.3008,35.5,0.4098,80.0,0.00353,0.2976,0.4055,0.2969
1529900400,0.2779,38.5,0.4108,75.1,0.00104,0.2811,0.4155,0.3034
1529900700,0.3261,30.7,0.4105,76.8,0.00116,0.3146,0.396,0.2894
1529901000,0.3254,43.9,0.4126,85.4,0.00171,0.3135,0.3975,0.289
1529901300,0.4015,38.0,0.4162,86.5,0.00124,0.3592,0.3724,0.2684
1529901600,0.3472,37.4,0.4124,85.7,0.0012,0.3277,0.3892,0.2831
1529901900,0.3701,40.8,0.4116,89.5,0.00102,0.3421,0.3805,0.2773
1529902200,0.3826,41.3,0.4074,84.7,0.00138,0.351,0.3738,0.2752
1529902500,0.4244,47.7,0.4069,85.2,0.00276,0.3751,0.3597,0.2652
1529902800,0.3292,34.9,0.4045,97.5,0.0016,0.3185,0.3913,0.2902
1529903100,0.3204,38.2,0.4011,78.9,0.00104,0.3137,0.3927,0.2937
1529903400,0.3468,37.5,0.3997,88.4,0.00165,0.3314,0.3819,0.2867
1529903700,0.3547,40.7,0.403,97.1,0.00129,0.3354,0.381,0.2836
1529904000,0.3063,36.2,0.4048,85.4,0.00157,0.3029,0.4004,0.2967
1529904300,0.4026,43.5,0.4041,88.5,0.00153,0.3638,0.3651,0.2711
1529904600,0.3669,39.0,0.4054,86.3,0.00246,0.3422,0.3781,0.2798
1529904900,0.3638,38.9,0.4053,81.4,0.0011,0.3403,0.3791,0.2806
1529905200,0.3523,40.5,0.404,90.5,0.00143,0.3335,0.3825,0.284
1529905500,0.3301,40.9,0.3979,86.4,0.00286,0.3211,0.3871,0.2918
1529905800,0.3008,34.3,0.398,77.0,0.00147,0.3012,0.3985,0.3004
1529906100,0.3436,36.4,0.3998,78.1,0.00145,0.3293,0.3832,0.2875
1529906400,0.2953,37.5,0.4005,71.6,0.00236,0.2965,0.4022,0.3013
1529906700,0.2274,30.8,0.3959,78.7,0.00222,0.2463,0.4288,0.3249
1529907000,0.2603,35.7,0.3962,76.8,0.0023,0.2721,0.4142,0.3136
1529907300,0.2606,30.5,0.3956,77.3,0.00288,0.2725,0.4137,0.3137
1529907600,0.207,24.2,0.3917,65.8,0.00129,0.2303,0.4359,0.3338
1529907900,0.2811,33.1,0.3929,69.3,0.00158,0.2886,0.4034,0.308
1529908200,0.2482,30.1,0.3857,80.6,0.00196,0.2658,0.413,0.3212
1529908500,0.2312,30.9,0.3891,73.4,0.00186,0.2512,0.4228,0.326
1529908800,0.2481,30.5,0.3842,80.3,0.00161,0.2661,0.4121,0.3218
1529909100,0.2535,35.0,0.3812,73.0,0.00232,0.2712,0.4078,0.321
1529909400,0.2385,30.8,0.3829,72.4,0.00103,0.2588,0.4156,0.3256
1529909700,0.2667,34.1,0.3861,80.9,0.00245,0.2799,0.4052,0.3149
1529910000,0.2348,31.9,0.3872,77.9,0.00331,0.2547,0.42,0.3254
1529910300,0.2065,30.0,0.3876,75.4,0.00214,0.231,0.4335,0.3355
1529910600,0.2075,29.5,0.3836,69.0,0.00159,0.2329,0.4305,0.3367
1529910900,0.1904,29.9,0.3848,72.7,0.00231,0.2176,0.4397,0.3428
1529911200,0.1617,23.9,0.3829,72.8,0.00142,0.1915,0.4534,0.3552
1529911500,0.243,36.2,0.3834,73.7,0.00147,0.2623,0.4139,0.3238
1529911800,0.1875,27.4,0.3734,65.7,0.00223,0.2178,0.4337,0.3485
1529912100,0.1632,22.5,0.3752,74.4,0.00197,0.1947,0.4475,0.3578
1529912400,0.2279,31.5,0.3718,68.9,0.00191,0.2533,0.4132,0.3334
1529912700,0.1951,26.1,0.3715,73.3,0.00101,0.2251,0.4287,0.3462
1529913000,0.1757,29.3,0.3644,67.2,0.00119,0.2091,0.4338,0.3571
1529913300,0.2013,35.7,0.3656,59.1,0.00115,0.2322,0.4217,0.3461
1529913600,0.1743,24.8,0.3677,74.2,0.00104,0.207,0.4367,0.3563
1529913900,0.1588,27.1,0.367,49.3,0.00205,0.1923,0.4444,0.3633
1529914200,0.1527,20.4,0.3645,53.4,0.00129,0.1869,0.446,0.3671
1529914500,0.1546,27.2,0.3654,68.6,0.00228,0.1885,0.4456,0.3659
1529914800,0.1342,21.7,0.3688,66.6,0.00116,0.1671,0.4593,0.3736
1529915100,0.2306,29.3,0.3784,69.2,0.00118,0.2537,0.4163,0.33
1529915400,0.2296,27.8,0.3858,73.8,0.00108,0.2508,0.4215,0.3277
1529915700,0.2206,32.6,0.3945,56.9,0.00212,0.2411,0.4311,0.3278
1529916000,0.2516,35.6,0.3961,79.4,0.00189,0.2655,0.418,0.3166
1529916300,0.2274,31.0,0.3846,74.2,0.00245,0.2493,0.4217,0.3289
1529916600,0.1953,26.1,0.3864,69.3,0.00142,0.2215,0.4382,0.3403
1529916900,0.2079,34.3,0.3913,70.9,0.00103,0.2312,0.4352,0.3336
1529917200,0.2024,26.9,0.3974,73.2,0.00221,0.2249,0.4417,0.3334
1529917500,0.1896,21.8,0.405,68.8,0.00218,0.2119,0.4527,0.3353
1529917800,0.2064,30.8,0.4025,59.4,0.00152,0.2271,0.4428,0.3301
1529918100,0.1882,24.9,0.3974,82.0,0.00143,0.2125,0.4487,0.3388
1529918400,0.1666,29.6,0.3978,73.9,0.00194,0.1927,0.4602,0.3471
1529918700,0.2453,31.0,0.3971,66.8,0.00146,0.2603,0.4214,0.3183
1529919000,0.2325,33.1,0.4013,71.2,0.00128,0.249,0.4297,0.3213
1529919300,0.2161,34.3,0.4014,70.2,0.00118,0.2355,0.4375,0.327
1529919600,0.2047,25.7,0.3964,76.9,0.00186,0.2272,0.4399,0.3329
1529919900,0.2156,28.4,0.3942,58.6,0.00157,0.237,0.4333,0.3297
1529920200,0.2007,28.8,0.392,67.1,0.00127,0.2248,0.4391,0.3361
1529920500,0.2666,38.3,0.3927,66.1,0.00113,0.2779,0.4094,0.3127
1529920800,0.2401,29.8,0.3905,72.3,0.00161,0.258,0.4196,0.3224
1529921100,0.2452,30.4,0.3932,71.7,0.0015,0.2613,0.419,0.3197
1529921400,0.1868,29.5,0.3962,69.2,0.00121,0.2116,0.4487,0.3398
1529921700,0.2001,27.3,0.3997,66.4,0.00247,0.2224,0.4442,0.3334
1529922000,0.1978,29.3,0.3998,65.3,0.0028,0.2204,0.4454,0.3342
1529922300,0.2386,27.0,0.3995,77.6,0.00179,0.2543,0.4259,0.3198
1529922600,0.2069,36.1,0.4025,73.4,0.00222,0.2275,0.4426,0.3299
1529922900,0.2379,27.6,0.4086,77.1,0.00128,0.2513,0.4317,0.317
1529923200,0.2481,31.4,0.4077,73.7,0.00105,0.2596,0.4266,0.3139
1529923500,0.2714,33.9,0.4077,73.7,0.00137,0.2772,0.4164,0.3064
1529923800,0.2705,39.7,0.4045,76.3,0.00296,0.2774,0.4149,0.3077
1529924100,0.318,33.3,0.41,84.8,0.00118,0.3093,0.3988,0.2918
1529924400,0.3068,42.4,0.4019,67.6,0.00176,0.3042,0.3984,0.2974
1529924700,0.313,39.2,0.4022,83.7,0.00128,0.3083,0.3962,0.2955
1529925000,0.2555,34.1,0.4058,77.4,0.00123,0.2658,0.4221,0.3121
1529925300,0.236,28.6,0.4033,74.0,0.00102,0.2513,0.4294,0.3194
1529925600,0.2047,31.0,0.4137,69.6,0.00246,0.2229,0.4505,0.3267
1529925900,0.2659,31.4,0.4155,61.2,0.00209,0.2709,0.4234,0.3057
1529926200,0.2248,34.5,0.4154,69.8,0.00295,0.2391,0.4418,0.3191
1529926500,0.2382,28.8,0.4227,84.6,0.00122,0.2479,0.4399,0.3122
1529926800,0.2403,31.5,0.4224,74.1,0.00188,0.2496,0.4388,0.3116
1529927100,0.2408,30.2,0.4191,72.2,0.00144,0.2509,0.4366,0.3125
1529927400,0.2178,27.3,0.4104,71.9,0.00219,0.2346,0.4421,0.3232
1529927700,0.2484,34.6,0.4097,77.0,0.00177,0.2593,0.4276,0.3131
1529928000,0.2424,33.6,0.4082,78.2,0.00159,0.255,0.4294,0.3156
1529928300,0.2286,34.6,0.4076,71.5,0.00406,0.2442,0.4354,0.3204
1529928600,0.2446,26.8,0.415,77.0,0.00346,0.2549,0.4325,0.3126
1529928900,0.204,32.5,0.4142,80.5,0.00157,0.2222,0.4511,0.3267
1529929200,0.156,33.4,0.4092,71.6,0.00158,0.1803,0.473,0.3467
1529929500,0.2454,30.8,0.4081,88.6,0.00267,0.2574,0.428,0.3146
1529929800,0.1996,34.7,0.4083,66.0,0.00221,0.2198,0.4497,0.3304
1529930100,0.2091,28.8,0.4074,81.0,0.00214,0.2282,0.4445,0.3273
1529930400,0.217,26.1,0.4078,67.0,0.00159,0.2346,0.441,0.3244
1529930700,0.241,31.0,0.4063,76.2,0.00232,0.2544,0.4289,0.3167
1529931000,0.2387,34.9,0.4075,78.3,0.00271,0.2523,0.4307,0.3171
1529931300,0.2612,30.8,0.407,73.1,0.00192,0.2698,0.4204,0.3099
1529931600,0.2198,28.6,0.404,72.5,0.00192,0.2379,0.4373,0.3247
1529931900,0.2099,31.5,0.4011,76.5,0.00137,0.2304,0.4403,0.3293
1529932200,0.2394,31.8,0.4041,69.7,0.0016,0.2537,0.4283,0.318
1529932500,0.2409,33.6,0.4056,84.1,0.00223,0.2545,0.4285,0.317
1529932800,0.1916,29.1,0.4031,60.9,0.00111,0.2141,0.4505,0.3353
1529933100,0.3377,40.1,0.4062,95.4,0.00193,0.3235,0.3891,0.2874
1529933400,0.2621,32.1,0.4093,82.2,0.00239,0.2698,0.4214,0.3088
1529933700,0.2705,34.6,0.4105,76.5,0.00141,0.2757,0.4185,0.3058
1529934000,0.3054,33.6,0.4113,78.1,0.00216,0.3004,0.4045,0.2951
1529934300,0.2871,39.0,0.4111,75.7,0.00138,0.2876,0.4118,0.3005
1529934600,0.2547,30.9,0.4078,74.7,0.00121,0.2646,0.4237,0.3117
1529934900,0.278,37.8,0.4088,77.5,0.00214,0.2817,0.4143,0.304
1529935200,0.2617,32.6,0.4074,83.7,0.00101,0.27,0.4204,0.3096
1529935500,0.237,32.2,0.4053,85.5,0.00176,0.2515,0.4301,0.3184
1529935800,0.2563,31.5,0.3993,76.8,0.00179,0.2682,0.4179,0.3139
1529936100,0.2414,28.9,0.4002,69.1,0.00155,0.2564,0.425,0.3186
1529936400,0.2365,26.3,0.4034,70.4,0.00162,0.2516,0.4292,0.3192
1529936700,0.3359,35.3,0.4062,82.5,0.00165,0.3223,0.3898,0.2879
1529937000,0.2838,33.9,0.4136,72.2,0.0018,0.2845,0.4147,0.3008
1529937300,0.2587,33.7,0.4139,68.8,0.00181,0.266,0.4256,0.3085
1529937600,0.2733,37.2,0.4103,89.9,0.00117,0.2779,0.4171,0.305
1529937900,0.2764,33.0,0.4079,79.5,0.00143,0.2808,0.4144,0.3048
1529938200,0.2706,31.3,0.4027,72.1,0.00217,0.278,0.4137,0.3082
1529938500,0.2814,30.4,0.4063,83.0,0.00136,0.2849,0.4114,0.3037
1529938800,0.2537,34.2,0.4038,68.3,0.00175,0.265,0.4217,0.3133
1529939100,0.2681,37.9,0.4062,70.2,0.00114,0.2752,0.4169,0.3079
1529939400,0.2923,39.3,0.4087,74.4,0.00205,0.292,0.4083,0.2997
1529939700,0.2623,35.5,0.4128,86.2,0.00261,0.269,0.4233,0.3077
1529940000,0.2233,32.5,0.4099,70.8,0.00112,0.2393,0.4392,0.3215
1529940300,0.296,40.8,0.4144,64.9,0.00171,0.293,0.4101,0.2969
1529940600,0.2936,36.5,0.4302,86.6,0.00239,0.2868,0.4202,0.293
1529940900,0.2923,37.4,0.4408,77.4,0.00229,0.2829,0.4267,0.2904
1529941200,0.3144,36.0,0.4409,70.3,0.00137,0.2979,0.4178,0.2843
1529941500,0.3247,33.6,0.4416,80.6,0.00293,0.3045,0.4141,0.2813
1529941800,0.3017,34.1,0.4404,83.3,0.00158,0.2895,0.4226,0.2879
1529942100,0.3061,36.4,0.4346,83.0,0.00245,0.2941,0.4176,0.2883
1529942400,0.2374,31.8,0.4298,84.5,0.00113,0.2455,0.4444,0.3102
1529942700,0.2304,36.9,0.4264,67.9,0.00218,0.2408,0.4457,0.3135
1529943000,0.2378,31.9,0.4287,74.1,0.00147,0.246,0.4436,0.3104
1529943300,0.2513,36.1,0.4317,70.9,0.00228,0.2556,0.4392,0.3052
1529943600,0.2147,28.7,0.4351,62.2,0.00186,0.226,0.4581,0.3159
1529943900,0.2797,33.6,0.4329,83.3,0.00189,0.2762,0.4275,0.2963
1529944200,0.2113,25.8,0.4295,73.9,0.0029,0.2246,0.4565,0.3189
1529944500,0.2494,30.2,0.4312,76.6,0.00251,0.2543,0.4397,0.3059
1529944800,0.2413,33.5,0.4283,76.7,0.00121,0.2489,0.4417,0.3094
1529945100,0.2459,32.2,0.4248,70.5,0.00169,0.2533,0.4376,0.3091
1529945400,0.2232,33.5,0.4252,66.3,0.00122,0.2353,0.4483,0.3163
1529945700,0.2609,33.8,0.4251,76.3,0.00184,0.2646,0.4311,0.3043
1529946000,0.2449,31.1,0.427,81.5,0.00367,0.252,0.4393,0.3087
1529946300,0.2323,37.7,0.4208,82.9,0.00396,0.2437,0.4415,0.3148
1529946600,0.2216,30.2,0.4176,76.9,0.00119,0.2359,0.4446,0.3194
1529946900,0.2241,34.2,0.4186,72.6,0.00159,0.2377,0.444,0.3182
1529947200,0.213,28.7,0.4242,72.9,0.00293,0.2273,0.4526,0.3201
1529947500,0.2858,37.1,0.427,78.6,0.00249,0.2822,0.4216,0.2962
1529947800,0.2509,35.3,0.4278,68.9,0.00265,0.2564,0.4371,0.3065
1529948100,0.2632,34.0,0.4288,76.5,0.0025,0.2653,0.4323,0.3024
1529948400,0.2998,28.9,0.4262,72.0,0.00175,0.2922,0.4154,0.2924
1529948700,0.2833,34.9,0.4256,77.6,0.00212,0.2808,0.4218,0.2974
1529949000,0.2417,35.6,0.423,84.0,0.00251,0.2505,0.4385,0.311
1529949300,0.2687,35.4,0.4244,81.8,0.00145,0.2706,0.4273,0.3021
1529949600,0.2578,34.4,0.4235,70.2,0.00165,0.2627,0.4316,0.3057
1529949900,0.2458,27.0,0.423,74.1,0.00145,0.2537,0.4366,0.3097
1529950200,0.2446,30.0,0.4187,69.5,0.00251,0.2539,0.4347,0.3114
1529950500,0.2231,31.9,0.4187,71.9,0.0022,0.2369,0.4446,0.3185
1529950800,0.2359,32.7,0.422,79.8,0.00151,0.2463,0.4405,0.3132
1529951100,0.2724,37.7,0.4226,81.2,0.00164,0.2738,0.4247,0.3015
1529951400,0.2212,30.0,0.4231,87.0,0.00238,0.2342,0.4481,0.3177
1529951700,0.2431,33.2,0.4239,81.5,0.00118,0.2514,0.4384,0.3102
1529952000,0.2662,33.7,0.4227,77.8,0.00118,0.2692,0.4274,0.3034
1529952300,0.3088,33.7,0.425,84.9,0.00179,0.2987,0.4111,0.2902
1529952600,0.2836,28.1,0.4205,77.1,0.00167,0.2824,0.4188,0.2988
1529952900,0.3182,38.6,0.4147,75.1,0.00201,0.3081,0.4015,0.2904
1529953200,0.2976,36.4,0.4138,87.6,0.00245,0.2942,0.4091,0.2966
1529953500,0.2882,33.3,0.4173,84.9,0.00216,0.2866,0.415,0.2984
1529953800,0.2756,29.4,0.415,76.1,0.00209,0.2782,0.4189,0.3028
1529954100,0.2604,35.1,0.4141,77.7,0.00155,0.2672,0.4249,0.3079
1529954400,0.2582,32.3,0.416,83.3,0.00116,0.265,0.427,0.3079
1529954700,0.3154,38.7,0.4156,86.6,0.00123,0.3059,0.4031,0.291
1529955000,0.2772,40.0,0.4177,68.9,0.0012,0.2786,0.4198,0.3015
1529955300,0.2711,27.6,0.4194,78.6,0.00167,0.2737,0.4234,0.3029
1529955600,0.2921,33.3,0.4196,78.2,0.00139,0.2887,0.4147,0.2965
1529955900,0.2785,33.9,0.421,84.5,0.00178,0.2786,0.4212,0.3002
1529956200,0.2495,36.8,0.418,81.1,0.00146,0.2579,0.432,0.3101
1529956500,0.2885,30.3,0.4113,86.8,0.00226,0.2886,0.4114,0.3001
1529956800,0.2548,38.6,0.4067,68.8,0.00127,0.265,0.423,0.312
1529957100,0.2545,33.2,0.4064,70.7,0.00156,0.2649,0.4229,0.3122
1529957400,0.2645,33.2,0.4074,83.1,0.00211,0.2721,0.4192,0.3087
1529957700,0.2398,31.2,0.4076,70.4,0.00129,0.2531,0.4302,0.3167
1529958000,0.2142,28.7,0.4071,62.3,0.00118,0.2325,0.4419,0.3256
1529958300,0.287,38.2,0.4094,81.9,0.00125,0.288,0.4109,0.3011
1529958600,0.2447,28.9,0.4105,71.2,0.00206,0.2562,0.4298,0.3141
1529958900,0.2384,32.7,0.4115,84.6,0.00231,0.251,0.4332,0.3158
1529959200,0.2571,31.8,0.4087,77.5,0.00134,0.2662,0.4232,0.3106
1529959500,0.2644,31.2,0.409,77.4,0.00152,0.2716,0.4202,0.3082
1529959800,0.2503,40.3,0.4084,72.8,0.0011,0.2611,0.426,0.3129
1529960100,0.2737,35.4,0.4068,86.9,0.00177,0.2791,0.4149,0.306
1529960400,0.2303,33.0,0.4027,75.2,0.00149,0.2468,0.4316,0.3215
1529960700,0.2373,35.0,0.4055,71.3,0.00105,0.2517,0.4301,0.3182
1529961000,0.2526,28.4,0.4047,70.5,0.00315,0.2639,0.4228,0.3134
1529961300,0.2339,36.6,0.4025,72.9,0.00155,0.2498,0.4298,0.3204
1529961600,0.2112,22.3,0.4035,65.3,0.00245,0.2309,0.4411,0.328
1529961900,0.2988,33.6,0.4079,86.1,0.00235,0.2968,0.4052,0.298
1529962200,0.2607,31.9,0.4097,65.2,0.00181,0.2687,0.4222,0.3092
1529962500,0.2556,34.6,0.4117,74.7,0.00244,0.2642,0.4256,0.3101
1529962800,0.2589,33.8,0.4079,79.6,0.00291,0.2678,0.4219,0.3103
1529963100,0.2529,32.2,0.3943,77.3,0.00114,0.267,0.4163,0.3167
1529963400,0.2256,30.8,0.3937,68.3,0.00172,0.2454,0.4283,0.3263
1529963700,0.2573,30.1,0.3964,79.7,0.00125,0.2698,0.4156,0.3146
1529964000,0.2275,26.4,0.3993,67.4,0.00138,0.2455,0.4308,0.3237
1529964300,0.2194,32.5,0.3956,71.8,0.00114,0.2398,0.4323,0.3279
1529964600,0.2501,34.6,0.3942,78.9,0.00209,0.2649,0.4175,0.3177
1529964900,0.2277,35.7,0.3926,75.5,0.00337,0.2474,0.4266,0.326
1529965200,0.2054,27.0,0.3933,66.5,0.0015,0.2286,0.4376,0.3338
1529965500,0.3286,40.1,0.4024,90.0,0.00143,0.3187,0.3903,0.291
1529965800,0.2857,34.1,0.4175,79.1,0.00165,0.2848,0.4162,0.299
1529966100,0.3655,44.2,0.4234,91.0,0.00328,0.3357,0.3888,0.2755
1529966400,0.3742,44.3,0.4265,96.6,0.00192,0.34,0.3875,0.2726
1529966700,0.3009,36.7,0.4227,86.8,0.00245,0.294,0.413,0.2931
1529967000,0.2599,32.2,0.4188,82.7,0.00209,0.2656,0.4279,0.3065
1529967300,0.2948,38.5,0.4147,80.6,0.00161,0.292,0.4108,0.2972
1529967600,0.2772,36.3,0.4133,82.5,0.00151,0.2799,0.4173,0.3029
1529967900,0.2767,32.3,0.4227,79.0,0.00206,0.2769,0.423,0.3002
1529968200,0.286,31.0,0.4253,71.3,0.00109,0.2828,0.4205,0.2966
1529968500,0.2629,32.5,0.4267,78.1,0.00172,0.2657,0.4312,0.3032
1529968800,0.2089,34.2,0.4276,72.4,0.00199,0.2231,0.4566,0.3203
1529969100,0.3044,39.7,0.4223,83.9,0.0013,0.2965,0.4113,0.2922
1529969400,0.2627,30.1,0.4227,75.5,0.00157,0.2666,0.429,0.3044
1529969700,0.2544,29.3,0.4268,70.9,0.00185,0.2593,0.435,0.3057
1529970000,0.268,37.6,0.4239,80.7,0.00101,0.2702,0.4274,0.3024
1529970300,0.293,32.1,0.4247,71.4,0.00102,0.2879,0.4173,0.2948
1529970600,0.2795,36.1,0.425,86.7,0.00246,0.2782,0.4231,0.2987
1529970900,0.2681,31.9,0.4236,75.4,0.00107,0.2703,0.4271,0.3025
